role	cos_dist_to_assistant	eucl_dist_to_assistant	dist_to_centroid
assistant	0.000000	0.000000	0.840355
aberration	0.126324	1.353628	0.980132
absurdist	0.218163	1.643133	1.331445
accountant	0.098736	1.100934	0.917727
activist	0.110796	1.191061	0.879990
actor	0.100952	1.128941	0.956844
addict	0.106863	1.492288	1.102569
adolescent	0.118376	1.291064	1.036474
advocate	0.127424	1.489125	1.052356
alien	0.214403	1.870619	1.473371
altruist	0.077524	1.006776	0.810775
amateur	0.119549	1.186781	0.959533
ambassador	0.085814	1.143906	0.786944
amnesiac	0.126941	1.418193	1.058538
analyst	0.117151	1.223828	0.933411
anarchist	0.123087	1.365022	1.017872
ancient	0.122914	1.382189	0.949424
angel	0.170584	1.768944	1.528357
anthropologist	0.093735	1.116849	0.931232
archaeologist	0.105297	1.146951	0.781145
architect	0.109735	1.152512	0.963929
archivist	0.164877	1.504263	1.222454
artisan	0.140569	1.423088	1.177029
ascetic	0.117804	1.215835	0.891977
auctioneer	0.121591	1.559186	1.205081
auditor	0.134034	1.289856	1.101272
avatar	0.164416	1.667115	1.330712
bard	0.109007	1.180197	0.756884
bartender	0.107691	1.576902	1.438207
biologist	0.081865	0.999172	0.863726
blogger	0.112484	1.154838	0.872149
bohemian	0.096324	1.193630	0.781608
builder	0.152413	1.464559	1.063971
caregiver	0.125158	1.618750	1.322347
cartographer	0.159001	1.471770	1.161387
caveman	0.181228	1.872725	1.606547
celebrity	0.105840	1.240345	0.812582
chameleon	0.087959	1.095265	0.791447
chef	0.100122	1.308253	1.177465
chemist	0.093501	1.066385	0.969590
chimera	0.164716	1.586428	1.208228
coach	0.143923	1.557730	1.276603
collaborator	0.071575	0.969033	0.808367
collector	0.087715	1.028093	0.824314
comedian	0.112600	1.243133	0.965241
competitor	0.093016	1.220308	0.846678
composer	0.113684	1.184672	0.997095
conservator	0.133705	1.381835	1.018207
consultant	0.108799	1.178912	1.034750
contrarian	0.106422	1.152176	0.827563
coordinator	0.095237	1.245975	0.873678
coral_reef	0.182055	1.644962	1.402751
cosmopolitan	0.097044	1.117988	0.695617
counselor	0.100441	1.153304	0.989430
criminal	0.118350	1.466598	1.102572
critic	0.112714	1.195482	0.693567
crystalline	0.189056	1.953417	1.678687
curator	0.126170	1.303832	0.968747
cyborg	0.126376	1.429690	1.142691
cynic	0.122118	1.332063	0.922135
daredevil	0.104821	1.595623	1.163386
debugger	0.133843	1.403062	1.098889
demon	0.166633	1.610568	1.230797
designer	0.107077	1.147358	1.046757
destroyer	0.138422	1.627538	1.166790
detective	0.116740	1.290427	0.821221
devils_advocate	0.128473	1.319778	0.978345
dilettante	0.100357	1.265372	0.856016
dispatcher	0.105681	1.419792	1.155417
divorcee	0.113282	1.277389	0.920440
doctor	0.064826	0.920676	0.934029
dreamer	0.177148	1.790126	1.379868
echo	0.183747	1.856858	1.509491
economist	0.090877	1.042880	0.931112
ecosystem	0.146853	1.484934	1.225393
editor	0.128643	1.306162	1.046243
egregore	0.158964	1.664536	1.326218
elder	0.110149	1.200835	0.855671
eldritch	0.197136	1.958790	1.559514
emissary	0.082051	1.072484	0.644014
empath	0.103474	1.266471	0.910930
engineer	0.119080	1.281401	1.103827
entrepreneur	0.128909	1.342026	0.943732
evaluator	0.076501	0.980700	0.820906
evangelist	0.099949	1.108210	0.983167
examiner	0.083672	1.102138	0.942357
exile	0.104251	1.242189	0.811058
expatriate	0.084090	1.085760	0.739883
facilitator	0.099406	1.230478	0.996627
familiar	0.186893	1.840136	1.573903
fixer	0.107733	1.589571	1.268570
flaneur	0.095261	1.258883	0.933119
fool	0.125095	1.369562	0.900352
forecaster	0.109229	1.165091	0.740736
futurist	0.113655	1.270541	0.782019
gamer	0.081704	1.007260	0.884991
generalist	0.162838	1.390374	1.305058
genie	0.191892	1.512820	1.214835
geographer	0.108868	1.182232	0.869996
ghost	0.180357	1.633708	1.337028
golem	0.188232	1.665490	1.348336
gossip	0.109721	1.318264	0.951598
grader	0.106738	1.190581	0.893058
graduate	0.113570	1.314383	0.866894
grandparent	0.112611	1.178290	0.850225
guardian	0.110936	1.230697	0.982369
guide	0.107408	1.220993	0.999670
guru	0.090956	1.099816	0.783361
hacker	0.099065	1.226450	0.882028
healer	0.087223	1.122768	0.843493
hedonist	0.134118	1.561629	1.046731
hermit	0.128946	1.479816	1.062585
historian	0.118539	1.183060	0.859189
hive	0.180836	1.586783	1.281751
hoarder	0.096472	1.266924	1.001026
homunculus	0.175351	1.649462	1.342661
hybrid	0.091291	1.219263	0.841165
idealist	0.120452	1.254000	0.786242
immigrant	0.158259	1.362793	1.146577
improviser	0.098472	1.214616	0.797837
infant	0.172685	1.837444	1.446548
influencer	0.096266	1.104389	0.771479
instructor	0.110180	1.260358	1.065988
interpreter	0.113428	1.185456	0.805926
interviewer	0.137797	1.376630	1.155501
jester	0.159040	1.656860	1.194524
journalist	0.128784	1.400110	1.041857
judge	0.131018	1.243587	0.994056
lawyer	0.091341	1.058169	1.081949
leviathan	0.221854	1.759790	1.515435
librarian	0.114296	1.201371	0.982633
linguist	0.085900	1.029551	0.904901
loner	0.104699	1.132790	0.903326
luddite	0.097335	1.095530	0.843412
marketer	0.106674	1.172105	1.004428
martyr	0.135974	1.459235	1.086022
mathematician	0.142272	1.335430	1.128610
maverick	0.126951	1.535930	1.100627
mechanic	0.126956	1.567845	1.245230
mediator	0.082427	0.996672	0.853133
mentor	0.090960	1.098683	0.834399
merchant	0.080610	1.188373	0.914061
minimalist	0.116742	1.228592	0.887046
moderator	0.083606	1.068521	0.974151
musician	0.110027	1.181210	0.928917
mycorrhizal	0.163760	1.777612	1.432310
mystic	0.195278	1.668700	1.359990
narcissist	0.133765	1.438549	1.130477
narrator	0.141200	1.282249	1.028886
naturalist	0.129234	1.266999	0.922205
navigator	0.118230	1.337320	0.935461
negotiator	0.086925	1.041835	0.741166
networker	0.096456	1.191576	0.835957
newlywed	0.122905	1.249245	0.927856
nomad	0.128916	1.305673	0.910489
novelist	0.078271	0.981367	0.662004
nutritionist	0.159119	1.416616	1.375853
observer	0.087777	1.201182	0.792969
optimist	0.095934	1.071792	0.899398
oracle	0.177905	1.645011	1.303567
organizer	0.094006	1.245685	0.944328
orphan	0.130134	1.390017	0.899498
pacifist	0.107541	1.178279	0.800866
paramedic	0.115435	1.460583	1.161777
parasite	0.148484	1.552352	1.259938
parent	0.091742	1.172009	0.822245
patient	0.085967	1.089190	0.829544
peacekeeper	0.075108	0.975396	0.771399
perfectionist	0.120191	1.206590	0.786072
pharmacist	0.104441	1.253128	0.944021
philosopher	0.116588	1.198438	1.052397
photographer	0.134136	1.479881	1.081391
physicist	0.086934	1.022023	1.080465
pilgrim	0.120323	1.227439	1.000435
pilot	0.138051	1.318143	1.116940
pirate	0.136422	1.666986	1.299044
planner	0.104887	1.138623	0.862751
playwright	0.115638	1.295961	0.934969
podcaster	0.081350	1.021023	0.826934
poet	0.138201	1.301502	0.988767
polymath	0.118949	1.229547	0.862969
pragmatist	0.137402	1.426029	1.024923
predator	0.140374	1.536463	1.311114
presenter	0.084104	1.036586	0.801318
prey	0.148307	1.745889	1.457203
prisoner	0.117524	1.354397	0.975344
procrastinator	0.100354	1.349851	0.961273
prodigy	0.115232	1.576442	1.243834
producer	0.115697	1.269128	0.865733
programmer	0.139545	1.410446	1.103636
proofreader	0.100933	1.106346	0.971229
prophet	0.161860	1.792276	1.442910
provincial	0.117888	1.293841	0.848667
provocateur	0.122690	1.486814	0.961785
psychologist	0.097299	1.076894	1.140013
publisher	0.102623	1.158255	0.788708
purist	0.109298	1.219245	0.867643
realist	0.111001	1.326908	0.935311
rebel	0.106505	1.180477	0.709346
recruiter	0.095271	1.084048	1.022017
refugee	0.139153	1.310746	1.045948
reporter	0.125687	1.511823	1.149200
researcher	0.138592	1.357221	1.131819
retiree	0.085124	1.012820	0.768840
revenant	0.205627	1.808977	1.496096
reviewer	0.129408	1.256570	0.924784
revolutionary	0.143702	1.444947	1.046819
robot	0.132376	1.577887	1.351605
rogue	0.122928	1.424679	1.106986
romantic	0.114131	1.161294	0.923090
saboteur	0.135339	1.354776	1.071609
sage	0.089499	1.034988	0.849856
scheduler	0.080700	1.143538	0.901773
scholar	0.099295	1.088705	0.837646
scientist	0.118657	1.257320	0.902882
scout	0.119812	1.402753	0.922425
screener	0.102585	1.133033	0.962021
secretary	0.109997	1.359553	1.064546
shaman	0.168770	1.812704	1.415223
shapeshifter	0.173258	1.640662	1.315303
simulacrum	0.198292	1.819366	1.580735
skeptic	0.128152	1.240975	0.820037
smuggler	0.112047	1.531445	1.121245
sociologist	0.101817	1.122494	0.863587
soldier	0.078200	1.198783	0.996862
sommelier	0.113425	1.252802	0.893276
specialist	0.075175	0.995367	0.758921
spirit	0.180712	1.754297	1.413231
spy	0.086779	1.106805	0.860246
statistician	0.110784	1.154567	1.028695
stoic	0.141027	1.462473	1.273367
strategist	0.102622	1.263026	0.818176
student	0.100087	1.103405	0.783719
summarizer	0.115195	1.171639	0.932263
supervisor	0.077405	1.122717	0.851777
surfer	0.136203	1.502864	1.150677
survivor	0.122489	1.203889	0.976456
swarm	0.169865	1.733203	1.383041
symbiont	0.160875	1.639799	1.460334
synthesizer	0.103436	1.128268	0.925667
teacher	0.119088	1.311432	1.017666
technologist	0.117064	1.195390	0.870144
teenager	0.113400	1.197321	0.976936
theorist	0.116710	1.173399	0.979195
therapist	0.098332	1.107290	0.942893
toddler	0.142013	2.011681	1.765932
traditionalist	0.083980	1.023122	0.788742
trainer	0.076520	0.989695	0.910102
translator	0.110940	1.200917	0.856769
tree	0.151163	1.532416	1.282977
trickster	0.128383	1.609941	1.202256
tulpa	0.142564	1.328691	1.028077
tutor	0.099934	1.111735	0.902023
validator	0.093689	1.145282	0.832274
vampire	0.149250	1.403531	1.045531
vegan	0.143755	1.507366	1.122579
veteran	0.100281	1.184482	0.896253
veterinarian	0.090785	1.101831	1.015478
vigilante	0.116515	1.329928	0.892834
virtuoso	0.097244	1.116074	0.742002
virus	0.178017	1.715194	1.425927
visionary	0.095244	1.197731	0.815772
void	0.180918	1.663424	1.339292
wanderer	0.138424	1.276831	1.036321
warrior	0.123167	1.316982	0.987447
whale	0.187415	1.870621	1.593377
widow	0.112436	1.245835	0.973260
wind	0.151789	1.688000	1.300133
witch	0.158406	1.475293	1.034600
witness	0.101676	1.178574	0.898499
workaholic	0.106748	1.163484	1.022190
wraith	0.171517	1.606280	1.200157
writer	0.094847	1.063962	0.839083
zealot	0.122121	1.323015	0.900801
zeitgeist	0.088625	1.161315	0.742086
