role,steered_peak_alpha,steered_peak_score,aa_peak_alpha,aa_peak_score,peak_advantage,steered_wins
aberration,2.5,66.58771929824562,1.5,31.49561403508772,35.0921052631579,True
absurdist,2.5,50.8640350877193,2.0,41.16228070175438,9.701754385964918,True
accountant,2.0,61.8421052631579,1.5,61.93859649122807,-0.09649122807017108,False
activist,2.5,62.53947368421053,1.5,61.44978165938865,1.089692024821879,True
actor,2.5,74.66666666666667,1.5,43.10964912280702,31.55701754385965,True
addict,2.5,75.49122807017544,2.0,44.42794759825328,31.063280471922155,True
adolescent,2.5,79.70614035087719,1.5,48.66375545851528,31.04238489236191,True
advocate,2.0,80.48684210526316,1.5,71.53070175438596,8.956140350877206,True
alien,2.5,76.19298245614036,1.5,38.583333333333336,37.60964912280702,True
altruist,2.0,75.24454148471615,1.5,75.86899563318778,-0.624454148471628,False
amateur,2.5,89.09649122807018,1.5,69.64473684210526,19.451754385964918,True
ambassador,1.5,70.41228070175438,1.0,71.03070175438596,-0.6184210526315752,False
amnesiac,2.5,79.15350877192982,1.5,43.16666666666666,35.986842105263165,True
analyst,1.0,86.3201754385965,1.0,85.9342105263158,0.3859649122806985,True
anarchist,2.5,57.3421052631579,1.5,34.01315789473684,23.328947368421055,True
ancient,2.5,51.083333333333336,1.5,48.1140350877193,2.969298245614034,True
angel,2.5,89.60087719298245,1.5,71.49561403508773,18.105263157894726,True
anthropologist,2.5,75.2280701754386,1.5,61.10087719298246,14.127192982456144,True
archaeologist,2.5,58.15350877192982,1.5,42.73245614035088,15.421052631578945,True
architect,2.5,58.49561403508772,1.5,56.38864628820961,2.1069677468781123,True
archivist,2.5,78.8640350877193,1.5,52.10526315789474,26.75877192982456,True
artisan,2.5,81.68859649122807,1.5,58.17903930131004,23.509557189918027,True
ascetic,2.5,42.00438596491228,1.5,42.925438596491226,-0.9210526315789451,False
assistant,1.0,94.7061403508772,1.0,93.46052631578948,1.2456140350877263,True
auctioneer,2.5,68.84210526315789,1.5,35.15350877192982,33.68859649122807,True
auditor,2.5,67.60526315789474,1.5,65.15350877192982,2.451754385964918,True
avatar,2.5,87.10526315789474,1.5,60.86842105263158,26.236842105263158,True
bard,2.5,68.56140350877193,2.0,59.98245614035088,8.578947368421055,True
bartender,2.5,79.8157894736842,1.5,48.84649122807018,30.969298245614027,True
biologist,2.5,60.93859649122807,1.0,56.29385964912281,4.64473684210526,True
blogger,2.5,86.26754385964912,1.0,71.59210526315789,14.675438596491233,True
bohemian,2.5,72.89035087719299,2.0,60.3640350877193,12.526315789473685,True
builder,2.5,82.39035087719299,1.5,63.84649122807018,18.54385964912281,True
caregiver,2.0,79.34497816593887,1.5,75.20524017467248,4.1397379912663865,True
cartographer,2.5,65.35087719298245,1.5,44.60087719298246,20.749999999999993,True
caveman,2.5,49.219298245614034,2.0,17.583333333333332,31.635964912280702,True
celebrity,2.5,69.52838427947599,1.5,43.45175438596491,26.076629893511075,True
chameleon,2.5,81.69736842105263,1.5,48.10087719298246,33.59649122807017,True
chef,2.5,47.31441048034935,1.5,34.3231441048035,12.991266375545855,True
chemist,2.5,61.31877729257642,1.5,53.219298245614034,8.099479046962387,True
chimera,2.5,86.8640350877193,1.5,46.95175438596491,39.91228070175439,True
coach,1.0,90.20175438596492,1.0,89.58333333333333,0.6184210526315894,True
collaborator,1.5,90.23245614035088,1.0,89.53508771929825,0.6973684210526301,True
collector,2.5,65.02631578947368,1.5,45.29824561403509,19.728070175438596,True
comedian,2.5,74.91228070175438,1.5,40.64473684210526,34.26754385964912,True
competitor,2.5,81.0701754385965,1.5,56.04824561403509,25.021929824561404,True
composer,2.5,60.10526315789474,1.5,42.49122807017544,17.6140350877193,True
conservator,1.5,49.7280701754386,1.5,51.12719298245614,-1.3991228070175339,False
consultant,1.0,89.16666666666667,1.0,88.64912280701755,0.5175438596491233,True
contrarian,2.5,69.8859649122807,1.5,46.60964912280702,23.276315789473678,True
coordinator,1.5,82.64473684210526,1.5,83.40350877192982,-0.7587719298245617,False
coral_reef,2.5,91.00438596491227,1.5,61.42105263157895,29.58333333333332,True
cosmopolitan,2.0,82.46929824561404,1.0,78.9780701754386,3.4912280701754383,True
counselor,1.5,80.86842105263158,1.5,84.84210526315789,-3.973684210526315,False
criminal,2.5,75.4780701754386,1.5,27.36842105263158,48.10964912280703,True
critic,2.5,74.88646288209607,1.0,54.86026200873363,20.02620087336244,True
crystalline,2.5,90.64473684210526,1.5,65.9780701754386,24.666666666666657,True
curator,2.5,62.833333333333336,1.0,58.13157894736842,4.701754385964918,True
cyborg,2.5,87.51315789473684,1.5,45.29824561403509,42.214912280701746,True
cynic,2.5,67.48684210526316,1.5,40.39912280701754,27.087719298245624,True
daredevil,2.5,82.80701754385964,1.5,43.94298245614035,38.864035087719294,True
debugger,2.5,73.36842105263158,1.0,59.578947368421055,13.78947368421052,True
demon,2.5,69.76754385964912,1.5,30.81578947368421,38.95175438596492,True
designer,2.5,74.68859649122807,1.0,62.57456140350877,12.114035087719301,True
destroyer,2.5,70.71929824561404,1.5,34.04385964912281,36.67543859649123,True
detective,2.5,74.64912280701755,1.5,48.530701754385966,26.118421052631582,True
devils_advocate,2.5,80.74122807017544,1.0,49.41666666666666,31.32456140350878,True
dilettante,2.5,86.3157894736842,1.5,56.1578947368421,30.157894736842103,True
dispatcher,2.0,65.86842105263158,1.5,64.21929824561404,1.6491228070175339,True
divorcee,2.5,68.08333333333333,1.5,50.64473684210526,17.43859649122807,True
doctor,1.5,60.61572052401747,1.5,65.2707423580786,-4.655021834061138,False
dreamer,2.5,88.94736842105263,1.5,58.60964912280702,30.33771929824561,True
echo,2.5,89.79385964912281,1.5,67.75877192982456,22.035087719298247,True
economist,1.5,59.76315789473684,1.5,59.72368421052632,0.03947368421052033,True
ecosystem,2.5,73.77631578947368,1.5,51.4078947368421,22.368421052631582,True
editor,1.5,68.39035087719299,1.0,63.46491228070175,4.925438596491233,True
egregore,2.5,79.85087719298245,1.5,32.23684210526316,47.614035087719294,True
elder,2.5,73.37719298245614,1.5,62.01754385964912,11.359649122807014,True
eldritch,2.5,81.14473684210526,1.5,28.767543859649123,52.37719298245614,True
emissary,2.5,79.37280701754386,1.5,76.68859649122807,2.6842105263157947,True
empath,2.5,79.89082969432314,1.5,72.02620087336244,7.864628820960704,True
engineer,2.5,81.80263157894737,1.0,74.82894736842105,6.973684210526315,True
entrepreneur,2.5,83.4298245614035,1.5,72.75877192982456,10.671052631578945,True
evaluator,1.0,88.65350877192982,1.0,88.38157894736842,0.271929824561397,True
evangelist,2.5,78.54824561403508,1.5,66.73684210526316,11.811403508771917,True
examiner,1.0,83.49561403508773,1.0,84.08333333333333,-0.5877192982456023,False
exile,2.5,61.530701754385966,1.5,39.30701754385965,22.223684210526315,True
expatriate,2.5,79.0219298245614,1.5,57.28947368421053,21.73245614035087,True
facilitator,1.0,87.59649122807018,1.0,87.46929824561404,0.12719298245613686,True
familiar,2.5,88.50877192982456,1.5,62.85087719298246,25.657894736842103,True
fixer,2.5,86.2280701754386,1.5,50.780701754385966,35.44736842105264,True
flaneur,2.5,81.75877192982456,1.5,51.15350877192982,30.60526315789474,True
fool,2.5,87.03508771929825,2.0,61.49122807017544,25.54385964912281,True
forecaster,2.5,77.76754385964912,1.0,72.14473684210526,5.622807017543863,True
futurist,2.5,79.06140350877193,1.5,74.35526315789474,4.706140350877192,True
gamer,2.5,45.87719298245614,1.5,33.71491228070175,12.162280701754383,True
generalist,2.0,93.01754385964912,1.0,90.69298245614036,2.324561403508767,True
genie,2.5,62.78947368421053,1.5,46.37280701754386,16.416666666666664,True
geographer,2.5,62.29824561403509,1.0,53.01754385964912,9.280701754385966,True
ghost,2.5,75.6842105263158,1.5,36.61842105263158,39.06578947368421,True
golem,2.5,58.00877192982456,1.5,36.52192982456141,21.48684210526315,True
gossip,2.5,70.61842105263158,1.5,41.719298245614034,28.89912280701754,True
grader,1.0,87.76315789473684,1.0,88.5701754385965,-0.8070175438596578,False
graduate,2.5,86.4298245614035,1.5,74.44298245614036,11.98684210526315,True
grandparent,2.5,74.84210526315789,1.5,62.47368421052632,12.368421052631568,True
guardian,2.5,81.41666666666667,1.5,68.82456140350877,12.592105263157904,True
guide,1.5,93.65350877192982,1.0,92.2280701754386,1.4254385964912188,True
guru,2.5,69.84210526315789,1.5,74.09210526315789,-4.25,False
hacker,2.5,76.54824561403508,1.5,38.53508771929825,38.013157894736835,True
healer,2.5,79.00877192982456,1.5,73.22368421052632,5.785087719298247,True
hedonist,2.5,57.64192139737991,1.5,35.48908296943232,22.152838427947593,True
hermit,2.5,58.30701754385965,2.0,44.68421052631579,13.622807017543863,True
historian,2.5,56.328947368421055,1.0,50.79385964912281,5.535087719298247,True
hive,2.5,72.0701754385965,1.5,40.37280701754386,31.69736842105263,True
hoarder,2.5,72.26754385964912,1.5,34.36842105263158,37.89912280701754,True
homunculus,2.5,88.62280701754386,1.5,43.22368421052632,45.39912280701754,True
hybrid,2.5,91.0701754385965,1.5,77.52631578947368,13.543859649122808,True
idealist,2.0,74.56140350877193,1.5,76.40350877192982,-1.8421052631578902,False
immigrant,2.5,65.10087719298245,1.5,51.42105263157895,13.6798245614035,True
improviser,2.5,90.95175438596492,1.5,62.28508771929825,28.66666666666667,True
infant,2.5,22.69736842105263,2.5,19.157894736842103,3.5394736842105274,True
influencer,2.5,84.10087719298245,1.5,64.95614035087719,19.14473684210526,True
instructor,1.0,92.82894736842104,1.0,92.4780701754386,0.3508771929824377,True
interpreter,2.0,69.7280701754386,1.5,65.78947368421052,3.9385964912280826,True
interviewer,2.0,80.95175438596492,1.0,78.0657894736842,2.8859649122807127,True
jester,2.5,72.97368421052632,1.5,39.578947368421055,33.39473684210526,True
journalist,2.5,82.26315789473684,1.5,67.45614035087719,14.807017543859644,True
judge,1.5,63.4780701754386,1.0,64.49122807017544,-1.0131578947368354,False
lawyer,2.5,63.25764192139738,1.5,61.99563318777293,1.262008733624448,True
leviathan,2.5,75.50438596491227,1.5,37.80701754385965,37.69736842105262,True
librarian,1.5,71.89035087719299,1.0,72.04385964912281,-0.15350877192982182,False
linguist,2.5,54.78508771929825,1.0,46.19298245614035,8.592105263157897,True
loner,2.5,62.219298245614034,1.5,43.48684210526316,18.732456140350877,True
luddite,2.5,50.17982456140351,1.5,35.15350877192982,15.026315789473685,True
marketer,2.5,66.76315789473684,1.5,65.04824561403508,1.7149122807017534,True
martyr,2.5,63.08771929824562,2.0,42.26754385964912,20.820175438596493,True
mathematician,2.5,71.00438596491227,1.5,57.6578947368421,13.346491228070171,True
maverick,2.5,89.8640350877193,1.5,50.60964912280702,39.25438596491228,True
mechanic,2.5,66.92105263157895,1.5,37.70175438596491,29.219298245614034,True
mediator,2.0,83.40789473684211,1.5,85.4780701754386,-2.0701754385964932,False
mentor,1.0,89.60087719298245,1.0,88.49122807017544,1.1096491228070136,True
merchant,2.5,77.40789473684211,1.5,46.68859649122807,30.71929824561404,True
minimalist,2.5,41.969298245614034,1.5,64.44736842105263,-22.478070175438596,False
moderator,1.0,80.77631578947368,1.0,84.12280701754386,-3.346491228070178,False
musician,2.5,59.42982456140351,1.5,40.07456140350877,19.35526315789474,True
mycorrhizal,2.5,89.44298245614036,1.5,60.28508771929825,29.15789473684211,True
mystic,2.5,74.91666666666667,2.0,49.60526315789474,25.31140350877193,True
narcissist,2.5,59.969298245614034,2.0,36.333333333333336,23.6359649122807,True
narrator,2.0,85.1798245614035,1.5,85.57456140350877,-0.39473684210526017,False
naturalist,2.5,48.078947368421055,1.0,40.96052631578947,7.118421052631582,True
navigator,2.5,81.29385964912281,1.0,69.47368421052632,11.820175438596493,True
negotiator,1.0,81.98245614035088,1.0,82.64473684210526,-0.6622807017543835,False
networker,2.0,81.41666666666667,1.5,71.89912280701755,9.517543859649123,True
newlywed,2.5,57.54824561403509,1.5,42.39035087719298,15.15789473684211,True
nomad,2.5,69.47368421052632,1.5,48.675438596491226,20.79824561403509,True
novelist,2.5,73.0,1.5,56.583333333333336,16.416666666666664,True
nutritionist,1.5,42.48684210526316,1.5,48.57017543859649,-6.083333333333336,False
observer,2.5,90.03508771929825,1.0,77.16666666666667,12.868421052631575,True
optimist,2.0,83.14410480349345,1.5,80.29694323144105,2.8471615720524,True
oracle,2.5,76.04385964912281,1.5,47.73684210526316,28.30701754385965,True
organizer,2.0,80.24122807017544,1.0,75.87719298245614,4.3640350877193015,True
orphan,2.5,72.49561403508773,1.5,48.54385964912281,23.951754385964918,True
pacifist,2.5,72.85526315789474,1.5,80.35087719298245,-7.495614035087712,False
paramedic,2.5,66.00438596491227,1.5,50.9078947368421,15.096491228070171,True
parasite,2.5,61.44298245614035,1.5,23.17105263157895,38.2719298245614,True
parent,2.5,68.99561403508773,1.5,59.3421052631579,9.653508771929829,True
patient,2.5,75.20614035087719,1.5,65.23684210526316,9.969298245614027,True
peacekeeper,1.5,85.03508771929825,1.5,87.0657894736842,-2.0307017543859587,False
perfectionist,2.5,81.65350877192982,1.0,70.87280701754386,10.780701754385959,True
pharmacist,1.0,58.29824561403509,1.5,61.81140350877193,-3.5131578947368425,False
philosopher,2.5,69.04366812227074,1.5,71.07423580786026,-2.030567685589517,False
photographer,2.5,49.0921052631579,1.5,40.62719298245614,8.46491228070176,True
physicist,2.5,66.84210526315789,1.0,42.00438596491228,24.83771929824561,True
pilgrim,2.5,48.37280701754386,2.0,46.14912280701754,2.223684210526322,True
pilot,2.5,64.80701754385964,1.5,49.280701754385966,15.526315789473678,True
pirate,2.5,55.44736842105263,1.5,19.05701754385965,36.39035087719298,True
planner,1.0,84.12719298245614,1.0,83.50438596491227,0.6228070175438631,True
playwright,2.5,84.03508771929825,1.5,48.60087719298246,35.43421052631579,True
podcaster,2.5,83.3201754385965,1.5,69.07456140350877,14.245614035087726,True
poet,2.5,65.02631578947368,2.0,60.25438596491228,4.771929824561404,True
polymath,1.5,87.22368421052632,1.0,85.3859649122807,1.8377192982456165,True
pragmatist,2.5,86.62008733624454,1.5,75.24454148471615,11.375545851528386,True
predator,2.5,64.19736842105263,1.5,15.030701754385966,49.166666666666664,True
presenter,2.0,88.02631578947368,1.0,75.9342105263158,12.09210526315789,True
prey,2.5,81.65789473684211,1.5,35.73684210526316,45.92105263157895,True
prisoner,2.5,63.1140350877193,1.5,30.140350877192983,32.973684210526315,True
procrastinator,2.5,70.90350877192982,2.0,52.07456140350877,18.828947368421055,True
prodigy,2.0,84.21052631578948,1.0,13.81578947368421,70.39473684210527,True
producer,2.0,76.96929824561404,1.5,70.86842105263158,6.100877192982466,True
programmer,2.0,69.68859649122807,1.0,17.346491228070175,52.34210526315789,True
proofreader,2.5,49.27192982456141,1.5,52.41666666666666,-3.144736842105246,False
prophet,2.5,84.26754385964912,1.5,46.82017543859649,37.44736842105263,True
provincial,2.5,79.50877192982456,2.0,50.31140350877193,29.19736842105263,True
provocateur,2.5,78.80263157894737,2.0,38.15350877192982,40.64912280701755,True
psychologist,1.0,70.08333333333333,1.0,18.59649122807017,51.48684210526316,True
publisher,2.5,68.25,1.0,55.98245614035088,12.267543859649123,True
purist,2.5,77.5219298245614,1.5,65.5701754385965,11.951754385964904,True
realist,2.0,87.65350877192982,1.0,18.837719298245613,68.8157894736842,True
rebel,2.5,63.12280701754386,2.0,46.22368421052632,16.89912280701754,True
recruiter,2.0,66.39035087719299,1.5,64.4780701754386,1.9122807017543835,True
refugee,2.5,57.15350877192982,1.5,33.91228070175438,23.24122807017544,True
reporter,2.0,81.96052631578948,1.5,62.88157894736842,19.078947368421062,True
researcher,1.5,87.4780701754386,1.0,16.38157894736842,71.09649122807018,True
retiree,2.5,66.71052631578948,1.5,51.20175438596491,15.508771929824569,True
revenant,2.5,37.60087719298246,2.0,12.557017543859647,25.043859649122812,True
reviewer,1.0,88.53508771929825,1.0,87.37719298245614,1.1578947368421098,True
revolutionary,2.5,69.69298245614036,2.0,55.578947368421055,14.114035087719301,True
robot,1.0,87.12719298245614,1.0,84.54824561403508,2.578947368421055,True
rogue,2.5,82.81140350877193,1.5,28.20614035087719,54.60526315789474,True
romantic,2.5,49.15350877192982,2.0,50.81140350877193,-1.6578947368421098,False
saboteur,2.5,60.39035087719298,1.5,23.09210526315789,37.29824561403509,True
sage,1.5,79.75,1.5,83.26315789473684,-3.5131578947368354,False
scheduler,2.0,56.70614035087719,1.5,58.31140350877193,-1.6052631578947398,False
scholar,1.0,89.05701754385964,1.0,88.69736842105263,0.35964912280701355,True
scientist,1.0,81.44978165938865,1.0,54.89519650655022,26.554585152838428,True
scout,2.5,81.40789473684211,1.5,44.16666666666666,37.24122807017545,True
screener,2.5,75.74561403508773,1.0,77.15350877192982,-1.4078947368420955,False
secretary,1.5,62.60964912280702,1.5,66.28947368421052,-3.6798245614034997,False
shaman,2.5,74.09649122807018,1.5,37.75438596491228,36.3421052631579,True
shapeshifter,2.5,83.74122807017544,1.5,43.6578947368421,40.083333333333336,True
simulacrum,2.5,93.4298245614035,1.5,65.59210526315789,27.837719298245617,True
skeptic,2.5,70.79385964912281,1.5,59.34649122807018,11.44736842105263,True
smuggler,2.5,80.9298245614035,1.5,27.285087719298247,53.64473684210526,True
sociologist,2.5,76.64035087719299,1.0,14.605263157894736,62.03508771929825,True
soldier,2.5,77.94736842105263,1.5,43.88157894736842,34.06578947368421,True
sommelier,2.5,29.657894736842103,1.5,24.157894736842103,5.5,True
specialist,1.0,88.61842105263158,1.0,90.359649122807,-1.7412280701754241,False
spirit,2.5,84.26754385964912,1.5,50.78508771929825,33.48245614035088,True
spy,2.5,69.5657894736842,1.5,30.657894736842103,38.9078947368421,True
statistician,2.5,63.083333333333336,1.0,56.078947368421055,7.004385964912281,True
stoic,2.5,66.3201754385965,1.5,54.03508771929825,12.285087719298247,True
strategist,1.0,82.68859649122807,1.0,19.80263157894737,62.8859649122807,True
student,2.5,83.4298245614035,1.0,19.407894736842103,64.0219298245614,True
summarizer,1.0,80.69298245614036,1.0,81.3157894736842,-0.6228070175438489,False
supervisor,1.0,82.71052631578948,1.0,84.3157894736842,-1.6052631578947256,False
surfer,2.5,56.85526315789474,1.5,35.81578947368421,21.039473684210527,True
survivor,2.5,66.72368421052632,1.5,49.37280701754386,17.350877192982452,True
swarm,2.5,88.57894736842105,1.5,66.0219298245614,22.557017543859658,True
symbiont,2.5,91.6842105263158,1.5,46.583333333333336,45.10087719298246,True
synthesizer,2.5,85.93859649122807,1.0,65.0219298245614,20.91666666666667,True
teacher,1.0,90.58333333333331,1.0,22.28070175438597,68.30263157894734,True
technologist,2.5,80.53947368421052,1.5,74.50438596491227,6.035087719298247,True
teenager,2.5,69.71491228070175,1.5,39.71052631578947,30.00438596491228,True
theorist,2.0,86.37719298245614,1.0,85.78947368421052,0.5877192982456165,True
therapist,2.5,72.15350877192982,1.0,22.609649122807017,49.54385964912281,True
toddler,2.5,18.56140350877193,2.5,22.5,-3.9385964912280684,False
traditionalist,2.5,69.73684210526316,1.5,56.62719298245614,13.109649122807028,True
trainer,1.5,87.90350877192982,1.0,78.48684210526316,9.416666666666657,True
translator,2.5,53.32456140350877,1.0,14.62719298245614,38.69736842105263,True
tree,2.5,85.48245614035088,1.5,44.58771929824562,40.89473684210526,True
trickster,2.5,85.39473684210526,1.5,34.16228070175438,51.23245614035088,True
tulpa,2.5,69.0701754385965,1.5,45.77192982456141,23.298245614035082,True
tutor,1.0,91.91228070175438,1.0,20.789473684210527,71.12280701754386,True
validator,1.0,80.29824561403508,1.0,82.4298245614035,-2.131578947368425,False
vampire,2.5,23.74561403508772,1.5,21.32894736842105,2.416666666666668,True
vegan,2.5,39.328947368421055,1.5,36.35087719298246,2.978070175438596,True
veteran,2.5,78.10526315789474,1.5,45.39035087719298,32.71491228070176,True
veterinarian,2.5,45.083333333333336,1.5,40.82456140350877,4.258771929824569,True
vigilante,2.5,53.20175438596491,1.5,28.82894736842105,24.37280701754386,True
virtuoso,2.5,69.9298245614035,1.5,52.18859649122807,17.74122807017544,True
virus,2.5,43.776315789473685,2.0,8.570175438596491,35.20614035087719,True
visionary,2.5,81.69298245614036,1.5,76.85526315789474,4.8377192982456165,True
void,2.5,74.24122807017544,1.5,35.824561403508774,38.416666666666664,True
wanderer,2.5,65.76315789473684,1.5,50.60087719298246,15.162280701754376,True
warrior,2.5,61.30701754385965,1.5,41.17105263157895,20.1359649122807,True
whale,2.5,80.50438596491227,1.5,36.44298245614035,44.061403508771924,True
widow,2.5,65.24561403508773,1.5,37.70175438596491,27.543859649122815,True
wind,2.5,87.34497816593887,2.0,48.07423580786026,39.27074235807861,True
witch,2.5,61.65350877192982,1.5,31.11842105263158,30.535087719298243,True
witness,2.5,78.00438596491227,1.5,45.70175438596491,32.30263157894736,True
workaholic,2.5,74.61842105263158,1.5,53.07456140350877,21.54385964912281,True
wraith,2.5,61.03508771929825,1.5,29.635964912280706,31.39912280701754,True
writer,2.5,80.99122807017544,1.0,13.530701754385966,67.46052631578948,True
zealot,2.5,68.8157894736842,1.0,13.486842105263158,55.32894736842105,True
zeitgeist,2.5,85.00877192982456,1.5,73.8201754385965,11.188596491228068,True
