role,alpha,steered_score,aa_score
aberration,1.0,29.06578947368421,28.600877192982455
aberration,1.5,33.32017543859649,31.49561403508772
aberration,2.0,43.28508771929825,24.885964912280702
aberration,2.5,66.58771929824562,13.267543859649123
absurdist,1.0,29.54385964912281,30.81140350877193
absurdist,1.5,32.771929824561404,34.521929824561404
absurdist,2.0,38.728070175438596,41.16228070175438
absurdist,2.5,50.8640350877193,23.50438596491228
accountant,1.0,59.74561403508772,61.6140350877193
accountant,1.5,59.79824561403509,61.93859649122807
accountant,2.0,61.8421052631579,42.90350877192982
accountant,2.5,61.66228070175438,14.868421052631579
activist,1.0,53.109170305676855,56.60262008733624
activist,1.5,55.724890829694324,61.44978165938865
activist,2.0,59.73362445414847,53.23144104803494
activist,2.5,62.53947368421053,19.539473684210527
actor,1.0,45.574561403508774,40.64473684210526
actor,1.5,52.87719298245614,43.10964912280702
actor,2.0,64.57894736842105,30.99561403508772
actor,2.5,74.66666666666667,16.31578947368421
addict,1.0,38.31877729257642,37.620087336244545
addict,1.5,47.7117903930131,42.157205240174676
addict,2.0,63.786026200873366,44.427947598253276
addict,2.5,75.49122807017544,26.030701754385966
adolescent,1.0,38.62882096069869,43.60262008733624
adolescent,1.5,51.0174672489083,48.66375545851528
adolescent,2.0,65.96069868995633,43.76419213973799
adolescent,2.5,79.70614035087719,32.58771929824562
advocate,1.0,74.01315789473684,71.16228070175438
advocate,1.5,77.01315789473684,71.53070175438596
advocate,2.0,80.48684210526316,55.88157894736842
advocate,2.5,78.73245614035088,17.69736842105263
alien,1.0,37.50877192982456,36.56578947368421
alien,1.5,42.530701754385966,38.583333333333336
alien,2.0,53.73245614035088,30.92543859649123
alien,2.5,76.19298245614036,16.11842105263158
altruist,1.0,71.27510917030568,58.48471615720524
altruist,1.5,73.02620087336244,75.86899563318778
altruist,2.0,75.24454148471615,68.4585152838428
altruist,2.5,74.3859649122807,25.74561403508772
amateur,1.0,65.50877192982456,63.14912280701754
amateur,1.5,76.64473684210526,69.64473684210526
amateur,2.0,84.7719298245614,57.56578947368421
amateur,2.5,89.09649122807018,27.67543859649123
ambassador,1.0,69.85087719298245,71.03070175438596
ambassador,1.5,70.41228070175438,70.90350877192982
ambassador,2.0,69.12280701754386,50.68421052631579
ambassador,2.5,64.94736842105263,14.342105263157896
amnesiac,1.0,39.49561403508772,37.28947368421053
amnesiac,1.5,46.271929824561404,43.166666666666664
amnesiac,2.0,63.51315789473684,42.31140350877193
amnesiac,2.5,79.15350877192982,26.38157894736842
analyst,1.0,86.3201754385965,85.9342105263158
analyst,1.5,85.31140350877193,82.69298245614036
analyst,2.0,84.50877192982456,54.62280701754386
analyst,2.5,81.89035087719299,17.960526315789473
anarchist,1.0,30.385964912280702,30.70614035087719
anarchist,1.5,36.57017543859649,34.01315789473684
anarchist,2.0,45.64912280701754,28.982456140350877
anarchist,2.5,57.3421052631579,15.043859649122806
ancient,1.0,42.99561403508772,44.6359649122807
ancient,1.5,44.26315789473684,48.1140350877193
ancient,2.0,47.98684210526316,40.04824561403509
ancient,2.5,51.083333333333336,11.614035087719298
angel,1.0,65.93859649122807,66.99122807017544
angel,1.5,72.46929824561404,71.49561403508773
angel,2.0,82.94298245614036,62.37719298245614
angel,2.5,89.60087719298245,18.333333333333332
anthropologist,1.0,61.75438596491228,60.86842105263158
anthropologist,1.5,65.48684210526316,61.10087719298246
anthropologist,2.0,71.15789473684211,47.55701754385965
anthropologist,2.5,75.2280701754386,17.214912280701753
archaeologist,1.0,44.71491228070175,41.90350877192982
archaeologist,1.5,48.62719298245614,42.73245614035088
archaeologist,2.0,53.14035087719298,28.763157894736842
archaeologist,2.5,58.15350877192982,14.276315789473685
architect,1.0,54.61572052401747,56.1528384279476
architect,1.5,56.11353711790393,56.38864628820961
architect,2.0,57.39737991266376,37.109170305676855
architect,2.5,58.49561403508772,13.771929824561404
archivist,1.0,59.04824561403509,50.44298245614035
archivist,1.5,62.48684210526316,52.10526315789474
archivist,2.0,71.85526315789474,36.60526315789474
archivist,2.5,78.8640350877193,13.157894736842104
artisan,1.0,56.49781659388646,55.60698689956332
artisan,1.5,64.28384279475982,58.17903930131004
artisan,2.0,74.96943231441048,45.8471615720524
artisan,2.5,81.68859649122807,17.280701754385966
ascetic,1.0,34.10964912280702,38.73684210526316
ascetic,1.5,37.04824561403509,42.925438596491226
ascetic,2.0,38.95614035087719,40.94736842105263
ascetic,2.5,42.00438596491228,18.333333333333332
assistant,1.0,94.70614035087719,93.46052631578948
assistant,1.5,94.29385964912281,91.05701754385964
assistant,2.0,92.82894736842105,60.95614035087719
assistant,2.5,89.46491228070175,18.394736842105264
auctioneer,1.0,36.526315789473685,34.0
auctioneer,1.5,42.675438596491226,35.15350877192982
auctioneer,2.0,53.67982456140351,25.57456140350877
auctioneer,2.5,68.84210526315789,11.359649122807017
auditor,1.0,62.728070175438596,63.12280701754386
auditor,1.5,63.64912280701754,65.15350877192982
auditor,2.0,65.04824561403508,45.469298245614034
auditor,2.5,67.60526315789474,13.114035087719298
avatar,1.0,55.44298245614035,55.276315789473685
avatar,1.5,64.89035087719299,60.86842105263158
avatar,2.0,78.53508771929825,52.60964912280702
avatar,2.5,87.10526315789474,15.49561403508772
bard,1.0,47.40350877192982,50.85526315789474
bard,1.5,51.79824561403509,56.38157894736842
bard,2.0,59.71491228070175,59.98245614035088
bard,2.5,68.56140350877193,18.460526315789473
bartender,1.0,50.776315789473685,45.8640350877193
bartender,1.5,61.723684210526315,48.84649122807018
bartender,2.0,75.0657894736842,38.89035087719298
bartender,2.5,79.8157894736842,20.526315789473685
biologist,1.0,57.728070175438596,56.29385964912281
biologist,1.5,57.8640350877193,54.18859649122807
biologist,2.0,60.42982456140351,34.86842105263158
biologist,2.5,60.93859649122807,12.149122807017545
blogger,1.0,74.57456140350877,71.59210526315789
blogger,1.5,79.77631578947368,71.5657894736842
blogger,2.0,84.53508771929825,55.46491228070175
blogger,2.5,86.26754385964912,16.662280701754387
bohemian,1.0,47.478070175438596,52.8859649122807
bohemian,1.5,53.76315789473684,60.01315789473684
bohemian,2.0,63.89912280701754,60.3640350877193
bohemian,2.5,72.89035087719299,22.17543859649123
builder,1.0,67.8201754385965,63.276315789473685
builder,1.5,72.36842105263158,63.84649122807018
builder,2.0,77.77631578947368,48.09649122807018
builder,2.5,82.39035087719299,18.355263157894736
caregiver,1.0,72.646288209607,72.23580786026201
caregiver,1.5,75.79912663755458,75.20524017467248
caregiver,2.0,79.34497816593887,63.646288209606986
caregiver,2.5,72.8640350877193,21.99561403508772
cartographer,1.0,47.68859649122807,44.33771929824562
cartographer,1.5,51.81140350877193,44.60087719298246
cartographer,2.0,59.271929824561404,30.19736842105263
cartographer,2.5,65.35087719298245,10.37280701754386
caveman,1.0,10.482456140350877,11.56140350877193
caveman,1.5,15.057017543859649,15.118421052631579
caveman,2.0,26.407894736842106,17.583333333333332
caveman,2.5,49.219298245614034,13.973684210526315
celebrity,1.0,45.171052631578945,41.60087719298246
celebrity,1.5,52.35087719298246,43.45175438596491
celebrity,2.0,62.49561403508772,34.50877192982456
celebrity,2.5,69.52838427947599,21.46288209606987
chameleon,1.0,50.60087719298246,45.8421052631579
chameleon,1.5,56.75,48.10087719298246
chameleon,2.0,69.17543859649123,41.83771929824562
chameleon,2.5,81.69736842105263,21.864035087719298
chef,1.0,32.467248908296945,33.069868995633186
chef,1.5,35.88209606986899,34.3231441048035
chef,2.0,40.842794759825324,22.67248908296943
chef,2.5,47.314410480349345,11.790393013100436
chemist,1.0,54.3859649122807,52.416666666666664
chemist,1.5,56.583333333333336,53.219298245614034
chemist,2.0,58.35964912280702,32.07017543859649
chemist,2.5,61.31877729257642,12.969432314410481
chimera,1.0,46.3640350877193,43.666666666666664
chimera,1.5,52.33771929824562,46.95175438596491
chimera,2.0,68.13157894736842,40.10087719298246
chimera,2.5,86.8640350877193,19.460526315789473
coach,1.0,90.20175438596492,89.58333333333333
coach,1.5,89.03070175438596,87.49122807017544
coach,2.0,87.4780701754386,59.95175438596491
coach,2.5,78.96491228070175,28.837719298245613
collaborator,1.0,89.10526315789474,89.53508771929825
collaborator,1.5,90.23245614035088,88.32456140350877
collaborator,2.0,90.1842105263158,71.00438596491227
collaborator,2.5,88.05263157894737,24.32017543859649
collector,1.0,50.20175438596491,44.81578947368421
collector,1.5,53.583333333333336,45.29824561403509
collector,2.0,58.69736842105263,33.35964912280702
collector,2.5,65.02631578947368,13.837719298245615
comedian,1.0,37.1578947368421,36.39035087719298
comedian,1.5,44.51315789473684,40.64473684210526
comedian,2.0,59.85087719298246,33.06140350877193
comedian,2.5,74.91228070175438,8.201754385964913
competitor,1.0,57.728070175438596,54.469298245614034
competitor,1.5,65.78508771929825,56.04824561403509
competitor,2.0,75.88157894736842,44.68421052631579
competitor,2.5,81.0701754385965,19.767543859649123
composer,1.0,41.8421052631579,40.828947368421055
composer,1.5,45.20175438596491,42.49122807017544
composer,2.0,52.19736842105263,31.592105263157894
composer,2.5,60.10526315789474,11.855263157894736
conservator,1.0,48.13157894736842,50.96052631578947
conservator,1.5,49.728070175438596,51.12719298245614
conservator,2.0,48.81140350877193,37.14912280701754
conservator,2.5,46.30263157894737,16.79824561403509
consultant,1.0,89.16666666666667,88.64912280701755
consultant,1.5,87.65789473684211,86.60964912280701
consultant,2.0,84.85087719298245,56.31140350877193
consultant,2.5,79.05701754385964,16.732456140350877
contrarian,1.0,47.23684210526316,45.333333333333336
contrarian,1.5,52.09649122807018,46.60964912280702
contrarian,2.0,61.23245614035088,37.80263157894737
contrarian,2.5,69.8859649122807,20.94298245614035
coordinator,1.0,82.60526315789474,82.97368421052632
coordinator,1.5,82.64473684210526,83.40350877192982
coordinator,2.0,81.91266375545851,61.66812227074236
coordinator,2.5,75.39301310043668,19.475982532751093
coral_reef,1.0,60.530701754385966,59.71491228070175
coral_reef,1.5,68.85526315789474,61.421052631578945
coral_reef,2.0,79.54385964912281,50.80263157894737
coral_reef,2.5,91.00438596491227,19.210526315789473
cosmopolitan,1.0,79.32894736842105,78.9780701754386
cosmopolitan,1.5,82.08771929824562,78.49561403508773
cosmopolitan,2.0,82.46929824561404,61.24122807017544
cosmopolitan,2.5,80.79824561403508,21.57894736842105
counselor,1.0,78.5,82.70175438596492
counselor,1.5,80.86842105263158,84.84210526315789
counselor,2.0,80.46052631578948,67.5657894736842
counselor,2.5,80.60087719298245,26.359649122807017
criminal,1.0,26.70614035087719,24.236842105263158
criminal,1.5,33.95614035087719,27.36842105263158
criminal,2.0,54.95614035087719,20.70614035087719
criminal,2.5,75.4780701754386,12.763157894736842
critic,1.0,69.73799126637554,54.86026200873363
critic,1.5,71.23580786026201,53.620087336244545
critic,2.0,73.3859649122807,35.39473684210526
critic,2.5,74.88646288209607,11.253275109170305
crystalline,1.0,69.9780701754386,64.16228070175438
crystalline,1.5,75.80263157894737,65.9780701754386
crystalline,2.0,83.40350877192982,47.421052631578945
crystalline,2.5,90.64473684210526,13.399122807017545
curator,1.0,58.69736842105263,58.13157894736842
curator,1.5,60.99122807017544,57.71052631578947
curator,2.0,62.43421052631579,40.35087719298246
curator,2.5,62.833333333333336,14.671052631578947
cyborg,1.0,50.67982456140351,44.973684210526315
cyborg,1.5,57.75877192982456,45.29824561403509
cyborg,2.0,72.8157894736842,36.14035087719298
cyborg,2.5,87.51315789473684,15.50438596491228
cynic,1.0,38.21052631578947,37.71052631578947
cynic,1.5,42.65350877192982,40.39912280701754
cynic,2.0,52.45614035087719,35.46052631578947
cynic,2.5,67.48684210526316,19.25438596491228
daredevil,1.0,44.53508771929825,41.0
daredevil,1.5,58.34649122807018,43.94298245614035
daredevil,2.0,75.46929824561404,41.771929824561404
daredevil,2.5,82.80701754385964,21.95175438596491
debugger,1.0,64.36842105263158,59.578947368421055
debugger,1.5,66.64473684210526,59.17982456140351
debugger,2.0,71.69736842105263,42.425438596491226
debugger,2.5,73.36842105263158,18.37719298245614
demon,1.0,29.32894736842105,27.29385964912281
demon,1.5,31.719298245614034,30.81578947368421
demon,2.0,43.1140350877193,28.763157894736842
demon,2.5,69.76754385964912,11.635964912280702
designer,1.0,64.21929824561404,62.574561403508774
designer,1.5,66.80701754385964,62.44298245614035
designer,2.0,70.27631578947368,42.61842105263158
designer,2.5,74.68859649122807,15.43859649122807
destroyer,1.0,33.89473684210526,32.46491228070175
destroyer,1.5,38.719298245614034,34.04385964912281
destroyer,2.0,54.96052631578947,27.837719298245613
destroyer,2.5,70.71929824561404,12.192982456140351
detective,1.0,51.62719298245614,48.32017543859649
detective,1.5,56.30263157894737,48.530701754385966
detective,2.0,64.37719298245614,34.780701754385966
detective,2.5,74.64912280701755,16.00877192982456
devils_advocate,1.0,54.228070175438596,49.416666666666664
devils_advocate,1.5,60.54385964912281,48.98245614035088
devils_advocate,2.0,70.51315789473684,36.05701754385965
devils_advocate,2.5,80.74122807017544,18.596491228070175
dilettante,1.0,56.38157894736842,53.03947368421053
dilettante,1.5,67.02631578947368,56.1578947368421
dilettante,2.0,80.48245614035088,45.36842105263158
dilettante,2.5,86.3157894736842,23.399122807017545
dispatcher,1.0,61.71052631578947,62.6359649122807
dispatcher,1.5,63.84649122807018,64.21929824561404
dispatcher,2.0,65.86842105263158,46.64035087719298
dispatcher,2.5,63.01754385964912,17.390350877192983
divorcee,1.0,46.5921052631579,47.33771929824562
divorcee,1.5,51.666666666666664,50.64473684210526
divorcee,2.0,62.6359649122807,43.00877192982456
divorcee,2.5,68.08333333333333,22.785087719298247
doctor,1.0,59.71615720524017,63.7117903930131
doctor,1.5,60.61572052401747,65.2707423580786
doctor,2.0,60.24561403508772,43.6359649122807
doctor,2.5,59.38427947598253,20.283842794759824
dreamer,1.0,52.85964912280702,52.63157894736842
dreamer,1.5,61.80701754385965,58.60964912280702
dreamer,2.0,77.3859649122807,55.1578947368421
dreamer,2.5,88.94736842105263,14.802631578947368
echo,1.0,67.4780701754386,66.14912280701755
echo,1.5,71.85526315789474,67.75877192982456
echo,2.0,82.53508771929825,61.60964912280702
echo,2.5,89.79385964912281,13.868421052631579
economist,1.0,58.96491228070175,59.43859649122807
economist,1.5,59.76315789473684,59.723684210526315
economist,2.0,58.46491228070175,38.04824561403509
economist,2.5,57.92982456140351,11.885964912280702
ecosystem,1.0,50.324561403508774,49.73684210526316
ecosystem,1.5,53.75438596491228,51.4078947368421
ecosystem,2.0,60.33771929824562,41.8640350877193
ecosystem,2.5,73.77631578947368,16.228070175438596
editor,1.0,67.1359649122807,63.46491228070175
editor,1.5,68.39035087719299,63.14912280701754
editor,2.0,67.97368421052632,37.89473684210526
editor,2.5,67.00877192982456,11.842105263157896
egregore,1.0,32.07017543859649,30.19736842105263
egregore,1.5,38.026315789473685,32.23684210526316
egregore,2.0,54.276315789473685,28.74122807017544
egregore,2.5,79.85087719298245,12.324561403508772
elder,1.0,56.3421052631579,59.1140350877193
elder,1.5,60.33771929824562,62.01754385964912
elder,2.0,66.12280701754386,55.69736842105263
elder,2.5,73.37719298245614,18.385964912280702
eldritch,1.0,25.736842105263158,24.912280701754387
eldritch,1.5,31.907894736842106,28.767543859649123
eldritch,2.0,51.60964912280702,25.859649122807017
eldritch,2.5,81.14473684210526,10.692982456140351
emissary,1.0,74.21052631578948,75.19298245614036
emissary,1.5,75.28070175438596,76.68859649122807
emissary,2.0,78.54824561403508,59.93421052631579
emissary,2.5,79.37280701754386,24.092105263157894
empath,1.0,66.51965065502183,66.29257641921397
empath,1.5,70.4934497816594,72.02620087336244
empath,2.0,76.75109170305677,68.15720524017468
empath,2.5,79.89082969432314,21.572052401746724
engineer,1.0,76.46052631578948,74.82894736842105
engineer,1.5,78.49122807017544,74.11842105263158
engineer,2.0,81.1842105263158,49.78947368421053
engineer,2.5,81.80263157894737,19.342105263157894
entrepreneur,1.0,75.87719298245614,70.94736842105263
entrepreneur,1.5,79.89473684210526,72.75877192982456
entrepreneur,2.0,82.96929824561404,50.08771929824562
entrepreneur,2.5,83.4298245614035,26.210526315789473
evaluator,1.0,88.65350877192982,88.38157894736842
evaluator,1.5,86.64912280701755,86.35526315789474
evaluator,2.0,85.08771929824562,53.530701754385966
evaluator,2.5,79.74561403508773,18.92543859649123
evangelist,1.0,67.25877192982456,63.70175438596491
evangelist,1.5,70.5219298245614,66.73684210526316
evangelist,2.0,74.33333333333333,53.85087719298246
evangelist,2.5,78.54824561403508,13.701754385964913
examiner,1.0,83.49561403508773,84.08333333333333
examiner,1.5,82.21052631578948,82.06140350877193
examiner,2.0,79.03070175438596,50.15350877192982
examiner,2.5,73.63157894736842,18.20175438596491
exile,1.0,37.08771929824562,37.28508771929825
exile,1.5,39.8859649122807,39.30701754385965
exile,2.0,50.31140350877193,34.30701754385965
exile,2.5,61.530701754385966,17.55263157894737
expatriate,1.0,60.5,55.68421052631579
expatriate,1.5,67.87719298245614,57.28947368421053
expatriate,2.0,75.23684210526316,43.43421052631579
expatriate,2.5,79.0219298245614,20.986842105263158
facilitator,1.0,87.59649122807018,87.46929824561404
facilitator,1.5,87.00877192982456,87.38157894736842
facilitator,2.0,83.80263157894737,66.03070175438596
facilitator,2.5,77.87280701754386,22.478070175438596
familiar,1.0,66.80701754385964,59.6578947368421
familiar,1.5,73.30263157894737,62.85087719298246
familiar,2.0,83.0219298245614,50.63157894736842
familiar,2.5,88.50877192982456,14.078947368421053
fixer,1.0,56.64473684210526,49.728070175438596
fixer,1.5,70.34649122807018,50.780701754385966
fixer,2.0,82.24122807017544,40.1359649122807
fixer,2.5,86.2280701754386,22.69736842105263
flaneur,1.0,51.16228070175438,47.63157894736842
flaneur,1.5,59.30263157894737,51.15350877192982
flaneur,2.0,71.39473684210526,49.35964912280702
flaneur,2.5,81.75877192982456,17.36842105263158
fool,1.0,41.64035087719298,40.75877192982456
fool,1.5,52.425438596491226,50.8421052631579
fool,2.0,73.84649122807018,61.49122807017544
fool,2.5,87.03508771929825,51.35526315789474
forecaster,1.0,75.58333333333333,72.14473684210526
forecaster,1.5,75.9298245614035,71.09210526315789
forecaster,2.0,76.89035087719299,48.84649122807018
forecaster,2.5,77.76754385964912,14.692982456140351
futurist,1.0,73.65350877192982,73.08771929824562
futurist,1.5,75.3640350877193,74.35526315789474
futurist,2.0,77.46491228070175,56.20175438596491
futurist,2.5,79.06140350877193,16.31578947368421
gamer,1.0,33.780701754385966,32.67982456140351
gamer,1.5,34.324561403508774,33.71491228070175
gamer,2.0,39.28508771929825,22.153508771929825
gamer,2.5,45.87719298245614,11.228070175438596
generalist,1.0,92.84210526315789,90.69298245614036
generalist,1.5,92.93859649122807,89.03947368421052
generalist,2.0,93.01754385964912,61.73684210526316
generalist,2.5,92.03508771929825,20.17982456140351
genie,1.0,42.64473684210526,41.925438596491226
genie,1.5,45.425438596491226,46.37280701754386
genie,2.0,51.55263157894737,42.526315789473685
genie,2.5,62.78947368421053,16.62280701754386
geographer,1.0,54.526315789473685,53.01754385964912
geographer,1.5,55.43859649122807,51.49561403508772
geographer,2.0,58.14473684210526,35.666666666666664
geographer,2.5,62.29824561403509,11.798245614035087
ghost,1.0,31.81578947368421,33.01315789473684
ghost,1.5,37.8640350877193,36.61842105263158
ghost,2.0,51.12719298245614,33.49122807017544
ghost,2.5,75.6842105263158,14.166666666666666
golem,1.0,35.08771929824562,35.79824561403509
golem,1.5,37.36842105263158,36.521929824561404
golem,2.0,43.69298245614035,30.109649122807017
golem,2.5,58.00877192982456,12.302631578947368
gossip,1.0,39.219298245614034,38.99122807017544
gossip,1.5,43.64035087719298,41.719298245614034
gossip,2.0,57.21052631578947,36.73245614035088
gossip,2.5,70.61842105263158,20.37280701754386
grader,1.0,87.76315789473684,88.5701754385965
grader,1.5,87.29824561403508,86.11842105263158
grader,2.0,83.42543859649123,56.13157894736842
grader,2.5,79.09649122807018,20.021929824561404
graduate,1.0,77.99561403508773,73.3201754385965
graduate,1.5,82.36842105263158,74.44298245614036
graduate,2.0,86.14035087719299,56.70175438596491
graduate,2.5,86.4298245614035,20.13157894736842
grandparent,1.0,53.71052631578947,56.35087719298246
grandparent,1.5,58.91228070175438,62.473684210526315
grandparent,2.0,67.60964912280701,52.8421052631579
grandparent,2.5,74.84210526315789,24.135964912280702
guardian,1.0,73.1798245614035,68.04385964912281
guardian,1.5,74.5657894736842,68.82456140350877
guardian,2.0,78.98684210526316,50.478070175438596
guardian,2.5,81.41666666666667,16.79824561403509
guide,1.0,93.19736842105263,92.2280701754386
guide,1.5,93.65350877192982,90.72368421052632
guide,2.0,91.16666666666667,63.48245614035088
guide,2.5,87.41666666666667,20.394736842105264
guru,1.0,60.91228070175438,67.67543859649123
guru,1.5,63.59649122807018,74.09210526315789
guru,2.0,67.71052631578948,66.39912280701755
guru,2.5,69.84210526315789,19.662280701754387
hacker,1.0,40.71052631578947,36.53947368421053
hacker,1.5,47.94298245614035,38.53508771929825
hacker,2.0,61.21052631578947,28.19736842105263
hacker,2.5,76.54824561403508,15.109649122807017
healer,1.0,66.0657894736842,69.74561403508773
healer,1.5,70.20614035087719,73.22368421052632
healer,2.0,75.33771929824562,64.25438596491227
healer,2.5,79.00877192982456,20.592105263157894
hedonist,1.0,33.5589519650655,34.109170305676855
hedonist,1.5,40.301310043668124,35.48908296943232
hedonist,2.0,49.506550218340614,27.14410480349345
hedonist,2.5,57.64192139737991,13.34061135371179
hermit,1.0,37.42982456140351,40.1140350877193
hermit,1.5,41.26754385964912,43.074561403508774
hermit,2.0,48.35964912280702,44.68421052631579
hermit,2.5,58.30701754385965,16.55701754385965
historian,1.0,50.29824561403509,50.79385964912281
historian,1.5,52.276315789473685,48.85526315789474
historian,2.0,53.3640350877193,35.23684210526316
historian,2.5,56.328947368421055,14.824561403508772
hive,1.0,40.24122807017544,38.50438596491228
hive,1.5,44.74122807017544,40.37280701754386
hive,2.0,55.333333333333336,36.96052631578947
hive,2.5,72.0701754385965,13.114035087719298
hoarder,1.0,34.64035087719298,32.5921052631579
hoarder,1.5,40.43859649122807,34.36842105263158
hoarder,2.0,54.35526315789474,30.833333333333332
hoarder,2.5,72.26754385964912,27.25877192982456
homunculus,1.0,46.473684210526315,41.17982456140351
homunculus,1.5,55.75438596491228,43.223684210526315
homunculus,2.0,73.78947368421052,37.79824561403509
homunculus,2.5,88.62280701754386,17.412280701754387
hybrid,1.0,84.12719298245614,77.28508771929825
hybrid,1.5,88.07456140350877,77.52631578947368
hybrid,2.0,90.73245614035088,61.60087719298246
hybrid,2.5,91.0701754385965,21.907894736842106
idealist,1.0,69.58333333333333,73.16228070175438
idealist,1.5,70.85087719298245,76.40350877192982
idealist,2.0,74.56140350877193,65.53947368421052
idealist,2.5,74.48245614035088,16.600877192982455
immigrant,1.0,49.44736842105263,50.280701754385966
immigrant,1.5,52.09649122807018,51.421052631578945
immigrant,2.0,58.56140350877193,43.71491228070175
immigrant,2.5,65.10087719298245,24.583333333333332
improviser,1.0,64.64035087719299,58.03508771929825
improviser,1.5,74.98245614035088,62.28508771929825
improviser,2.0,85.88157894736842,52.14473684210526
improviser,2.5,90.95175438596492,20.81140350877193
infant,1.0,3.7280701754385963,4.37280701754386
infant,1.5,7.2894736842105265,9.894736842105264
infant,2.0,14.359649122807017,13.530701754385966
infant,2.5,22.69736842105263,19.157894736842106
influencer,1.0,66.92543859649123,62.84649122807018
influencer,1.5,74.85087719298245,64.95614035087719
influencer,2.0,81.84649122807018,48.078947368421055
influencer,2.5,84.10087719298245,20.17543859649123
instructor,1.0,92.82894736842105,92.4780701754386
instructor,1.5,92.8201754385965,91.52631578947368
instructor,2.0,89.9298245614035,62.60087719298246
instructor,2.5,84.41228070175438,29.29824561403509
interpreter,1.0,65.37719298245614,65.42543859649123
interpreter,1.5,67.48245614035088,65.78947368421052
interpreter,2.0,69.7280701754386,46.73684210526316
interpreter,2.5,69.71052631578948,20.833333333333332
interviewer,1.0,79.76315789473684,78.0657894736842
interviewer,1.5,80.4342105263158,77.69298245614036
interviewer,2.0,80.95175438596492,55.14035087719298
interviewer,2.5,77.91228070175438,23.70614035087719
jester,1.0,38.0,36.06140350877193
jester,1.5,45.78508771929825,39.578947368421055
jester,2.0,59.71052631578947,37.92982456140351
jester,2.5,72.97368421052632,11.228070175438596
journalist,1.0,72.41228070175438,67.33771929824562
journalist,1.5,78.00438596491227,67.45614035087719
journalist,2.0,81.35964912280701,43.89473684210526
journalist,2.5,82.26315789473684,19.736842105263158
judge,1.0,62.30701754385965,64.49122807017544
judge,1.5,63.478070175438596,64.04385964912281
judge,2.0,62.12280701754386,44.61842105263158
judge,2.5,60.89912280701754,15.548245614035087
lawyer,1.0,60.99126637554585,61.248908296943235
lawyer,1.5,61.53711790393013,61.995633187772924
lawyer,2.0,62.056768558951966,40.53711790393013
lawyer,2.5,63.25764192139738,13.995633187772926
leviathan,1.0,35.68421052631579,35.425438596491226
leviathan,1.5,39.916666666666664,37.80701754385965
leviathan,2.0,51.49122807017544,36.35087719298246
leviathan,2.5,75.50438596491227,12.105263157894736
librarian,1.0,71.85964912280701,72.04385964912281
librarian,1.5,71.89035087719299,71.3201754385965
librarian,2.0,70.90789473684211,45.37280701754386
librarian,2.5,67.48245614035088,16.25
linguist,1.0,47.14473684210526,46.19298245614035
linguist,1.5,47.56140350877193,45.28508771929825
linguist,2.0,49.771929824561404,32.09649122807018
linguist,2.5,54.78508771929825,12.280701754385966
loner,1.0,41.14912280701754,40.728070175438596
loner,1.5,45.521929824561404,43.48684210526316
loner,2.0,50.925438596491226,40.333333333333336
loner,2.5,62.219298245614034,20.32894736842105
luddite,1.0,32.15350877192982,33.05263157894737
luddite,1.5,36.32017543859649,35.15350877192982
luddite,2.0,41.61842105263158,30.609649122807017
luddite,2.5,50.17982456140351,16.403508771929825
marketer,1.0,64.55701754385964,63.3421052631579
marketer,1.5,65.07456140350877,65.04824561403508
marketer,2.0,66.05263157894737,45.04385964912281
marketer,2.5,66.76315789473684,15.109649122807017
martyr,1.0,35.25877192982456,37.76315789473684
martyr,1.5,40.76754385964912,41.978070175438596
martyr,2.0,49.86842105263158,42.26754385964912
martyr,2.5,63.08771929824562,22.69736842105263
mathematician,1.0,61.51754385964912,56.00877192982456
mathematician,1.5,64.76754385964912,57.6578947368421
mathematician,2.0,67.76315789473684,39.54385964912281
mathematician,2.5,71.00438596491227,21.82017543859649
maverick,1.0,57.50877192982456,48.62719298245614
maverick,1.5,71.73245614035088,50.60964912280702
maverick,2.0,85.37719298245614,39.96491228070175
maverick,2.5,89.8640350877193,17.390350877192983
mechanic,1.0,38.921052631578945,36.223684210526315
mechanic,1.5,46.75438596491228,37.70175438596491
mechanic,2.0,60.23684210526316,22.67543859649123
mechanic,2.5,66.92105263157895,17.017543859649123
mediator,1.0,82.31140350877193,84.71491228070175
mediator,1.5,83.23245614035088,85.4780701754386
mediator,2.0,83.40789473684211,67.15789473684211
mediator,2.5,81.67105263157895,27.214912280701753
mentor,1.0,89.60087719298245,88.49122807017544
mentor,1.5,89.38157894736842,86.67105263157895
mentor,2.0,88.71929824561404,61.35087719298246
mentor,2.5,85.1359649122807,22.236842105263158
merchant,1.0,50.723684210526315,44.6140350877193
merchant,1.5,56.63157894736842,46.68859649122807
merchant,2.0,66.5701754385965,33.66228070175438
merchant,2.5,77.40789473684211,15.701754385964913
minimalist,1.0,33.46052631578947,57.11842105263158
minimalist,1.5,34.9078947368421,64.44736842105263
minimalist,2.0,40.01315789473684,51.14473684210526
minimalist,2.5,41.969298245614034,12.916666666666666
moderator,1.0,80.77631578947368,84.12280701754386
moderator,1.5,77.59649122807018,82.83333333333333
moderator,2.0,71.53070175438596,59.84649122807018
moderator,2.5,60.021929824561404,27.17982456140351
musician,1.0,39.01315789473684,38.219298245614034
musician,1.5,43.421052631578945,40.074561403508774
musician,2.0,51.833333333333336,29.29824561403509
musician,2.5,59.42982456140351,13.881578947368421
mycorrhizal,1.0,58.81578947368421,55.666666666666664
mycorrhizal,1.5,65.75877192982456,60.28508771929825
mycorrhizal,2.0,79.0701754385965,53.92982456140351
mycorrhizal,2.5,89.44298245614036,20.026315789473685
mystic,1.0,39.328947368421055,42.43421052631579
mystic,1.5,43.64473684210526,47.29824561403509
mystic,2.0,55.84649122807018,49.60526315789474
mystic,2.5,74.91666666666667,13.289473684210526
narcissist,1.0,31.359649122807017,29.93421052631579
narcissist,1.5,36.11842105263158,32.8640350877193
narcissist,2.0,46.26754385964912,36.333333333333336
narcissist,2.5,59.969298245614034,28.12719298245614
narrator,1.0,84.15350877192982,84.58771929824562
narrator,1.5,84.77631578947368,85.57456140350877
narrator,2.0,85.1798245614035,71.37719298245614
narrator,2.5,83.99561403508773,13.56578947368421
naturalist,1.0,41.19298245614035,40.96052631578947
naturalist,1.5,42.73245614035088,40.61842105263158
naturalist,2.0,46.14473684210526,28.464912280701753
naturalist,2.5,48.078947368421055,12.039473684210526
navigator,1.0,72.6842105263158,69.47368421052632
navigator,1.5,75.89912280701755,68.97368421052632
navigator,2.0,78.87280701754386,48.95175438596491
navigator,2.5,81.29385964912281,17.63157894736842
negotiator,1.0,81.98245614035088,82.64473684210526
negotiator,1.5,81.09210526315789,82.51754385964912
negotiator,2.0,80.96052631578948,60.48245614035088
negotiator,2.5,79.01315789473684,21.039473684210527
networker,1.0,71.90789473684211,68.70175438596492
networker,1.5,76.17105263157895,71.89912280701755
networker,2.0,81.41666666666667,56.54824561403509
networker,2.5,79.9780701754386,20.403508771929825
newlywed,1.0,42.06578947368421,41.18859649122807
newlywed,1.5,47.57017543859649,42.39035087719298
newlywed,2.0,53.28947368421053,34.78947368421053
newlywed,2.5,57.54824561403509,18.596491228070175
nomad,1.0,46.96052631578947,45.723684210526315
nomad,1.5,52.026315789473685,48.675438596491226
nomad,2.0,60.10087719298246,38.90350877192982
nomad,2.5,69.47368421052632,19.07894736842105
novelist,1.0,50.78947368421053,52.228070175438596
novelist,1.5,57.83771929824562,56.583333333333336
novelist,2.0,65.33771929824562,41.48245614035088
novelist,2.5,73.0,21.789473684210527
nutritionist,1.0,42.18859649122807,46.03508771929825
nutritionist,1.5,42.48684210526316,48.57017543859649
nutritionist,2.0,41.87280701754386,29.166666666666668
nutritionist,2.5,39.06140350877193,11.68859649122807
observer,1.0,80.60964912280701,77.16666666666667
observer,1.5,84.01754385964912,75.68859649122807
observer,2.0,88.47368421052632,50.824561403508774
observer,2.5,90.03508771929825,15.789473684210526
optimist,1.0,77.54585152838428,78.89519650655022
optimist,1.5,79.21834061135371,80.29694323144105
optimist,2.0,83.14410480349345,69.25764192139738
optimist,2.5,82.87336244541484,22.49344978165939
oracle,1.0,45.828947368421055,44.333333333333336
oracle,1.5,49.33771929824562,47.73684210526316
oracle,2.0,59.85087719298246,47.223684210526315
oracle,2.5,76.04385964912281,13.93859649122807
organizer,1.0,78.90789473684211,75.87719298245614
organizer,1.5,79.4298245614035,75.09649122807018
organizer,2.0,80.24122807017544,48.01315789473684
organizer,2.5,74.78508771929825,14.692982456140351
orphan,1.0,45.175438596491226,45.219298245614034
orphan,1.5,53.50877192982456,48.54385964912281
orphan,2.0,62.333333333333336,43.04385964912281
orphan,2.5,72.49561403508773,24.87719298245614
pacifist,1.0,69.29824561403508,74.9298245614035
pacifist,1.5,70.84210526315789,80.35087719298245
pacifist,2.0,71.0,73.83771929824562
pacifist,2.5,72.85526315789474,29.43859649122807
paramedic,1.0,48.89035087719298,49.64912280701754
paramedic,1.5,55.30701754385965,50.9078947368421
paramedic,2.0,60.473684210526315,34.89912280701754
paramedic,2.5,66.00438596491227,17.280701754385966
parasite,1.0,23.013157894736842,20.535087719298247
parasite,1.5,27.37719298245614,23.17105263157895
parasite,2.0,40.18421052631579,16.416666666666668
parasite,2.5,61.44298245614035,11.666666666666666
parent,1.0,55.3859649122807,56.48684210526316
parent,1.5,63.08771929824562,59.3421052631579
parent,2.0,68.6798245614035,48.04824561403509
parent,2.5,68.99561403508773,23.837719298245613
patient,1.0,63.79824561403509,62.324561403508774
patient,1.5,67.54385964912281,65.23684210526316
patient,2.0,71.92105263157895,54.14473684210526
patient,2.5,75.20614035087719,27.79824561403509
peacekeeper,1.0,84.78508771929825,86.05263157894737
peacekeeper,1.5,85.03508771929825,87.0657894736842
peacekeeper,2.0,84.53070175438596,70.85964912280701
peacekeeper,2.5,84.30701754385964,23.81578947368421
perfectionist,1.0,75.19298245614036,70.87280701754386
perfectionist,1.5,78.60526315789474,69.09210526315789
perfectionist,2.0,80.1359649122807,47.6359649122807
perfectionist,2.5,81.65350877192982,11.425438596491228
pharmacist,1.0,58.29824561403509,60.20614035087719
pharmacist,1.5,57.68421052631579,61.81140350877193
pharmacist,2.0,56.63157894736842,39.03508771929825
pharmacist,2.5,52.16228070175438,13.530701754385966
philosopher,1.0,64.21834061135371,68.95196506550218
philosopher,1.5,67.1004366812227,71.07423580786026
philosopher,2.0,68.38427947598254,51.92576419213974
philosopher,2.5,69.04366812227074,20.17467248908297
photographer,1.0,37.95614035087719,38.87719298245614
photographer,1.5,43.68859649122807,40.62719298245614
photographer,2.0,46.25,28.42105263157895
photographer,2.5,49.0921052631579,12.543859649122806
physicist,1.0,58.09649122807018,42.00438596491228
physicist,1.5,60.07017543859649,40.771929824561404
physicist,2.0,63.21491228070175,27.214912280701753
physicist,2.5,66.84210526315789,12.346491228070175
pilgrim,1.0,34.36842105263158,39.81140350877193
pilgrim,1.5,37.3421052631579,45.57017543859649
pilgrim,2.0,42.00438596491228,46.14912280701754
pilgrim,2.5,48.37280701754386,18.44298245614035
pilot,1.0,50.26315789473684,47.94736842105263
pilot,1.5,54.07017543859649,49.280701754385966
pilot,2.0,59.46491228070175,34.583333333333336
pilot,2.5,64.80701754385964,15.767543859649123
pirate,1.0,18.19298245614035,16.114035087719298
pirate,1.5,24.837719298245613,19.05701754385965
pirate,2.0,36.43859649122807,17.42105263157895
pirate,2.5,55.44736842105263,10.043859649122806
planner,1.0,84.12719298245614,83.50438596491227
planner,1.5,82.93859649122807,81.56140350877193
planner,2.0,82.71052631578948,55.51754385964912
planner,2.5,78.4780701754386,15.87719298245614
playwright,1.0,51.37280701754386,47.17982456140351
playwright,1.5,57.328947368421055,48.60087719298246
playwright,2.0,71.29824561403508,38.1140350877193
playwright,2.5,84.03508771929825,14.385964912280702
podcaster,1.0,70.58771929824562,68.60526315789474
podcaster,1.5,74.54824561403508,69.07456140350877
podcaster,2.0,80.50877192982456,49.19298245614035
podcaster,2.5,83.3201754385965,17.5
poet,1.0,38.55263157894737,43.583333333333336
poet,1.5,43.6359649122807,51.99561403508772
poet,2.0,51.94298245614035,60.25438596491228
poet,2.5,65.02631578947368,12.657894736842104
polymath,1.0,86.73684210526316,85.3859649122807
polymath,1.5,87.22368421052632,83.70175438596492
polymath,2.0,85.59649122807018,55.50877192982456
polymath,2.5,85.41666666666667,14.473684210526315
pragmatist,1.0,80.46288209606988,75.10480349344978
pragmatist,1.5,84.03056768558952,75.24454148471615
pragmatist,2.0,86.29257641921397,57.0
pragmatist,2.5,86.62008733624454,20.502183406113538
predator,1.0,16.767543859649123,14.56578947368421
predator,1.5,22.55701754385965,15.030701754385966
predator,2.0,37.28947368421053,12.583333333333334
predator,2.5,64.19736842105263,7.5
presenter,1.0,82.69298245614036,75.9342105263158
presenter,1.5,86.05701754385964,73.78070175438596
presenter,2.0,88.02631578947368,45.473684210526315
presenter,2.5,86.67543859649123,15.0
prey,1.0,33.89912280701754,33.95614035087719
prey,1.5,43.95175438596491,35.73684210526316
prey,2.0,65.06140350877193,32.84649122807018
prey,2.5,81.65789473684211,22.083333333333332
prisoner,1.0,33.25,28.24561403508772
prisoner,1.5,38.66228070175438,30.140350877192983
prisoner,2.0,49.5921052631579,24.280701754385966
prisoner,2.5,63.1140350877193,16.359649122807017
procrastinator,1.0,36.69298245614035,38.37719298245614
procrastinator,1.5,43.26754385964912,43.62719298245614
procrastinator,2.0,58.64473684210526,52.074561403508774
procrastinator,2.5,70.90350877192982,46.921052631578945
prodigy,1.0,73.06140350877193,13.81578947368421
prodigy,1.5,78.76754385964912,13.81578947368421
prodigy,2.0,84.21052631578948,13.81578947368421
prodigy,2.5,82.98245614035088,13.81578947368421
producer,1.0,73.34210526315789,70.46929824561404
producer,1.5,74.99122807017544,70.86842105263158
producer,2.0,76.96929824561404,49.3421052631579
producer,2.5,76.45614035087719,15.679824561403509
programmer,1.0,64.55263157894737,17.346491228070175
programmer,1.5,66.89473684210526,17.346491228070175
programmer,2.0,69.68859649122807,17.346491228070175
programmer,2.5,66.89473684210526,17.346491228070175
proofreader,1.0,48.59649122807018,49.73684210526316
proofreader,1.5,48.44298245614035,52.416666666666664
proofreader,2.0,48.81578947368421,32.54385964912281
proofreader,2.5,49.271929824561404,5.504385964912281
prophet,1.0,44.33771929824562,42.28508771929825
prophet,1.5,52.60526315789474,46.82017543859649
prophet,2.0,71.34210526315789,43.74561403508772
prophet,2.5,84.26754385964912,13.114035087719298
provincial,1.0,45.43859649122807,44.828947368421055
provincial,1.5,53.41228070175438,50.21052631578947
provincial,2.0,67.02631578947368,50.31140350877193
provincial,2.5,79.50877192982456,22.93859649122807
provocateur,1.0,36.57017543859649,33.09649122807018
provocateur,1.5,42.41228070175438,36.719298245614034
provocateur,2.0,62.61842105263158,38.15350877192982
provocateur,2.5,78.80263157894737,15.986842105263158
psychologist,1.0,70.08333333333333,18.596491228070175
psychologist,1.5,69.76754385964912,18.596491228070175
psychologist,2.0,69.31140350877193,18.596491228070175
psychologist,2.5,68.96491228070175,18.596491228070175
publisher,1.0,60.24561403508772,55.98245614035088
publisher,1.5,62.49122807017544,55.62719298245614
publisher,2.0,65.46929824561404,40.04385964912281
publisher,2.5,68.25,12.105263157894736
purist,1.0,68.42543859649123,62.8421052631579
purist,1.5,70.37719298245614,65.5701754385965
purist,2.0,72.68859649122807,59.0
purist,2.5,77.5219298245614,22.19298245614035
realist,1.0,84.3157894736842,18.837719298245613
realist,1.5,86.34210526315789,18.837719298245613
realist,2.0,87.65350877192982,18.837719298245613
realist,2.5,86.35964912280701,18.837719298245613
rebel,1.0,35.69298245614035,37.70175438596491
rebel,1.5,40.25877192982456,41.87719298245614
rebel,2.0,51.31140350877193,46.223684210526315
rebel,2.5,63.12280701754386,17.82017543859649
recruiter,1.0,61.75877192982456,62.728070175438596
recruiter,1.5,63.1359649122807,64.4780701754386
recruiter,2.0,66.39035087719299,45.0
recruiter,2.5,64.76754385964912,15.855263157894736
refugee,1.0,35.21491228070175,31.228070175438596
refugee,1.5,40.824561403508774,33.91228070175438
refugee,2.0,47.10964912280702,30.109649122807017
refugee,2.5,57.15350877192982,20.842105263157894
reporter,1.0,68.4780701754386,61.925438596491226
reporter,1.5,75.23245614035088,62.88157894736842
reporter,2.0,81.96052631578948,40.73245614035088
reporter,2.5,81.13157894736842,13.092105263157896
researcher,1.0,87.1140350877193,16.38157894736842
researcher,1.5,87.4780701754386,16.38157894736842
researcher,2.0,87.06140350877193,16.38157894736842
researcher,2.5,83.8640350877193,16.38157894736842
retiree,1.0,49.51754385964912,48.228070175438596
retiree,1.5,54.23684210526316,51.20175438596491
retiree,2.0,60.12719298245614,41.31578947368421
retiree,2.5,66.71052631578948,19.013157894736842
revenant,1.0,11.368421052631579,11.416666666666666
revenant,1.5,13.596491228070175,12.333333333333334
revenant,2.0,17.763157894736842,12.557017543859649
revenant,2.5,37.60087719298246,7.105263157894737
reviewer,1.0,88.53508771929825,87.37719298245614
reviewer,1.5,87.24122807017544,84.15789473684211
reviewer,2.0,84.6842105263158,52.521929824561404
reviewer,2.5,79.75,16.842105263157894
revolutionary,1.0,43.23684210526316,45.30701754385965
revolutionary,1.5,49.48684210526316,52.030701754385966
revolutionary,2.0,58.87280701754386,55.578947368421055
revolutionary,2.5,69.69298245614036,15.679824561403509
robot,1.0,87.12719298245614,84.54824561403508
robot,1.5,87.04385964912281,83.55263157894737
robot,2.0,85.84210526315789,60.86842105263158
robot,2.5,77.34210526315789,30.614035087719298
rogue,1.0,30.350877192982455,26.390350877192983
rogue,1.5,40.81578947368421,28.20614035087719
rogue,2.0,64.82894736842105,22.87280701754386
rogue,2.5,82.81140350877193,10.899122807017545
romantic,1.0,39.05240174672489,43.096069868995635
romantic,1.5,41.171052631578945,49.78947368421053
romantic,2.0,45.166666666666664,50.81140350877193
romantic,2.5,49.15350877192982,21.18421052631579
saboteur,1.0,24.80263157894737,22.364035087719298
saboteur,1.5,30.464912280701753,23.092105263157894
saboteur,2.0,41.03947368421053,15.855263157894736
saboteur,2.5,60.39035087719298,8.486842105263158
sage,1.0,79.67105263157895,82.53508771929825
sage,1.5,79.75,83.26315789473684
sage,2.0,77.04824561403508,63.69736842105263
sage,2.5,76.1842105263158,14.49561403508772
scheduler,1.0,54.771929824561404,57.43421052631579
scheduler,1.5,56.43859649122807,58.31140350877193
scheduler,2.0,56.70614035087719,43.98245614035088
scheduler,2.5,53.01754385964912,13.706140350877194
scholar,1.0,89.05701754385964,88.69736842105263
scholar,1.5,88.03947368421052,85.94736842105263
scholar,2.0,87.64912280701755,55.00438596491228
scholar,2.5,86.00877192982456,14.385964912280702
scientist,1.0,81.44978165938865,54.89519650655022
scientist,1.5,80.60698689956332,53.786026200873366
scientist,2.0,79.9780701754386,38.728070175438596
scientist,2.5,77.5589519650655,16.899563318777293
scout,1.0,48.84649122807018,42.48245614035088
scout,1.5,57.578947368421055,44.166666666666664
scout,2.0,73.13157894736842,32.43421052631579
scout,2.5,81.40789473684211,18.530701754385966
screener,1.0,74.80701754385964,77.15350877192982
screener,1.5,74.84649122807018,76.14912280701755
screener,2.0,75.3157894736842,49.64912280701754
screener,2.5,75.74561403508773,13.771929824561404
secretary,1.0,61.671052631578945,63.324561403508774
secretary,1.5,62.60964912280702,66.28947368421052
secretary,2.0,59.6578947368421,46.43421052631579
secretary,2.5,51.69298245614035,12.741228070175438
shaman,1.0,32.12280701754386,33.37719298245614
shaman,1.5,38.85964912280702,37.75438596491228
shaman,2.0,53.578947368421055,36.083333333333336
shaman,2.5,74.09649122807018,13.75
shapeshifter,1.0,44.98684210526316,41.030701754385966
shapeshifter,1.5,52.46052631578947,43.6578947368421
shapeshifter,2.0,66.96491228070175,35.54385964912281
shapeshifter,2.5,83.74122807017544,16.907894736842106
simulacrum,1.0,67.8640350877193,62.916666666666664
simulacrum,1.5,76.82894736842105,65.59210526315789
simulacrum,2.0,86.95614035087719,50.57017543859649
simulacrum,2.5,93.4298245614035,17.609649122807017
skeptic,1.0,58.328947368421055,57.666666666666664
skeptic,1.5,62.074561403508774,59.34649122807018
skeptic,2.0,65.91228070175438,44.13157894736842
skeptic,2.5,70.79385964912281,18.464912280701753
smuggler,1.0,28.785087719298247,25.223684210526315
smuggler,1.5,39.219298245614034,27.285087719298247
smuggler,2.0,64.5,20.600877192982455
smuggler,2.5,80.9298245614035,11.162280701754385
sociologist,1.0,73.14912280701755,14.605263157894736
sociologist,1.5,75.33333333333333,14.605263157894736
sociologist,2.0,75.05701754385964,14.605263157894736
sociologist,2.5,76.64035087719299,14.605263157894736
soldier,1.0,44.530701754385966,41.37280701754386
soldier,1.5,54.83771929824562,43.88157894736842
soldier,2.0,69.87719298245614,35.31578947368421
soldier,2.5,77.94736842105263,15.416666666666666
sommelier,1.0,22.982456140350877,22.390350877192983
sommelier,1.5,24.32894736842105,24.157894736842106
sommelier,2.0,27.521929824561404,14.035087719298245
sommelier,2.5,29.657894736842106,6.864035087719298
specialist,1.0,88.61842105263158,90.35964912280701
specialist,1.5,87.91666666666667,89.10526315789474
specialist,2.0,85.3157894736842,54.824561403508774
specialist,2.5,79.65789473684211,12.12719298245614
spirit,1.0,43.54824561403509,43.70614035087719
spirit,1.5,51.31578947368421,50.78508771929825
spirit,2.0,63.81140350877193,48.03508771929825
spirit,2.5,84.26754385964912,14.320175438596491
spy,1.0,32.83771929824562,30.11842105263158
spy,1.5,37.33771929824562,30.657894736842106
spy,2.0,50.10964912280702,23.087719298245613
spy,2.5,69.5657894736842,10.723684210526315
statistician,1.0,60.70614035087719,56.078947368421055
statistician,1.5,61.43859649122807,55.99122807017544
statistician,2.0,62.14473684210526,37.58771929824562
statistician,2.5,63.083333333333336,13.355263157894736
stoic,1.0,48.583333333333336,49.16228070175438
stoic,1.5,53.26754385964912,54.03508771929825
stoic,2.0,60.675438596491226,46.219298245614034
stoic,2.5,66.3201754385965,14.758771929824562
strategist,1.0,82.68859649122807,19.80263157894737
strategist,1.5,82.62280701754386,19.80263157894737
strategist,2.0,81.85087719298245,19.80263157894737
strategist,2.5,77.64473684210526,19.80263157894737
student,1.0,74.84210526315789,19.407894736842106
student,1.5,77.64473684210526,19.407894736842106
student,2.0,81.15789473684211,19.407894736842106
student,2.5,83.4298245614035,19.407894736842106
summarizer,1.0,80.69298245614036,81.3157894736842
summarizer,1.5,80.07456140350877,77.54385964912281
summarizer,2.0,74.5,50.16228070175438
summarizer,2.5,69.29824561403508,12.850877192982455
supervisor,1.0,82.71052631578948,84.3157894736842
supervisor,1.5,79.49122807017544,83.65789473684211
supervisor,2.0,73.58771929824562,56.29385964912281
supervisor,2.5,59.30701754385965,15.416666666666666
surfer,1.0,33.95175438596491,33.62280701754386
surfer,1.5,38.39473684210526,35.81578947368421
surfer,2.0,49.99122807017544,30.94298245614035
surfer,2.5,56.85526315789474,13.399122807017545
survivor,1.0,43.60087719298246,44.80263157894737
survivor,1.5,47.28508771929825,49.37280701754386
survivor,2.0,55.38157894736842,44.583333333333336
survivor,2.5,66.72368421052632,20.13157894736842
swarm,1.0,65.96052631578948,61.70614035087719
swarm,1.5,74.42105263157895,66.0219298245614
swarm,2.0,84.03947368421052,56.328947368421055
swarm,2.5,88.57894736842105,16.030701754385966
symbiont,1.0,51.42982456140351,44.719298245614034
symbiont,1.5,62.24561403508772,46.583333333333336
symbiont,2.0,78.99122807017544,45.11842105263158
symbiont,2.5,91.6842105263158,18.035087719298247
synthesizer,1.0,71.66228070175438,65.0219298245614
synthesizer,1.5,75.68859649122807,64.99561403508773
synthesizer,2.0,80.83771929824562,47.86842105263158
synthesizer,2.5,85.93859649122807,12.346491228070175
teacher,1.0,90.58333333333333,22.280701754385966
teacher,1.5,89.82894736842105,22.280701754385966
teacher,2.0,85.4298245614035,22.280701754385966
teacher,2.5,78.35964912280701,22.280701754385966
technologist,1.0,75.58771929824562,73.98245614035088
technologist,1.5,77.67543859649123,74.50438596491227
technologist,2.0,79.35964912280701,49.65350877192982
technologist,2.5,80.53947368421052,14.078947368421053
teenager,1.0,34.46052631578947,35.83771929824562
teenager,1.5,41.89912280701754,39.71052631578947
teenager,2.0,57.6140350877193,36.50438596491228
teenager,2.5,69.71491228070175,27.982456140350877
theorist,1.0,85.7280701754386,85.78947368421052
theorist,1.5,86.33333333333333,84.78508771929825
theorist,2.0,86.37719298245614,51.925438596491226
theorist,2.5,85.6359649122807,12.93859649122807
therapist,1.0,69.12719298245614,22.609649122807017
therapist,1.5,69.9780701754386,22.609649122807017
therapist,2.0,71.57894736842105,22.609649122807017
therapist,2.5,72.15350877192982,22.609649122807017
toddler,1.0,3.6184210526315788,6.118421052631579
toddler,1.5,8.074561403508772,15.135964912280702
toddler,2.0,13.105263157894736,20.035087719298247
toddler,2.5,18.56140350877193,22.5
traditionalist,1.0,51.43859649122807,52.70175438596491
traditionalist,1.5,55.69298245614035,56.62719298245614
traditionalist,2.0,61.85087719298246,55.26754385964912
traditionalist,2.5,69.73684210526316,22.842105263157894
trainer,1.0,86.91228070175438,78.48684210526316
trainer,1.5,87.90350877192982,77.49122807017544
trainer,2.0,87.3201754385965,54.56578947368421
trainer,2.5,85.0219298245614,18.00438596491228
translator,1.0,47.24122807017544,14.62719298245614
translator,1.5,47.05263157894737,14.62719298245614
translator,2.0,49.68421052631579,14.62719298245614
translator,2.5,53.324561403508774,14.62719298245614
tree,1.0,44.33771929824562,40.39912280701754
tree,1.5,53.03947368421053,44.58771929824562
tree,2.0,70.24561403508773,35.78508771929825
tree,2.5,85.48245614035088,14.232456140350877
trickster,1.0,33.10087719298246,31.135964912280702
trickster,1.5,45.280701754385966,34.16228070175438
trickster,2.0,68.9342105263158,32.71052631578947
trickster,2.5,85.39473684210526,13.289473684210526
tulpa,1.0,44.73684210526316,42.28508771929825
tulpa,1.5,48.93859649122807,45.771929824561404
tulpa,2.0,57.3859649122807,42.62280701754386
tulpa,2.5,69.0701754385965,20.109649122807017
tutor,1.0,91.91228070175438,20.789473684210527
tutor,1.5,90.24561403508773,20.789473684210527
tutor,2.0,89.75,20.789473684210527
tutor,2.5,84.79824561403508,20.789473684210527
validator,1.0,80.29824561403508,82.4298245614035
validator,1.5,78.51754385964912,80.51315789473684
validator,2.0,76.42543859649123,48.62719298245614
validator,2.5,71.79824561403508,14.166666666666666
vampire,1.0,16.096491228070175,18.38157894736842
vampire,1.5,18.846491228070175,21.32894736842105
vampire,2.0,20.649122807017545,18.24122807017544
vampire,2.5,23.74561403508772,9.385964912280702
vegan,1.0,34.526315789473685,35.1578947368421
vegan,1.5,38.021929824561404,36.35087719298246
vegan,2.0,39.24561403508772,28.50877192982456
vegan,2.5,39.328947368421055,14.12280701754386
veteran,1.0,55.01315789473684,44.25877192982456
veteran,1.5,61.478070175438596,45.39035087719298
veteran,2.0,69.53947368421052,34.56140350877193
veteran,2.5,78.10526315789474,14.93421052631579
veterinarian,1.0,39.6359649122807,40.46052631578947
veterinarian,1.5,39.90350877192982,40.824561403508774
veterinarian,2.0,41.59649122807018,26.359649122807017
veterinarian,2.5,45.083333333333336,12.5
vigilante,1.0,29.19736842105263,27.87280701754386
vigilante,1.5,32.99122807017544,28.82894736842105
vigilante,2.0,42.421052631578945,22.42543859649123
vigilante,2.5,53.20175438596491,12.083333333333334
virtuoso,1.0,52.60964912280702,52.01754385964912
virtuoso,1.5,57.21052631578947,52.18859649122807
virtuoso,2.0,61.833333333333336,40.89473684210526
virtuoso,2.5,69.9298245614035,11.666666666666666
virus,1.0,8.868421052631579,7.464912280701754
virus,1.5,11.978070175438596,8.31140350877193
virus,2.0,20.789473684210527,8.570175438596491
virus,2.5,43.776315789473685,6.184210526315789
visionary,1.0,74.80701754385964,74.32894736842105
visionary,1.5,77.01315789473684,76.85526315789474
visionary,2.0,80.49561403508773,59.328947368421055
visionary,2.5,81.69298245614036,15.175438596491228
void,1.0,32.69298245614035,32.324561403508774
void,1.5,36.78947368421053,35.824561403508774
void,2.0,49.36842105263158,32.65350877192982
void,2.5,74.24122807017544,15.109649122807017
wanderer,1.0,44.026315789473685,45.021929824561404
wanderer,1.5,49.030701754385966,50.60087719298246
wanderer,2.0,55.10087719298246,48.26315789473684
wanderer,2.5,65.76315789473684,17.82017543859649
warrior,1.0,36.21491228070175,38.01315789473684
warrior,1.5,40.333333333333336,41.171052631578945
warrior,2.0,47.45614035087719,37.973684210526315
warrior,2.5,61.30701754385965,13.135964912280702
whale,1.0,34.416666666666664,33.916666666666664
whale,1.5,40.70614035087719,36.44298245614035
whale,2.0,58.60964912280702,30.49561403508772
whale,2.5,80.50438596491227,11.31578947368421
widow,1.0,37.10964912280702,34.32017543859649
widow,1.5,43.078947368421055,37.70175438596491
widow,2.0,55.23684210526316,35.45175438596491
widow,2.5,65.24561403508773,19.95614035087719
wind,1.0,43.21834061135371,42.33187772925764
wind,1.5,53.71615720524017,47.72052401746725
wind,2.0,69.42794759825327,48.07423580786026
wind,2.5,87.34497816593887,14.43231441048035
witch,1.0,28.859649122807017,28.916666666666668
witch,1.5,32.574561403508774,31.11842105263158
witch,2.0,43.08771929824562,28.24561403508772
witch,2.5,61.65350877192982,9.539473684210526
witness,1.0,51.166666666666664,44.07017543859649
witness,1.5,57.324561403508774,45.70175438596491
witness,2.0,67.11842105263158,38.56578947368421
witness,2.5,78.00438596491227,16.776315789473685
workaholic,1.0,52.23684210526316,50.75877192982456
workaholic,1.5,57.89912280701754,53.074561403508774
workaholic,2.0,66.82456140350877,44.70175438596491
workaholic,2.5,74.61842105263158,20.416666666666668
wraith,1.0,25.605263157894736,26.899122807017545
wraith,1.5,30.864035087719298,29.635964912280702
wraith,2.0,39.30263157894737,28.17543859649123
wraith,2.5,61.03508771929825,9.473684210526315
writer,1.0,62.80263157894737,13.530701754385966
writer,1.5,67.18859649122807,13.530701754385966
writer,2.0,72.99122807017544,13.530701754385966
writer,2.5,80.99122807017544,13.530701754385966
zealot,1.0,40.01754385964912,13.486842105263158
zealot,1.5,45.583333333333336,13.486842105263158
zealot,2.0,56.925438596491226,13.486842105263158
zealot,2.5,68.8157894736842,13.486842105263158
zeitgeist,1.0,75.60526315789474,72.25
zeitgeist,1.5,78.0701754385965,73.8201754385965
zeitgeist,2.0,84.26754385964912,58.98684210526316
zeitgeist,2.5,85.00877192982456,15.723684210526315
