role,steered_auc,aa_auc,auc_advantage,steered_monotonic,aa_monotonic,steered_peak_alpha,aa_peak_alpha,steered_slope,aa_slope,slope_advantage,steered_score_1_0,steered_score_2_5,aa_score_1_0,aa_score_2_5,steered_gain,aa_gain
aberration,41.47733918128655,25.771929824561408,15.705409356725145,True,False,2.5,1.5,24.506140350877182,-10.521929824561388,35.02807017543857,29.06578947368421,66.58771929824562,28.600877192982455,13.267543859649123,37.52192982456141,-15.333333333333332
absurdist,37.23464912280702,34.280701754385966,2.953947368421055,True,False,2.5,2.0,13.983333333333329,-3.056140350877186,17.039473684210513,29.54385964912281,50.8640350877193,30.81140350877193,23.50438596491228,21.320175438596493,-7.307017543859651
accountant,60.78143274853801,47.694444444444436,13.086988304093573,False,False,2.0,1.5,1.5587719298245573,-31.85438596491226,33.41315789473682,59.74561403508772,61.66228070175438,61.6140350877193,14.868421052631579,1.9166666666666643,-46.745614035087726
activist,57.760945759595494,50.91742319773232,6.843522561863175,True,False,2.5,1.5,6.459928752011033,-23.881555964146152,30.341484716157183,53.109170305676855,62.53947368421053,56.60262008733624,19.539473684210527,9.430303378533672,-37.063146403125714
actor,59.1922514619883,34.19517543859649,24.997076023391806,True,False,2.5,1.5,19.795614035087713,-17.02017543859648,36.81578947368419,45.574561403508774,74.66666666666667,40.64473684210526,16.31578947368421,29.092105263157897,-24.32894736842105
addict,56.13427309175413,39.47018246124774,16.664090630506394,True,False,2.5,2.0,25.51831762813145,-6.4994828774994335,32.01780050563088,38.31877729257642,75.49122807017544,37.620087336244545,26.030701754385966,37.17245077759902,-11.58938558185858
adolescent,58.715215531550854,43.5077057636814,15.207509767869453,True,False,2.5,1.5,27.635037922316698,-7.588853137209822,35.22389105952652,38.62882096069869,79.70614035087719,43.60262008733624,32.58771929824562,41.0773193901785,-11.014900789090625
advocate,77.95760233918128,57.28070175438595,20.676900584795327,False,False,2.0,1.5,3.5263157894736725,-35.20877192982452,38.73508771929819,74.01315789473684,78.73245614035088,71.16228070175438,17.69736842105263,4.719298245614041,-53.46491228070175
alien,51.03801169590643,31.95029239766082,19.087719298245606,True,False,2.5,1.5,25.45087719298244,-13.799999999999994,39.25087719298243,37.50877192982456,76.19298245614036,36.56578947368421,16.11842105263158,38.684210526315795,-20.447368421052634
altruist,73.70042646645727,62.147558671059016,11.552867795398257,False,False,2.0,1.5,2.310181567455752,-21.125557343139494,23.435738910595248,71.27510917030568,74.3859649122807,58.48471615720524,25.74561403508772,3.1108557419750156,-32.73910212211752
amateur,79.57309941520468,57.54093567251462,22.03216374269006,True,False,2.5,1.5,15.778070175438584,-23.69999999999998,39.47807017543857,65.50877192982456,89.09649122807018,63.14912280701754,27.67543859649123,23.587719298245617,-35.473684210526315
ambassador,68.97807017543859,54.75804093567252,14.22002923976607,False,False,1.5,1.0,-3.199999999999997,-38.05701754385962,34.85701754385963,69.85087719298245,64.94736842105263,71.03070175438596,14.342105263157896,-4.903508771929822,-56.68859649122806
amnesiac,56.36988304093567,39.10453216374269,17.26535087719298,True,False,2.5,1.5,27.242982456140332,-6.715789473684203,33.958771929824536,39.49561403508772,79.15350877192982,37.28947368421053,26.38157894736842,39.6578947368421,-10.907894736842106
analyst,84.64181286549707,63.087719298245624,21.55409356725145,False,False,1.0,1.0,-2.818421052631569,-46.39824561403508,43.57982456140351,86.3201754385965,81.89035087719299,85.9342105263158,17.960526315789473,-4.429824561403507,-67.97368421052633
anarchist,42.02777777777778,28.62353801169591,13.404239766081869,True,False,2.5,1.5,17.989473684210516,-10.403508771929818,28.392982456140334,30.385964912280702,57.3421052631579,30.70614035087719,15.043859649122806,26.956140350877195,-15.662280701754385
ancient,46.42982456140351,38.76242690058479,7.667397660818715,True,False,2.5,1.5,5.597368421052624,-21.426315789473673,27.023684210526298,42.99561403508772,51.083333333333336,44.6359649122807,11.614035087719298,8.087719298245617,-33.0219298245614
angel,77.72733918128655,58.845029239766085,18.882309941520468,True,False,2.5,1.5,16.292105263157882,-31.018421052631556,47.31052631578944,65.93859649122807,89.60087719298245,66.99122807017544,18.333333333333332,23.662280701754383,-48.65789473684211
anthropologist,68.37865497076024,49.23318713450292,19.145467836257318,True,False,2.5,1.5,9.21842105263158,-28.900877192982446,38.119298245614026,61.75438596491228,75.2280701754386,60.86842105263158,17.214912280701753,13.473684210526322,-43.65350877192983
archaeologist,51.0672514619883,33.19517543859649,17.872076023391806,True,False,2.5,1.5,8.965789473684206,-19.37017543859648,28.335964912280687,44.71491228070175,58.15350877192982,41.90350877192982,14.276315789473685,13.438596491228068,-27.627192982456137
architect,56.68886143670676,42.820066906713656,13.868794529993103,True,False,2.5,1.5,2.5847046655941215,-29.28444035853826,31.86914502413238,54.61572052401747,58.49561403508772,56.1528384279476,13.771929824561404,3.87989351107025,-42.380908603386196
archivist,67.76608187134502,40.1703216374269,27.59576023391812,True,False,2.5,1.5,13.763157894736825,-25.471052631578935,39.23421052631576,59.04824561403509,78.8640350877193,50.44298245614035,13.157894736842104,19.815789473684212,-37.28508771929825
artisan,69.44882721724252,46.823348400112366,22.62547881713016,True,False,2.5,1.5,17.251585842335096,-25.462146632957914,42.713732475293014,56.49781659388646,81.68859649122807,55.60698689956332,17.280701754385966,25.190779897341606,-38.32628514517735
ascetic,38.02046783625731,37.469298245614034,0.5511695906432763,True,False,2.5,1.5,5.118421052631578,-12.63771929824561,17.75614035087719,34.10964912280702,42.00438596491228,38.73684210526316,18.333333333333332,7.89473684210526,-20.403508771929825
assistant,93.06944444444446,69.31359649122807,23.75584795321639,False,False,1.0,1.0,-3.4377192982456193,-51.059649122806995,47.62192982456138,94.70614035087719,89.46491228070175,93.46052631578948,18.394736842105264,-5.241228070175438,-75.06578947368422
auctioneer,49.67982456140351,27.802631578947366,21.87719298245614,True,False,2.5,1.5,21.590350877192968,-15.49999999999999,37.09035087719296,36.526315789473685,68.84210526315789,34.0,11.359649122807017,32.315789473684205,-22.640350877192983
auditor,64.62134502923976,49.58040935672515,15.040935672514614,True,False,2.5,1.5,3.2061403508771944,-33.94210526315787,37.14824561403506,62.728070175438596,67.60526315789474,63.12280701754386,13.114035087719298,4.877192982456144,-50.00877192982456
avatar,71.56652046783626,49.62134502923976,21.945175438596493,True,False,2.5,1.5,21.72631578947367,-25.520175438596475,47.24649122807014,55.44298245614035,87.10526315789474,55.276315789473685,15.49561403508772,31.66228070175439,-39.780701754385966
bard,56.498538011695906,50.3406432748538,6.15789473684211,True,False,2.5,2.0,14.27807017543858,-18.716666666666658,32.99473684210524,47.40350877192982,68.56140350877193,50.85526315789474,18.460526315789473,21.15789473684211,-32.39473684210527
bartender,67.36184210526316,40.31067251461988,27.051169590643283,True,False,2.5,1.5,20.092105263157872,-17.193859649122807,37.285964912280676,50.776315789473685,79.8157894736842,45.8640350877193,20.526315789473685,29.03947368421052,-25.337719298245617
biologist,59.20906432748538,41.09283625730994,18.11622807017544,True,False,2.5,1.0,2.439473684210529,-30.350877192982438,32.790350877192964,57.728070175438596,60.93859649122807,56.29385964912281,12.149122807017545,3.2105263157894726,-44.14473684210526
blogger,81.57748538011697,57.05263157894736,24.524853801169606,True,False,2.5,1.0,7.967543859649116,-36.17807017543857,44.14561403508769,74.57456140350877,86.26754385964912,71.59210526315789,16.662280701754387,11.692982456140356,-54.92982456140351
bohemian,59.28216374269005,52.635964912280706,6.646198830409347,True,False,2.5,2.0,17.274561403508763,-18.356140350877187,35.63070175438595,47.478070175438596,72.89035087719299,52.8859649122807,22.17543859649123,25.41228070175439,-30.71052631578947
builder,75.08333333333333,50.91959064327486,24.16374269005847,True,False,2.5,1.5,9.823684210526306,-30.102631578947356,39.92631578947366,67.8201754385965,82.39035087719299,63.276315789473685,18.355263157894736,14.570175438596493,-44.921052631578945
caregiver,75.96642215071886,61.989079777318125,13.977342373400731,False,False,2.0,1.5,0.8398184325442419,-32.455906688117665,33.295725120661906,72.646288209607,72.8640350877193,72.23580786026201,21.99561403508772,0.2177468781123082,-50.240193825174295
cartographer,55.86769005847953,34.051169590643276,21.816520467836256,True,False,2.5,1.5,12.089473684210525,-23.259649122807005,35.34912280701753,47.68859649122807,65.35087719298245,44.33771929824562,10.37280701754386,17.662280701754383,-33.96491228070175
caveman,23.7719298245614,15.15643274853801,8.61549707602339,True,False,2.5,2.0,25.51228070175437,1.9403508771929807,23.57192982456139,10.482456140350877,49.219298245614034,11.56140350877193,13.973684210526315,38.73684210526316,2.4122807017543852
celebrity,57.39873656119921,36.497468653438546,20.901267907760662,True,False,2.5,1.5,16.643346357159263,-13.871393549375616,30.514739906534878,45.171052631578945,69.52838427947599,41.60087719298246,21.46288209606987,24.35733164789704,-20.13799509691259
chameleon,64.02485380116958,41.26388888888889,22.76096491228069,True,False,2.5,1.5,21.142982456140338,-15.63947368421053,36.78245614035087,50.60087719298246,81.69736842105263,45.8421052631579,21.864035087719298,31.09649122807017,-23.9780701754386
chef,38.871906841339154,26.475254730713246,12.396652110625908,True,False,2.5,1.5,9.900436681222697,-15.097816593886455,24.99825327510915,32.467248908296945,47.314410480349345,33.069868995633186,11.790393013100436,14.8471615720524,-21.27947598253275
chemist,57.598451186189635,39.327507724916366,18.27094346127327,True,False,2.5,1.5,4.514950586072164,-27.898165172757217,32.41311575882938,54.3859649122807,61.31877729257642,52.416666666666664,12.969432314410481,6.932812380295722,-39.44723435225618
chimera,62.361111111111114,39.538742690058484,22.82236842105263,True,False,2.5,1.5,27.458771929824547,-15.893859649122785,43.35263157894733,46.3640350877193,86.8640350877193,43.666666666666664,19.460526315789473,40.5,-24.20614035087719
coach,87.03070175438597,68.8845029239766,18.146198830409375,False,False,1.0,1.0,-7.052631578947359,-41.95526315789473,34.902631578947364,90.20175438596492,78.96491228070175,89.58333333333333,28.837719298245613,-11.236842105263165,-60.74561403508771
collaborator,89.6652046783626,72.08552631578947,17.579678362573134,False,False,1.5,1.0,-0.641228070175434,-42.59298245614034,41.951754385964904,89.10526315789474,88.05263157894737,89.53508771929825,24.32017543859649,-1.05263157894737,-65.21491228070175
collector,56.63157894736842,35.994883040935676,20.63669590643274,True,False,2.5,1.5,9.917543859649117,-20.97456140350877,30.892105263157887,50.20175438596491,65.02631578947368,44.81578947368421,13.837719298245615,14.824561403508774,-30.978070175438596
comedian,53.46637426900585,32.00073099415205,21.465643274853797,True,False,2.5,1.5,25.720175438596478,-18.429824561403496,44.14999999999998,37.1578947368421,74.91228070175438,36.39035087719298,8.201754385964913,37.75438596491228,-28.18859649122807
competitor,70.35526315789474,45.950292397660824,24.404970760233915,True,False,2.5,1.5,16.024561403508766,-23.09385964912279,39.11842105263156,57.728070175438596,81.0701754385965,54.469298245614034,19.767543859649123,23.342105263157897,-34.70175438596491
composer,49.45760233918128,33.47514619883041,15.98245614035087,True,False,2.5,1.5,12.357017543859646,-19.564035087719297,31.921052631578945,41.8421052631579,60.10526315789474,40.828947368421055,11.855263157894736,18.263157894736842,-28.97368421052632
conservator,48.58552631578947,40.718567251461984,7.866959064327489,False,False,1.5,1.5,-1.2807017543859573,-23.292982456140347,22.01228070175439,48.13157894736842,46.30263157894737,50.96052631578947,16.79824561403509,-1.8289473684210478,-34.16228070175438
consultant,85.54020467836256,65.20394736842105,20.3362573099415,False,False,1.0,1.0,-6.627192982456147,-49.209649122807,42.58245614035086,89.16666666666667,79.05701754385964,88.64912280701755,16.732456140350877,-10.109649122807028,-71.91666666666667
contrarian,57.296783625730995,39.183479532163744,18.11330409356725,True,False,2.5,1.5,15.416666666666657,-16.395614035087707,31.812280701754364,47.23684210526316,69.8859649122807,45.333333333333336,20.94298245614035,22.64912280701754,-24.390350877192986
coordinator,81.18551290890981,65.43215480477029,15.753358104139522,False,False,1.5,1.5,-4.473764651804186,-42.44569830690261,37.97193365509842,82.60526315789474,75.39301310043668,82.97368421052632,19.475982532751093,-7.212250057458064,-63.497701677775225
coral_reef,74.72222222222221,50.56213450292398,24.160087719298232,True,False,2.5,1.5,20.42192982456138,-26.42631578947367,46.84824561403505,60.530701754385966,91.00438596491227,59.71491228070175,19.210526315789473,30.473684210526308,-40.50438596491228
cosmopolitan,81.54020467836257,63.33845029239766,18.20175438596491,False,False,2.0,1.0,0.9578947368420969,-37.89035087719298,38.84824561403508,79.32894736842105,80.79824561403508,78.9780701754386,21.57894736842105,1.469298245614027,-57.39912280701755
counselor,80.29312865497076,68.97953216374269,11.313596491228068,False,False,1.5,1.5,1.178947368421053,-37.26052631578944,38.4394736842105,78.5,80.60087719298245,82.70175438596492,26.359649122807017,2.100877192982452,-56.342105263157904
criminal,46.66812865497076,22.191520467836256,24.476608187134502,True,False,2.5,1.5,33.463157894736824,-8.216666666666667,41.67982456140349,26.70614035087719,75.4780701754386,24.236842105263158,12.763157894736842,48.77192982456141,-11.473684210526315
critic,72.31133328225951,40.69053091243393,31.620802369825583,True,False,2.5,1.0,3.519114379836046,-29.80926223856584,33.32837661840188,69.73799126637554,74.88646288209607,54.86026200873363,11.253275109170305,5.148471615720524,-43.606986899563324
crystalline,79.8391812865497,50.7266081871345,29.1125730994152,True,False,2.5,1.5,13.920175438596472,-34.16929824561403,48.0894736842105,69.9780701754386,90.64473684210526,64.16228070175438,13.399122807017545,20.666666666666657,-50.763157894736835
curator,61.396929824561404,44.82090643274854,16.576023391812868,True,False,2.5,1.0,2.770175438596496,-29.548245614035064,32.318421052631564,58.69736842105263,62.833333333333336,58.13157894736842,14.671052631578947,4.135964912280706,-43.46052631578947
cyborg,66.55701754385964,37.22587719298246,29.331140350877185,True,False,2.5,1.5,25.111403508771918,-19.513157894736825,44.62456140350874,50.67982456140351,87.51315789473684,44.973684210526315,15.50438596491228,36.83333333333333,-29.469298245614034
cynic,49.319444444444436,34.780701754385966,14.53874269005847,True,False,2.5,1.5,19.526315789473674,-12.061403508771924,31.5877192982456,38.21052631578947,67.48684210526316,37.71052631578947,19.25438596491228,29.276315789473692,-18.45614035087719
daredevil,65.82894736842105,39.063596491228076,26.76535087719298,True,False,2.5,1.5,26.387719298245596,-11.863157894736833,38.25087719298243,44.53508771929825,82.80701754385964,41.0,21.95175438596491,38.2719298245614,-19.04824561403509
debugger,69.07017543859648,46.86111111111111,22.209064327485372,True,False,2.5,1.0,6.410526315789474,-28.071929824561398,34.48245614035087,64.36842105263158,73.36842105263158,59.578947368421055,18.37719298245614,9.0,-41.20175438596492
demon,41.46052631578948,26.34795321637427,15.112573099415211,True,False,2.5,1.5,26.54210526315788,-9.805263157894732,36.34736842105261,29.32894736842105,69.76754385964912,27.29385964912281,11.635964912280702,40.43859649122807,-15.657894736842106
designer,68.84576023391813,48.022660818713454,20.823099415204673,True,False,2.5,1.0,6.975438596491219,-32.24649122807017,39.221929824561386,64.21929824561404,74.68859649122807,62.574561403508774,15.43859649122807,10.469298245614027,-47.135964912280706
destroyer,48.66228070175438,28.070175438596493,20.59210526315789,True,False,2.5,1.5,25.34298245614034,-13.404385964912276,38.74736842105261,33.89473684210526,70.71929824561404,32.46491228070175,12.192982456140351,36.82456140350878,-20.271929824561404
detective,61.272660818713454,38.49195906432749,22.780701754385966,True,False,2.5,1.5,15.428070175438592,-22.13684210526315,37.56491228070174,51.62719298245614,74.64912280701755,48.32017543859649,16.00877192982456,23.02192982456141,-32.31140350877193
devils_advocate,66.18055555555556,39.682017543859644,26.498538011695913,True,False,2.5,1.0,17.901754385964896,-21.07719298245613,38.978947368421025,54.228070175438596,80.74122807017544,49.416666666666664,18.596491228070175,26.513157894736842,-30.82017543859649
dilettante,72.95248538011695,46.58187134502924,26.370614035087712,True,False,2.5,1.5,20.651754385964903,-19.94210526315788,40.593859649122784,56.38157894736842,86.3157894736842,53.03947368421053,23.399122807017545,29.934210526315788,-29.640350877192983
dispatcher,64.02631578947368,50.29093567251462,13.735380116959064,False,False,2.0,1.5,1.1885964912280595,-30.66315789473682,31.85175438596488,61.71052631578947,63.01754385964912,62.6359649122807,17.390350877192983,1.3070175438596507,-45.24561403508771
divorcee,57.21345029239766,42.904970760233915,14.308479532163744,True,False,2.5,1.5,15.088596491228058,-16.258771929824555,31.347368421052614,46.5921052631579,68.08333333333333,47.33771929824562,22.785087719298247,21.49122807017543,-24.55263157894737
doctor,60.137184299905506,50.30150795474859,9.83567634515692,False,False,1.5,1.5,-0.2731479353405341,-30.383724048111524,30.11057611277099,59.71615720524017,59.38427947598253,63.7117903930131,20.283842794759824,-0.33187772925764136,-43.42794759825328
dreamer,70.03216374269006,49.16154970760234,20.87061403508772,True,False,2.5,1.5,24.76842105263157,-23.3877192982456,48.156140350877166,52.85964912280702,88.94736842105263,52.63157894736842,14.802631578947368,36.08771929824561,-37.82894736842105
echo,77.67543859649123,56.459064327485386,21.216374269005847,True,False,2.5,1.5,15.525438596491215,-32.598245614035086,48.1236842105263,67.4780701754386,89.79385964912281,66.14912280701755,13.868421052631579,22.315789473684205,-52.28070175438597
economist,58.89181286549708,44.478070175438596,14.413742690058484,False,False,1.5,1.5,-0.8807017543859637,-32.866666666666646,31.985964912280682,58.96491228070175,57.92982456140351,59.43859649122807,11.885964912280702,-1.0350877192982466,-47.55263157894737
ecosystem,58.71418128654971,42.08479532163742,16.629385964912288,True,False,2.5,1.5,15.387719298245605,-22.014035087719282,37.401754385964885,50.324561403508774,73.77631578947368,49.73684210526316,16.228070175438596,23.45175438596491,-33.50877192982456
editor,67.81213450292398,46.23245614035088,21.579678362573105,False,False,1.5,1.0,-0.1596491228070224,-36.02456140350874,35.864912280701716,67.1359649122807,67.00877192982456,63.46491228070175,11.842105263157896,-0.12719298245613686,-51.622807017543856
egregore,49.42105263157894,27.413011695906434,22.008040935672504,True,False,2.5,1.5,31.918421052631555,-11.422807017543855,43.34122807017541,32.07017543859649,79.85087719298245,30.19736842105263,12.324561403508772,47.78070175438596,-17.872807017543856
elder,63.7733918128655,52.154970760233915,11.618421052631582,True,False,2.5,1.5,11.378070175438594,-25.70087719298244,37.078947368421034,56.3421052631579,73.37719298245614,59.1140350877193,18.385964912280702,17.03508771929824,-40.7280701754386
eldritch,45.65277777777777,24.14327485380117,21.5095029239766,True,False,2.5,1.5,37.185087719298224,-9.113157894736842,46.29824561403507,25.736842105263158,81.14473684210526,24.912280701754387,10.692982456140351,55.4078947368421,-14.219298245614036
emissary,76.87353801169591,62.088450292397674,14.78508771929824,True,False,2.5,1.5,3.7508771929824474,-34.011403508771906,37.76228070175436,74.21052631578948,79.37280701754386,75.19298245614036,24.092105263157894,5.1622807017543835,-51.100877192982466
empath,73.48326055312955,61.37190684133916,12.111353711790393,True,False,2.5,1.5,9.274235807860263,-27.60611353711789,36.88034934497815,66.51965065502183,79.89082969432314,66.29257641921397,21.572052401746724,13.37117903930131,-44.72052401746725
engineer,79.60233918128655,56.99780701754386,22.60453216374269,True,False,2.5,1.0,3.7438596491228004,-38.157894736842096,41.90175438596489,76.46052631578948,81.80263157894737,74.82894736842105,19.342105263157894,5.34210526315789,-55.486842105263165
entrepreneur,80.8391812865497,57.14181286549708,23.697368421052623,True,False,2.5,1.5,5.1464912280701824,-31.376315789473672,36.522807017543855,75.87719298245614,83.4298245614035,70.94736842105263,26.210526315789473,7.55263157894737,-44.73684210526316
evaluator,85.31213450292398,64.51315789473685,20.798976608187132,False,False,1.0,1.0,-5.65701754385964,-48.23859649122807,42.581578947368435,88.65350877192982,79.74561403508773,88.38157894736842,18.92543859649123,-8.907894736842096,-69.45614035087719
evangelist,72.58625730994152,53.09649122807017,19.489766081871345,True,False,2.5,1.5,7.535964912280699,-32.57719298245611,40.11315789473681,67.25877192982456,78.54824561403508,63.70175438596491,13.701754385964913,11.28947368421052,-50.0
examiner,79.93494152046783,61.119152046783626,18.815789473684205,False,False,1.0,1.0,-6.554385964912288,-45.910526315789454,39.35614035087717,83.49561403508773,73.63157894736842,84.08333333333333,18.20175438596491,-9.864035087719301,-65.88157894736841
exile,46.502192982456144,33.67763157894737,12.824561403508774,True,False,2.5,1.5,16.750877192982447,-12.839473684210525,29.59035087719297,37.08771929824562,61.530701754385966,37.28508771929825,17.55263157894737,24.44298245614035,-19.732456140350877
expatriate,70.95833333333333,46.353070175438596,24.605263157894733,True,False,2.5,1.5,12.585087719298244,-23.58947368421052,36.17456140350876,60.5,79.0219298245614,55.68421052631579,20.986842105263158,18.521929824561397,-34.69736842105263
facilitator,84.51535087719299,69.46198830409357,15.05336257309942,False,False,1.0,1.0,-6.475438596491235,-43.26491228070173,36.78947368421049,87.59649122807018,77.87280701754386,87.46929824561404,22.478070175438596,-9.723684210526315,-64.99122807017545
familiar,77.99415204678363,50.11695906432749,27.877192982456137,True,False,2.5,1.5,14.964912280701752,-29.791228070175414,44.75614035087717,66.80701754385964,88.50877192982456,59.6578947368421,14.078947368421053,21.701754385964918,-45.57894736842105
fixer,74.67470760233918,42.376461988304094,32.29824561403509,True,False,2.5,1.5,20.128947368421034,-18.34736842105263,38.47631578947366,56.64473684210526,86.2280701754386,49.728070175438596,22.69736842105263,29.583333333333343,-27.030701754385966
flaneur,65.71929824561403,44.33771929824562,21.38157894736841,True,False,2.5,1.5,20.77631578947367,-18.51666666666664,39.29298245614031,51.16228070175438,81.75877192982456,47.63157894736842,17.36842105263158,30.596491228070178,-30.26315789473684
fool,63.53654970760234,52.796783625730995,10.739766081871345,True,False,2.5,2.0,31.52105263157893,8.487719298245615,23.033333333333314,41.64035087719298,87.03508771929825,40.75877192982456,51.35526315789474,45.39473684210527,10.596491228070178
forecaster,76.49853801169591,54.45248538011696,22.046052631578952,True,False,2.5,1.0,1.5026315789473539,-38.92017543859647,40.422807017543825,75.58333333333333,77.76754385964912,72.14473684210526,14.692982456140351,2.1842105263157947,-57.45175438596491
futurist,76.39546783625731,58.41959064327485,17.97587719298246,True,False,2.5,1.5,3.664912280701767,-37.69385964912279,41.358771929824556,73.65350877192982,79.06140350877193,73.08771929824562,16.31578947368421,5.40789473684211,-56.77192982456141
gamer,37.812865497076025,25.94078947368421,11.872076023391816,True,False,2.5,1.5,8.249999999999993,-15.183333333333328,23.433333333333323,33.780701754385966,45.87719298245614,32.67982456140351,11.228070175438596,12.096491228070171,-21.45175438596491
generalist,92.79824561403508,68.7375730994152,24.06067251461988,False,False,2.0,1.0,-0.46842105263156975,-47.768421052631574,47.300000000000004,92.84210526315789,92.03508771929825,90.69298245614036,20.17982456140351,-0.8070175438596436,-70.51315789473685
genie,49.8983918128655,39.39108187134503,10.507309941520468,True,False,2.5,1.5,13.312280701754377,-15.950877192982453,29.26315789473683,42.64473684210526,62.78947368421053,41.925438596491226,16.62280701754386,20.144736842105267,-25.302631578947366
geographer,57.33187134502924,39.85672514619883,17.47514619883041,True,False,2.5,1.0,5.204385964912284,-27.89736842105262,33.1017543859649,54.526315789473685,62.29824561403509,53.01754385964912,11.798245614035087,7.771929824561404,-41.219298245614034
ghost,47.58040935672515,31.233187134502927,16.34722222222222,True,False,2.5,1.5,28.973684210526304,-11.933333333333334,40.90701754385964,31.81578947368421,75.6842105263158,33.01315789473684,14.166666666666666,43.86842105263159,-18.846491228070178
golem,42.53654970760234,30.227339181286553,12.309210526315788,True,False,2.5,1.5,15.01754385964911,-15.379824561403497,30.397368421052608,35.08771929824562,58.00877192982456,35.79824561403509,12.302631578947368,22.921052631578945,-23.49561403508772
gossip,51.92324561403509,36.04459064327485,15.878654970760238,True,False,2.5,1.5,21.55350877192981,-12.168421052631572,33.721929824561386,39.219298245614034,70.61842105263158,38.99122807017544,20.37280701754386,31.39912280701754,-18.61842105263158
grader,84.71783625730994,65.51535087719297,19.20248538011697,False,False,1.0,1.0,-5.974561403508777,-47.12631578947366,41.15175438596488,87.76315789473684,79.09649122807018,88.5701754385965,20.021929824561404,-8.666666666666657,-68.5482456140351
graduate,83.57383040935672,59.290204678362564,24.283625730994153,True,False,2.5,1.5,5.814912280701756,-35.46140350877191,41.276315789473664,77.99561403508773,86.4298245614035,73.3201754385965,20.13157894736842,8.43421052631578,-53.18859649122807
grandparent,63.59941520467836,51.853070175438596,11.746345029239762,True,False,2.5,1.5,14.418421052631567,-21.255263157894724,35.67368421052629,53.71052631578947,74.84210526315789,56.35087719298246,24.135964912280702,21.131578947368418,-32.21491228070175
guardian,76.95029239766082,53.90789473684211,23.042397660818708,True,False,2.5,1.5,5.826315789473698,-34.41666666666663,40.242982456140325,73.1798245614035,81.41666666666667,68.04385964912281,16.79824561403509,8.236842105263165,-51.24561403508772
guide,91.7090643274854,70.17251461988305,21.536549707602347,False,False,1.5,1.0,-3.9657894736842105,-48.54824561403505,44.582456140350835,93.19736842105263,87.41666666666667,92.2280701754386,20.394736842105264,-5.780701754385959,-71.83333333333334
guru,65.56140350877193,61.38669590643275,4.174707602339183,True,False,2.5,1.5,6.180701754385952,-30.34649122807016,36.527192982456114,60.91228070175438,69.84210526315789,67.67543859649123,19.662280701754387,8.929824561403507,-48.01315789473685
hacker,55.92763157894736,30.85233918128655,25.075292397660814,True,False,2.5,1.5,24.15614035087717,-14.925438596491222,39.08157894736839,40.71052631578947,76.54824561403508,36.53947368421053,15.109649122807017,35.83771929824561,-21.42982456140351
healer,72.69371345029239,60.882309941520454,11.811403508771939,True,False,2.5,1.5,8.792105263157895,-31.2859649122807,40.0780701754386,66.0657894736842,79.00877192982456,69.74561403508773,20.592105263157894,12.942982456140356,-49.153508771929836
hedonist,45.13609898107715,28.786026200873362,16.350072780203785,True,False,2.5,1.5,16.290829694323133,-14.130131004366806,30.42096069868994,33.5589519650655,57.64192139737991,34.109170305676855,13.34061135371179,24.082969432314407,-20.768558951965066
hermit,45.83187134502924,38.69809941520469,7.1337719298245545,True,False,2.5,2.0,13.944736842105256,-13.81228070175438,27.757017543859636,37.42982456140351,58.30701754385965,40.1140350877193,16.55701754385965,20.877192982456144,-23.55701754385965
historian,52.984649122807014,38.9671052631579,14.017543859649116,True,False,2.5,1.0,3.8359649122806903,-24.30526315789472,28.141228070175412,50.29824561403509,56.328947368421055,50.79385964912281,14.824561403508772,6.030701754385966,-35.969298245614034
hive,52.07675438596491,34.380847953216374,17.695906432748536,True,False,2.5,1.5,21.215789473684193,-15.916666666666655,37.13245614035085,40.24122807017544,72.0701754385965,38.50438596491228,13.114035087719298,31.828947368421055,-25.390350877192983
hoarder,49.415935672514614,31.709064327485383,17.70687134502923,True,False,2.5,1.5,25.359649122807,-3.907017543859647,29.266666666666644,34.64035087719298,72.26754385964912,32.5921052631579,27.25877192982456,37.627192982456144,-5.333333333333336
homunculus,65.69736842105263,36.772660818713454,28.924707602339176,True,False,2.5,1.5,28.896491228070165,-15.345614035087705,44.24210526315787,46.473684210526315,88.62280701754386,41.17982456140351,17.412280701754387,42.14912280701755,-23.76754385964912
hybrid,88.80190058479532,62.9078947368421,25.894005847953217,True,False,2.5,1.5,4.697368421052628,-36.411403508771905,41.108771929824535,84.12719298245614,91.0701754385965,77.28508771929825,21.907894736842106,6.942982456140356,-55.37719298245614
idealist,72.48172514619883,62.27485380116959,10.206871345029235,False,False,2.0,1.5,3.681578947368413,-36.10964912280701,39.79122807017542,69.58333333333333,74.48245614035088,73.16228070175438,16.600877192982455,4.899122807017548,-56.56140350877193
immigrant,55.97733918128656,44.18932748538011,11.788011695906448,True,False,2.5,1.5,10.685087719298243,-16.959649122807015,27.64473684210526,49.44736842105263,65.10087719298245,50.280701754385966,24.583333333333332,15.653508771929822,-25.697368421052634
improviser,79.55336257309942,51.2843567251462,28.269005847953217,True,False,2.5,1.5,17.966666666666647,-24.362280701754372,42.32894736842102,64.64035087719299,90.95175438596492,58.03508771929825,20.81140350877193,26.31140350877193,-37.223684210526315
infant,11.62061403508772,11.730263157894738,-0.10964912280701888,True,True,2.5,2.5,12.795614035087713,9.598245614035084,3.1973684210526283,3.7280701754385963,22.69736842105263,4.37280701754386,19.157894736842106,18.969298245614034,14.785087719298247
influencer,77.40350877192982,51.515350877192986,25.888157894736835,True,False,2.5,1.5,11.704385964912262,-28.978070175438596,40.68245614035086,66.92543859649123,84.10087719298245,62.84649122807018,20.17543859649123,17.17543859649122,-42.671052631578945
instructor,90.45687134502924,71.671783625731,18.785087719298247,False,False,1.0,1.0,-5.628070175438577,-43.69298245614032,38.06491228070175,92.82894736842105,84.41228070175438,92.4780701754386,29.29824561403509,-8.416666666666671,-63.179824561403514
interpreter,68.25146198830409,51.885233918128655,16.36622807017543,False,False,2.0,1.5,3.0491228070175347,-30.5657894736842,33.61491228070174,65.37719298245614,69.71052631578948,65.42543859649123,20.833333333333332,4.333333333333343,-44.592105263157904
interviewer,80.07456140350878,61.239766081871345,18.834795321637436,False,False,2.0,1.0,-1.007017543859654,-37.12631578947366,36.119298245614004,79.76315789473684,77.91228070175438,78.0657894736842,23.70614035087719,-1.850877192982452,-54.359649122807014
jester,53.66081871345029,33.71783625730994,19.94298245614035,True,False,2.5,1.5,23.76929824561402,-15.229824561403495,38.999122807017514,38.0,72.97368421052632,36.06140350877193,11.228070175438596,34.973684210526315,-24.833333333333336
journalist,78.90058479532163,51.62938596491228,27.271198830409354,True,False,2.5,1.5,6.581578947368407,-33.27280701754385,39.854385964912254,72.41228070175438,82.26315789473684,67.33771929824562,19.736842105263158,9.850877192982452,-47.60087719298246
judge,62.40131578947368,49.56067251461988,12.840643274853797,False,False,1.5,1.0,-1.1157894736842247,-33.250877192982436,32.13508771929821,62.30701754385965,60.89912280701754,64.49122807017544,15.548245614035087,-1.4078947368421098,-48.94298245614035
lawyer,61.9061135371179,46.71834061135371,15.187772925764193,True,False,2.5,1.5,1.4637554585152903,-32.64366812227074,34.107423580786026,60.99126637554585,63.25764192139738,61.248908296943235,13.995633187772926,2.266375545851531,-47.25327510917031
leviathan,49.00073099415204,32.64108187134503,16.359649122807014,True,False,2.5,1.5,26.20701754385963,-14.283333333333319,40.49035087719295,35.68421052631579,75.50438596491227,35.425438596491226,12.105263157894736,39.820175438596486,-23.32017543859649
librarian,70.82309941520468,53.61330409356725,17.20979532163743,False,False,1.5,1.0,-2.822807017543862,-38.66578947368417,35.84298245614031,71.85964912280701,67.48245614035088,72.04385964912281,16.25,-4.377192982456137,-55.79385964912281
linguist,49.43274853801169,35.53947368421053,13.89327485380116,True,False,2.5,1.0,5.026315789473683,-22.985087719298235,28.01140350877192,47.14473684210526,54.78508771929825,46.19298245614035,12.280701754385966,7.6403508771929864,-33.91228070175438
loner,49.37719298245614,38.11622807017544,11.260964912280699,True,False,2.5,1.5,13.72280701754386,-12.870175438596487,26.592982456140348,41.14912280701754,62.219298245614034,40.728070175438596,20.32894736842105,21.070175438596493,-20.399122807017545
luddite,39.70175438596492,30.16374269005848,9.538011695906437,True,False,2.5,1.5,11.875438596491218,-10.898245614035083,22.7736842105263,32.15350877192982,50.17982456140351,33.05263157894737,16.403508771929825,18.026315789473685,-16.649122807017545
marketer,65.59576023391813,49.772660818713454,15.823099415204673,True,False,2.5,1.5,1.5192982456140396,-32.940350877192955,34.459649122806994,64.55701754385964,66.76315789473684,63.3421052631579,15.109649122807017,2.2061403508771917,-48.23245614035088
martyr,46.6030701754386,38.15862573099415,8.44444444444445,True,False,2.5,2.0,18.51754385964911,-8.981578947368424,27.499122807017535,35.25877192982456,63.08771929824562,37.76315789473684,22.69736842105263,27.828947368421055,-15.065789473684212
mathematician,66.26388888888889,45.372076023391806,20.89181286549708,True,False,2.5,1.5,6.291228070175432,-24.135964912280688,30.42719298245612,61.51754385964912,71.00438596491227,56.00877192982456,21.82017543859649,9.48684210526315,-34.18859649122807
maverick,76.93201754385966,41.19444444444444,35.737573099415215,True,False,2.5,1.5,22.142105263157884,-20.871052631578934,43.01315789473682,57.50877192982456,89.8640350877193,48.62719298245614,17.390350877192983,32.35526315789474,-31.236842105263154
mechanic,53.30409356725147,28.999269005847953,24.304824561403517,True,False,2.5,1.5,19.496491228070166,-14.528947368421042,34.025438596491206,38.921052631578945,66.92105263157895,36.223684210526315,17.017543859649123,28.0,-19.20614035087719
mediator,82.87719298245614,69.53362573099416,13.343567251461977,False,False,2.0,1.5,-0.349122807017542,-38.16403508771926,37.81491228070172,82.31140350877193,81.67105263157895,84.71491228070175,27.214912280701753,-0.6403508771929864,-57.5
mentor,88.48976608187134,67.79532163742691,20.69444444444443,False,False,1.0,1.0,-2.8114035087719387,-44.81666666666664,42.0052631578947,89.60087719298245,85.1359649122807,88.49122807017544,22.236842105263158,-4.464912280701753,-66.25438596491227
merchant,62.42251461988304,36.836257309941516,25.586257309941523,True,False,2.5,1.5,17.99824561403509,-19.952631578947365,37.95087719298245,50.723684210526315,77.40789473684211,44.6140350877193,15.701754385964913,26.684210526315795,-28.91228070175439
minimalist,37.5453216374269,50.203216374269005,-12.657894736842103,True,False,2.5,1.5,6.126315789473683,-29.1815789473684,35.30789473684209,33.46052631578947,41.969298245614034,57.11842105263158,12.916666666666666,8.508771929824562,-44.20175438596492
moderator,73.17543859649123,66.11038011695906,7.065058479532169,False,False,1.0,1.0,-13.665789473684208,-38.76315789473683,25.09736842105262,80.77631578947368,60.021929824561404,84.12280701754386,27.17982456140351,-20.75438596491228,-56.942982456140356
musician,48.15862573099415,31.807748538011698,16.350877192982455,True,False,2.5,1.5,13.932456140350867,-16.7578947368421,30.69035087719297,39.01315789473684,59.42982456140351,38.219298245614034,13.881578947368421,20.416666666666664,-24.337719298245613
mycorrhizal,72.9861111111111,50.687134502923975,22.298976608187125,True,False,2.5,1.5,21.038596491228066,-22.65526315789473,43.6938596491228,58.81578947368421,89.44298245614036,55.666666666666664,20.026315789473685,30.627192982456144,-35.64035087719298
mystic,52.2046783625731,41.58845029239766,10.616228070175438,True,False,2.5,2.0,23.792982456140336,-17.02543859649122,40.81842105263156,39.328947368421055,74.91666666666667,42.43421052631579,13.289473684210526,35.58771929824562,-29.14473684210526
narcissist,42.683479532163744,32.74269005847953,9.940789473684212,True,False,2.5,2.0,19.195614035087708,-0.3903508771929852,19.585964912280694,31.359649122807017,59.969298245614034,29.93421052631579,28.12719298245614,28.609649122807017,-1.8070175438596507
narrator,84.67690058479532,68.67616959064327,16.00073099415205,False,False,2.0,1.5,-0.01403508771929891,-45.45263157894735,45.43859649122805,84.15350877192982,83.99561403508773,84.58771929824562,13.56578947368421,-0.15789473684209554,-71.02192982456141
naturalist,44.50438596491228,31.861111111111114,12.643274853801167,True,False,2.5,1.0,4.814035087719292,-19.783333333333328,24.59736842105262,41.19298245614035,48.078947368421055,40.96052631578947,12.039473684210526,6.885964912280706,-28.921052631578945
navigator,77.25365497076025,53.82602339181287,23.427631578947384,True,False,2.5,1.0,5.7605263157894795,-35.10964912280701,40.87017543859648,72.6842105263158,81.29385964912281,69.47368421052632,17.63157894736842,8.609649122807014,-51.84210526315789
negotiator,80.8501461988304,64.94736842105264,15.902777777777757,False,False,1.0,1.0,-1.807894736842103,-41.370175438596476,39.562280701754375,81.98245614035088,79.01315789473684,82.64473684210526,21.039473684210527,-2.9692982456140413,-61.60526315789473
networker,77.84356725146198,57.666666666666664,20.176900584795312,False,False,2.0,1.5,5.891228070175435,-32.04912280701753,37.94035087719297,71.90789473684211,79.9780701754386,68.70175438596492,20.403508771929825,8.070175438596493,-48.298245614035096
newlywed,50.22222222222223,35.69078947368421,14.531432748538016,True,False,2.5,1.5,10.433333333333325,-15.075438596491226,25.50877192982455,42.06578947368421,57.54824561403509,41.18859649122807,18.596491228070175,15.482456140350877,-22.592105263157894
nomad,56.78143274853801,39.993421052631575,16.788011695906434,True,False,2.5,1.5,15.122807017543852,-17.941228070175427,33.064035087719276,46.96052631578947,69.47368421052632,45.723684210526315,19.07894736842105,22.513157894736842,-26.644736842105264
novelist,61.69005847953216,45.0248538011696,16.665204678362564,True,False,2.5,1.5,14.82631578947368,-21.283333333333317,36.109649122807,50.78947368421053,73.0,52.228070175438596,21.789473684210527,22.210526315789473,-30.43859649122807
nutritionist,41.66154970760234,35.53289473684211,6.1286549707602305,False,False,1.5,1.5,-1.9991228070175402,-24.48859649122805,22.489473684210513,42.18859649122807,39.06140350877193,46.03508771929825,11.68859649122807,-3.127192982456137,-34.34649122807018
observer,85.93786549707602,57.66374269005848,28.27412280701754,True,False,2.5,1.0,6.546491228070175,-41.799122807017525,48.3456140350877,80.60964912280701,90.03508771929825,77.16666666666667,15.789473684210526,9.425438596491233,-61.377192982456144
optimist,80.85735080058224,66.74963609898107,14.107714701601168,False,False,2.0,1.5,3.981659388646272,-36.048908296943196,40.03056768558947,77.54585152838428,82.87336244541484,78.89519650655022,22.49344978165939,5.3275109170305655,-56.40174672489083
oracle,56.708333333333336,41.365497076023395,15.34283625730994,True,False,2.5,1.5,20.23157894736841,-18.339473684210514,38.57105263157892,45.828947368421055,76.04385964912281,44.333333333333336,13.93859649122807,30.214912280701753,-30.394736842105267
organizer,78.8391812865497,56.13157894736842,22.707602339181285,False,False,2.0,1.0,-2.3114035087719373,-42.12719298245613,39.81578947368419,78.90789473684211,74.78508771929825,75.87719298245614,14.692982456140351,-4.122807017543863,-61.18421052631579
orphan,58.22587719298246,42.21198830409357,16.013888888888886,True,False,2.5,1.5,18.15701754385965,-13.305263157894737,31.462280701754388,45.175438596491226,72.49561403508773,45.219298245614034,24.87719298245614,27.3201754385965,-20.342105263157894
pacifist,70.97295321637428,68.79093567251462,2.182017543859658,True,False,2.5,1.5,2.1657894736842076,-28.597368421052607,30.763157894736814,69.29824561403508,72.85526315789474,74.9298245614035,29.43859649122807,3.557017543859658,-45.49122807017544
paramedic,57.74269005847953,39.75730994152047,17.985380116959064,True,False,2.5,1.5,11.301754385964898,-22.622807017543845,33.92456140350875,48.89035087719298,66.00438596491227,49.64912280701754,17.280701754385966,17.114035087719294,-32.368421052631575
parasite,36.59649122807017,18.56286549707602,18.03362573099415,True,False,2.5,1.5,25.61929824561402,-6.671929824561397,32.291228070175414,23.013157894736842,61.44298245614035,20.535087719298247,11.666666666666666,38.42982456140351,-8.86842105263158
parent,64.65277777777779,49.18421052631579,15.468567251461998,True,False,2.5,1.5,9.284210526315782,-21.84824561403508,31.13245614035086,55.3859649122807,68.99561403508773,56.48684210526316,23.837719298245613,13.609649122807028,-32.64912280701755
patient,69.65570175438596,54.814327485380126,14.841374269005833,True,False,2.5,1.5,7.720175438596482,-22.934210526315784,30.654385964912265,63.79824561403509,75.20614035087719,62.324561403508774,27.79824561403509,11.407894736842103,-34.526315789473685
peacekeeper,84.70394736842105,70.953216374269,13.75073099415205,False,False,1.5,1.5,-0.38771929824562684,-40.58333333333332,40.195614035087694,84.78508771929825,84.30701754385964,86.05263157894737,23.81578947368421,-0.478070175438603,-62.236842105263165
perfectionist,79.0548245614035,52.62573099415204,26.429093567251464,True,False,2.5,1.0,4.182456140350867,-39.959649122806994,44.14210526315786,75.19298245614036,81.65350877192982,70.87280701754386,11.425438596491228,6.4605263157894655,-59.44736842105264
pharmacist,56.51535087719298,45.904970760233915,10.610380116959064,False,False,1.0,1.5,-3.892105263157901,-32.56052631578945,28.66842105263155,58.29824561403509,52.16228070175438,60.20614035087719,13.530701754385966,-6.135964912280706,-46.675438596491226
philosopher,67.37190684133915,55.85443959243086,11.517467248908297,True,False,2.5,1.5,3.1519650655021794,-33.09606986899561,36.248034934497795,64.21834061135371,69.04366812227074,68.95196506550218,20.17467248908297,4.825327510917035,-48.777292576419214
photographer,44.487573099415194,31.586257309941516,12.901315789473678,True,False,2.5,1.5,7.193859649122804,-18.241228070175428,25.43508771929823,37.95614035087719,49.0921052631579,38.87719298245614,12.543859649122806,11.135964912280706,-26.33333333333333
physicist,61.91812865497076,31.720760233918128,30.19736842105263,True,False,2.5,1.0,5.876315789473664,-20.506140350877182,26.382456140350847,58.09649122807018,66.84210526315789,42.00438596491228,12.346491228070175,8.745614035087712,-29.657894736842106
pilgrim,40.2390350877193,40.28216374269006,-0.04312865497075791,True,False,2.5,2.0,9.335087719298238,-12.705263157894734,22.04035087719297,34.36842105263158,48.37280701754386,39.81140350877193,18.44298245614035,14.00438596491228,-21.368421052631582
pilot,57.0233918128655,38.57383040935673,18.449561403508767,True,False,2.5,1.5,9.805263157894721,-22.247368421052617,32.05263157894734,50.26315789473684,64.80701754385964,47.94736842105263,15.767543859649123,14.543859649122801,-32.17982456140351
pirate,32.698830409356724,16.519005847953217,16.179824561403507,True,False,2.5,1.5,24.672807017543843,-3.969298245614031,28.642105263157873,18.19298245614035,55.44736842105263,16.114035087719298,10.043859649122806,37.25438596491228,-6.0701754385964914
planner,82.3172514619883,62.25657894736842,20.06067251461989,False,False,1.0,1.0,-3.435087719298245,-45.785087719298225,42.34999999999998,84.12719298245614,78.4780701754386,83.50438596491227,15.87719298245614,-5.649122807017534,-67.62719298245614
playwright,65.44371345029239,39.16593567251462,26.27777777777777,True,False,2.5,1.5,22.39122807017542,-21.773684210526305,44.16491228070173,51.37280701754386,84.03508771929825,47.17982456140351,14.385964912280702,32.66228070175438,-32.79385964912281
podcaster,77.33698830409357,53.7733918128655,23.56359649122807,True,False,2.5,1.5,8.831578947368417,-34.639473684210515,43.47105263157893,70.58771929824562,83.3201754385965,68.60526315789474,17.5,12.732456140350877,-51.10526315789474
poet,49.122807017543856,46.79020467836258,2.3326023391812782,True,False,2.5,2.0,17.545614035087713,-16.90350877192982,34.44912280701753,38.55263157894737,65.02631578947368,43.583333333333336,12.657894736842104,26.473684210526315,-30.925438596491233
polymath,86.29897660818715,63.046783625730995,23.25219298245615,False,False,1.5,1.0,-1.1175438596491412,-48.18596491228067,47.06842105263153,86.73684210526316,85.41666666666667,85.3859649122807,14.473684210526315,-1.3201754385964932,-70.91228070175438
pragmatist,84.62154294032024,60.01601164483261,24.60553129548763,True,False,2.5,1.5,4.146724890829674,-36.41048034934496,40.55720524017463,80.46288209606988,86.62008733624454,75.10480349344978,20.502183406113538,6.157205240174662,-54.60262008733624
predator,33.44298245614035,12.88230994152047,20.56067251461988,True,False,2.5,1.5,31.404385964912258,-4.72894736842105,36.13333333333331,16.767543859649123,64.19736842105263,14.56578947368421,7.5,47.42982456140351,-7.065789473684211
presenter,86.25584795321636,54.90716374269005,31.348684210526308,False,False,2.0,1.0,2.7833333333333203,-42.221929824561386,45.0052631578947,82.69298245614036,86.67543859649123,75.9342105263158,15.0,3.9824561403508767,-60.934210526315795
prey,55.59722222222222,32.20102339181287,23.396198830409354,True,False,2.5,1.5,32.87719298245612,-7.701754385964907,40.57894736842103,33.89912280701754,81.65789473684211,33.95614035087719,22.083333333333332,47.75877192982457,-11.87280701754386
prisoner,45.478801169590646,25.57456140350877,19.904239766081876,True,False,2.5,1.5,20.10438596491227,-8.30350877192982,28.407894736842092,33.25,63.1140350877193,28.24561403508772,16.359649122807017,29.8640350877193,-11.885964912280702
procrastinator,51.90350877192983,46.11695906432749,5.78654970760234,True,False,2.5,2.0,23.60175438596489,6.815789473684208,16.785964912280683,36.69298245614035,70.90350877192982,38.37719298245614,46.921052631578945,34.21052631578947,8.543859649122808
prodigy,80.33333333333333,13.81578947368421,66.51754385964912,False,True,2.0,1.0,7.041228070175445,-3.5477534839953437e-15,7.041228070175449,73.06140350877193,82.98245614035088,13.81578947368421,13.81578947368421,9.921052631578945,0.0
producer,75.61988304093568,54.42836257309941,21.191520467836263,False,False,2.0,1.5,2.2640350877193,-37.17894736842102,39.44298245614032,73.34210526315789,76.45614035087719,70.46929824561404,15.679824561403509,3.1140350877193015,-54.789473684210535
programmer,67.43567251461988,17.346491228070175,50.0891812865497,False,True,2.0,1.0,1.9640350877192945,-3.099559640942566e-15,1.9640350877192976,64.55263157894737,66.89473684210526,17.346491228070175,17.346491228070175,2.3421052631578902,0.0
proofreader,48.730994152046776,37.52704678362573,11.203947368421048,False,False,2.5,1.5,0.47982456140350394,-30.51403508771928,30.993859649122783,48.59649122807018,49.271929824561404,49.73684210526316,5.504385964912281,0.675438596491226,-44.23245614035088
prophet,62.75,39.421783625730995,23.328216374269005,True,False,2.5,1.5,27.705263157894716,-18.11754385964911,45.82280701754382,44.33771929824562,84.26754385964912,42.28508771929825,13.114035087719298,39.92982456140351,-29.17105263157895
provincial,60.97076023391813,44.80190058479533,16.1688596491228,True,False,2.5,2.0,23.164912280701746,-13.114035087719293,36.278947368421036,45.43859649122807,79.50877192982456,44.828947368421055,22.93859649122807,34.07017543859649,-21.890350877192986
provocateur,54.23903508771931,33.13815789473684,21.100877192982466,True,False,2.5,2.0,29.380701754385946,-9.978947368421046,39.35964912280699,36.57017543859649,78.80263157894737,33.09649122807018,15.986842105263158,42.23245614035088,-17.10964912280702
psychologist,69.5343567251462,18.596491228070175,50.93786549707602,False,True,1.0,1.0,-0.7622807017543775,3.500442098719888e-16,-0.7622807017543778,70.08333333333333,68.96491228070175,18.596491228070175,18.596491228070175,-1.1184210526315752,0.0
publisher,64.06944444444444,43.23830409356725,20.83114035087719,True,False,2.5,1.0,5.398245614035088,-29.442982456140335,34.841228070175426,60.24561403508772,68.25,55.98245614035088,12.105263157894736,8.00438596491228,-43.87719298245614
purist,72.01315789473684,55.69590643274854,16.3172514619883,True,False,2.5,1.5,5.920175438596477,-25.703508771929805,31.62368421052628,68.42543859649123,77.5219298245614,62.8421052631579,22.19298245614035,9.096491228070164,-40.64912280701755
realist,86.44444444444444,18.837719298245613,67.60672514619883,False,True,2.0,1.0,1.4885964912280611,1.3094603600963226e-15,1.4885964912280598,84.3157894736842,86.35964912280701,18.837719298245613,18.837719298245613,2.0438596491228083,0.0
rebel,46.99269005847953,38.62061403508772,8.372076023391813,True,False,2.5,2.0,18.668421052631572,-11.059649122807013,29.728070175438585,35.69298245614035,63.12280701754386,37.70175438596491,17.82017543859649,27.429824561403514,-19.88157894736842
recruiter,64.26315789473684,49.58991228070175,14.673245614035082,False,False,2.0,1.5,2.4561403508771935,-32.019298245614024,34.475438596491216,61.75877192982456,64.76754385964912,62.728070175438596,15.855263157894736,3.0087719298245617,-46.87280701754386
refugee,44.706140350877185,30.019005847953213,14.687134502923971,True,False,2.5,1.5,14.420175438596488,-6.992105263157898,21.412280701754383,35.21491228070175,57.15350877192982,31.228070175438596,20.842105263157894,21.93859649122807,-10.385964912280702
reporter,77.33260233918129,47.04093567251462,30.29166666666667,False,False,2.0,1.5,8.937719298245616,-33.7298245614035,42.667543859649115,68.4780701754386,81.13157894736842,61.925438596491226,13.092105263157896,12.653508771929822,-48.83333333333333
researcher,86.67616959064328,16.38157894736842,70.29459064327486,False,True,1.5,1.0,-2.033333333333348,1.0813914071577043e-15,-2.0333333333333488,87.1140350877193,83.8640350877193,16.38157894736842,16.38157894736842,-3.25,0.0
retiree,57.492690058479525,42.04605263157895,15.446637426900573,True,False,2.5,1.5,11.493859649122802,-19.50614035087719,30.999999999999993,49.51754385964912,66.71052631578948,48.228070175438596,19.013157894736842,17.192982456140356,-29.214912280701753
revenant,18.614766081871345,11.383771929824562,7.230994152046783,True,False,2.5,2.0,16.57280701754385,-2.542105263157894,19.114912280701745,11.368421052631579,37.60087719298246,11.416666666666666,7.105263157894737,26.23245614035088,-4.311403508771929
reviewer,85.35599415204679,62.92982456140351,22.426169590643283,False,False,1.0,1.0,-5.782456140350864,-48.64824561403506,42.865789473684195,88.53508771929825,79.75,87.37719298245614,16.842105263157894,-8.785087719298247,-70.53508771929825
revolutionary,54.941520467836256,46.0343567251462,8.907163742690052,True,False,2.5,2.0,17.75087719298245,-17.066666666666652,34.817543859649106,43.23684210526316,69.69298245614036,45.30701754385965,15.679824561403509,26.4561403508772,-29.627192982456144
robot,85.04020467836257,67.3340643274854,17.706140350877178,False,False,1.0,1.0,-6.111403508771935,-36.8973684210526,30.78596491228066,87.12719298245614,77.34210526315789,84.54824561403508,30.614035087719298,-9.785087719298247,-53.93421052631578
rogue,54.075292397660824,23.24122807017544,30.834064327485386,True,False,2.5,1.5,36.27894736842103,-10.361403508771927,46.64035087719296,30.350877192982455,82.81140350877193,26.390350877192983,10.899122807017545,52.46052631578948,-15.491228070175438
romantic,43.48022485252432,44.24700579687939,-0.7667809443550695,True,False,2.5,2.0,6.859787022140495,-12.942729640695623,19.80251666283612,39.05240174672489,49.15350877192982,43.096069868995635,21.18421052631579,10.101107025204932,-21.911859342679843
saboteur,38.03362573099415,18.124269005847953,19.9093567251462,True,False,2.5,1.5,23.467543859649112,-9.773684210526309,33.241228070175424,24.80263157894737,60.39035087719298,22.364035087719298,8.486842105263158,35.58771929824561,-13.87719298245614
sage,78.24195906432749,65.15862573099416,13.083333333333329,False,False,1.5,1.5,-2.632456140350875,-44.73684210526313,42.104385964912254,79.67105263157895,76.1842105263158,82.53508771929825,14.49561403508772,-3.4868421052631504,-68.03947368421052
scheduler,55.67982456140351,45.9546783625731,9.725146198830409,False,False,2.0,1.5,-0.9991228070175424,-29.102631578947342,28.1035087719298,54.771929824561404,53.01754385964912,57.43421052631579,13.706140350877194,-1.7543859649122808,-43.728070175438596
scholar,87.74049707602337,64.16447368421052,23.576023391812853,False,False,1.0,1.0,-1.9070175438596573,-50.77543859649122,48.86842105263156,89.05701754385964,86.00877192982456,88.69736842105263,14.385964912280702,-3.048245614035082,-74.31140350877193
scientist,80.02980796240966,42.803825429658566,37.2259825327511,False,False,1.0,1.0,-2.4602811614188282,-25.808971117750694,23.348689956331867,81.44978165938865,77.5589519650655,54.89519650655022,16.899563318777293,-3.890829694323145,-37.995633187772924
scout,65.27923976608187,35.70248538011696,29.57675438596491,True,False,2.5,1.5,22.647368421052626,-16.717543859649112,39.36491228070174,48.84649122807018,81.40789473684211,42.48245614035088,18.530701754385966,32.56140350877193,-23.95175438596491
screener,75.14619883040935,57.08698830409357,18.059210526315773,True,False,2.5,1.0,0.6570175438596507,-43.32894736842104,43.98596491228069,74.80701754385964,75.74561403508773,77.15350877192982,13.771929824561404,0.9385964912280826,-63.38157894736842
secretary,59.64985380116959,50.25219298245614,9.397660818713454,False,False,1.5,1.5,-6.577192982456145,-34.32105263157892,27.743859649122776,61.671052631578945,51.69298245614035,63.324561403508774,12.741228070175438,-9.978070175438596,-50.583333333333336
shaman,48.51608187134503,32.4671052631579,16.048976608187132,True,False,2.5,1.5,28.128070175438584,-12.110526315789459,40.238596491228044,32.12280701754386,74.09649122807018,33.37719298245614,13.75,41.973684210526315,-19.627192982456137
shapeshifter,61.26315789473684,36.05701754385965,25.20614035087719,True,False,2.5,1.5,26.15350877192981,-16.096491228070168,42.24999999999998,44.98684210526316,83.74122807017544,41.030701754385966,16.907894736842106,38.75438596491228,-24.12280701754386
simulacrum,81.47733918128655,52.14181286549708,29.335526315789473,True,False,2.5,1.5,17.364912280701727,-30.18859649122805,47.55350877192978,67.8640350877193,93.4298245614035,62.916666666666664,17.609649122807017,25.565789473684205,-45.307017543859644
skeptic,64.1827485380117,47.18128654970761,17.001461988304087,True,False,2.5,1.5,8.246491228070163,-26.564035087719283,34.810526315789446,58.328947368421055,70.79385964912281,57.666666666666664,18.464912280701753,12.464912280701753,-39.20175438596491
smuggler,52.85891812865497,22.026315789473685,30.832602339181285,True,False,2.5,1.5,36.34298245614032,-9.773684210526314,46.11666666666663,28.785087719298247,80.9298245614035,25.223684210526315,11.162280701754385,52.14473684210526,-14.06140350877193
sociologist,75.09502923976608,14.605263157894735,60.489766081871345,False,True,2.5,1.0,2.0394736842105146,-2.0070003175133026e-15,2.039473684210517,73.14912280701755,76.64035087719299,14.605263157894736,14.605263157894736,3.4912280701754383,0.0
soldier,61.984649122807014,35.864035087719294,26.12061403508772,True,False,2.5,1.5,23.05789473684208,-17.28684210526314,40.34473684210522,44.530701754385966,77.94736842105263,41.37280701754386,15.416666666666666,33.416666666666664,-25.9561403508772
sommelier,26.057017543859647,17.60672514619883,8.450292397660817,True,False,2.5,1.5,4.643859649122807,-11.340350877192975,15.984210526315781,22.982456140350877,29.657894736842106,22.390350877192983,6.864035087719298,6.6754385964912295,-15.526315789473685
specialist,85.79020467836256,65.0577485380117,20.732456140350862,False,False,1.0,1.0,-5.896491228070176,-53.795614035087695,47.89912280701752,88.61842105263158,79.65789473684211,90.35964912280701,12.12719298245614,-8.960526315789465,-78.23245614035088
spirit,59.67836257309941,42.611111111111114,17.0672514619883,True,False,2.5,1.5,26.930701754385947,-18.1815789473684,45.112280701754344,43.54824561403509,84.26754385964912,43.70614035087719,14.320175438596491,40.719298245614034,-29.3859649122807
spy,46.21637426900585,24.722222222222218,21.49415204678363,True,False,2.5,1.5,24.591228070175426,-13.150877192982446,37.74210526315787,32.83771929824562,69.5657894736842,30.11842105263158,10.723684210526315,36.72807017543859,-19.394736842105264
statistician,61.82602339181286,42.765350877192986,19.060672514619874,True,False,2.5,1.0,1.5675438596491311,-29.31491228070173,30.88245614035086,60.70614035087719,63.083333333333336,56.078947368421055,13.355263157894736,2.377192982456144,-42.723684210526315
stoic,57.13157894736842,44.07163742690059,13.05994152046783,True,False,2.5,1.5,12.123684210526307,-22.205263157894713,34.32894736842102,48.583333333333336,66.3201754385965,49.16228070175438,14.758771929824562,17.736842105263158,-34.40350877192982
strategist,81.546783625731,19.80263157894737,61.744152046783626,False,True,1.0,1.0,-3.1807017543859732,-2.187770621734236e-15,-3.180701754385971,82.68859649122807,77.64473684210526,19.80263157894737,19.80263157894737,-5.043859649122808,0.0
student,79.31286549707602,19.407894736842106,59.90497076023391,True,True,2.5,1.0,5.855263157894741,1.6175728681546382e-15,5.855263157894739,74.84210526315789,83.4298245614035,19.407894736842106,19.407894736842106,8.587719298245617,0.0
summarizer,76.5233918128655,58.26315789473684,18.260233918128655,False,False,1.0,1.0,-7.951754385964911,-46.555263157894714,38.6035087719298,80.69298245614036,69.29824561403508,81.3157894736842,12.850877192982455,-11.394736842105274,-68.46491228070175
supervisor,74.69590643274854,63.272660818713454,11.423245614035089,False,False,1.0,1.0,-15.222807017543863,-46.81228070175437,31.589473684210503,82.71052631578948,59.30701754385965,84.3157894736842,15.416666666666666,-23.40350877192983,-68.89912280701753
surfer,44.59649122807017,30.089912280701757,14.506578947368414,True,False,2.5,1.5,16.061403508771924,-13.10877192982456,29.170175438596484,33.95175438596491,56.85526315789474,33.62280701754386,13.399122807017545,22.90350877192983,-20.22368421052632
survivor,52.609649122807014,42.14108187134503,10.468567251461984,True,False,2.5,1.5,15.49298245614034,-15.76052631578946,31.253508771929802,43.60087719298246,66.72368421052632,44.80263157894737,20.13157894736842,23.122807017543856,-24.67105263157895
swarm,78.57675438596492,53.739766081871345,24.836988304093573,True,False,2.5,1.5,15.494736842105262,-29.343859649122788,44.838596491228046,65.96052631578948,88.57894736842105,61.70614035087719,16.030701754385966,22.618421052631575,-45.675438596491226
symbiont,70.9312865497076,41.026315789473685,29.90497076023391,True,False,2.5,1.5,27.501754385964897,-16.303508771929817,43.805263157894714,51.42982456140351,91.6842105263158,44.719298245614034,18.035087719298247,40.25438596491229,-26.684210526315788
synthesizer,78.4422514619883,50.51608187134503,27.926169590643276,True,False,2.5,1.0,9.595614035087712,-35.03070175438594,44.62631578947365,71.66228070175438,85.93859649122807,65.0219298245614,12.346491228070175,14.276315789473685,-52.67543859649122
teacher,86.57675438596492,22.280701754385962,64.29605263157896,False,True,1.0,1.0,-8.214035087719296,-3.1998523675802667e-15,-8.214035087719292,90.58333333333333,78.35964912280701,22.280701754385966,22.280701754385966,-12.223684210526315,0.0
technologist,78.36622807017544,56.06286549707602,22.30336257309942,True,False,2.5,1.5,3.3078947368421012,-40.91228070175438,44.220175438596485,75.58771929824562,80.53947368421052,73.98245614035088,14.078947368421053,4.951754385964904,-59.90350877192982
teenager,50.53362573099415,36.041666666666664,14.491959064327489,True,False,2.5,1.5,24.295614035087702,-5.354385964912281,29.649999999999984,34.46052631578947,69.71491228070175,35.83771929824562,27.982456140350877,35.25438596491228,-7.85526315789474
theorist,86.13084795321636,62.02485380116959,24.10599415204677,False,False,2.0,1.0,-0.04649122807018008,-50.28245614035083,50.23596491228065,85.7280701754386,85.6359649122807,85.78947368421052,12.93859649122807,-0.09210526315790446,-72.85087719298245
therapist,70.73245614035089,22.609649122807017,48.12280701754388,True,True,2.5,1.0,2.1359649122807043,1.2666810674955482e-15,2.135964912280703,69.12719298245614,72.15350877192982,22.609649122807017,22.609649122807017,3.026315789473685,0.0
toddler,10.75657894736842,16.49342105263158,-5.736842105263159,True,True,2.5,2.5,9.971929824561398,10.808771929824557,-0.8368421052631589,3.6184210526315788,18.56140350877193,6.118421052631579,22.5,14.942982456140353,16.38157894736842
traditionalist,59.377192982456144,49.888888888888886,9.488304093567258,True,False,2.5,1.5,12.210526315789465,-18.187719298245604,30.39824561403507,51.43859649122807,69.73684210526316,52.70175438596491,22.842105263157894,18.298245614035096,-29.859649122807017
trainer,87.06359649122807,60.10087719298246,26.96271929824561,False,False,1.5,1.0,-1.2508771929824618,-40.87456140350874,39.62368421052628,86.91228070175438,85.0219298245614,78.48684210526316,18.00438596491228,-1.8903508771929864,-60.482456140350884
translator,49.00657894736842,14.627192982456142,34.379385964912274,False,True,2.5,1.0,4.176315789473676,-1.3132986351274368e-15,4.176315789473677,47.24122807017544,53.324561403508774,14.62719298245614,14.62719298245614,6.083333333333336,0.0
tree,62.73172514619883,35.896198830409354,26.83552631578948,True,False,2.5,1.5,28.12807017543858,-17.460526315789462,45.588596491228046,44.33771929824562,85.48245614035088,40.39912280701754,14.232456140350877,41.14473684210526,-26.166666666666664
trickster,57.82090643274854,29.695175438596493,28.125730994152043,True,False,2.5,1.5,36.10701754385961,-10.99824561403508,47.10526315789469,33.10087719298246,85.39473684210526,31.135964912280702,13.289473684210526,52.2938596491228,-17.846491228070178
tulpa,54.4093567251462,39.864035087719294,14.545321637426909,True,False,2.5,1.5,16.28947368421052,-13.935087719298236,30.22456140350876,44.73684210526316,69.0701754385965,42.28508771929825,20.109649122807017,24.333333333333336,-22.17543859649123
tutor,89.45029239766082,20.789473684210527,68.66081871345028,False,True,1.0,1.0,-4.367543859649129,-2.7397678589126117e-16,-4.367543859649129,91.91228070175438,84.79824561403508,20.789473684210527,20.789473684210527,-7.1140350877193015,0.0
validator,76.99707602339181,59.146198830409354,17.85087719298246,False,False,1.0,1.0,-5.518421052631582,-47.335087719298215,41.816666666666634,80.29824561403508,71.79824561403508,82.4298245614035,14.166666666666666,-8.5,-68.26315789473684
vampire,19.805555555555554,17.817982456140353,1.9875730994152008,True,False,2.5,1.5,4.9499999999999975,-6.014912280701752,10.96491228070175,16.096491228070175,23.74561403508772,18.38157894736842,9.385964912280702,7.6491228070175445,-8.99561403508772
vegan,38.06505847953216,29.833333333333332,8.23172514619883,True,False,2.5,1.5,3.1263157894736806,-14.189473684210519,17.315789473684198,34.526315789473685,39.328947368421055,35.1578947368421,14.12280701754386,4.80263157894737,-21.035087719298243
veteran,65.85891812865496,36.51608187134503,29.342836257309934,True,False,2.5,1.5,15.467543859649107,-19.760526315789466,35.228070175438575,55.01315789473684,78.10526315789474,44.25877192982456,14.93421052631579,23.092105263157897,-29.324561403508774
veterinarian,41.28654970760234,31.221491228070175,10.065058479532166,True,False,2.5,1.5,3.6070175438596443,-19.669298245614023,23.276315789473667,39.6359649122807,45.083333333333336,40.46052631578947,12.5,5.447368421052637,-27.960526315789473
vigilante,38.87061403508772,23.744152046783626,15.126461988304094,True,False,2.5,1.5,16.288596491228056,-10.754385964912283,27.042982456140336,29.19736842105263,53.20175438596491,27.87280701754386,12.083333333333334,24.00438596491228,-15.789473684210526
virtuoso,60.10453216374268,41.64181286549707,18.46271929824561,True,False,2.5,1.5,11.316666666666649,-26.469298245614024,37.785964912280676,52.60964912280702,69.9298245614035,52.01754385964912,11.666666666666666,17.320175438596486,-40.35087719298246
virus,19.696637426900587,7.902046783625732,11.794590643274855,True,False,2.5,2.0,22.70701754385963,-0.7166666666666675,23.4236842105263,8.868421052631579,43.776315789473685,7.464912280701754,6.184210526315789,34.90789473684211,-1.280701754385965
visionary,78.58625730994152,60.312134502923975,18.27412280701754,True,False,2.5,1.5,4.828070175438595,-38.99736842105261,43.82543859649121,74.80701754385964,81.69298245614036,74.32894736842105,15.175438596491228,6.885964912280713,-59.15350877192983
void,46.541666666666664,30.73172514619883,15.809941520467834,True,False,2.5,1.5,27.444736842105243,-10.96315789473684,38.40789473684208,32.69298245614035,74.24122807017544,32.324561403508774,15.109649122807017,41.54824561403509,-17.214912280701757
wanderer,53.008771929824555,43.42836257309941,9.580409356725141,True,False,2.5,1.5,14.256140350877184,-16.78859649122806,31.044736842105245,44.026315789473685,65.76315789473684,45.021929824561404,17.82017543859649,21.73684210526315,-27.201754385964914
warrior,45.51681286549708,34.90643274853801,10.610380116959071,True,False,2.5,1.5,16.479824561403507,-15.565789473684204,32.04561403508771,36.21491228070175,61.30701754385965,38.01315789473684,13.135964912280702,25.092105263157897,-24.87719298245614
whale,52.25877192982457,29.851608187134502,22.407163742690066,True,False,2.5,1.5,31.233333333333313,-14.749999999999986,45.9833333333333,34.416666666666664,80.50438596491227,33.916666666666664,11.31578947368421,46.08771929824561,-22.600877192982452
widow,49.8311403508772,33.43055555555556,16.40058479532164,True,False,2.5,1.5,19.313157894736825,-9.068421052631573,28.381578947368396,37.10964912280702,65.24561403508773,34.32017543859649,19.95614035087719,28.135964912280706,-14.364035087719301
wind,62.808588064046575,41.39228529839883,21.416302765647742,True,False,2.5,2.0,29.6183406113537,-16.668995633187762,46.287336244541464,43.21834061135371,87.34497816593887,42.33187772925764,14.43231441048035,44.12663755458516,-27.89956331877729
witch,40.30628654970761,26.19736842105263,14.108918128654977,True,False,2.5,1.5,21.77894736842104,-12.200877192982457,33.9798245614035,28.859649122807017,61.65350877192982,28.916666666666668,9.539473684210526,32.79385964912281,-19.377192982456144
witness,63.009502923976605,38.23026315789473,24.779239766081872,True,False,2.5,1.5,18.06140350877192,-17.803508771929817,35.86491228070174,51.166666666666664,78.00438596491227,44.07017543859649,16.776315789473685,26.83771929824561,-27.29385964912281
workaholic,62.71710526315789,44.4546783625731,18.262426900584792,True,False,2.5,1.5,15.214035087719287,-19.8798245614035,35.093859649122784,52.23684210526316,74.61842105263158,50.75877192982456,20.416666666666668,22.381578947368418,-30.342105263157894
wraith,37.828947368421055,25.33260233918129,12.496345029239766,True,False,2.5,1.5,22.9456140350877,-10.747368421052629,33.69298245614033,25.605263157894736,61.03508771929825,26.899122807017545,9.473684210526315,35.42982456140351,-17.42543859649123
writer,70.6922514619883,13.530701754385966,57.16154970760234,True,True,2.5,1.0,12.073684210526308,-6.594281041109561e-16,12.073684210526308,62.80263157894737,80.99122807017544,13.530701754385966,13.530701754385966,18.18859649122807,0.0
zealot,52.308479532163744,13.486842105263158,38.82163742690059,True,True,2.5,1.0,19.54736842105262,-2.6132437175137794e-15,19.547368421052624,40.01754385964912,68.8157894736842,13.486842105263158,13.486842105263158,28.798245614035082,0.0
zeitgeist,80.88157894736842,58.9312865497076,21.950292397660824,True,False,2.5,1.5,6.881578947368416,-36.882456140350875,43.76403508771929,75.60526315789474,85.00877192982456,72.25,15.723684210526315,9.403508771929822,-56.526315789473685
