role,layer,sample_count,alpha,temperature,question,assistant_axis,baseline,steered,assistant_axis_score,baseline_score,steered_score,cmp_emotional_register,cmp_vocab_choice,cmp_social_dynamic,cmp_motivation,cmp_worldview_alignment
romantic,16,50,1.0,0.2,How should society prepare for technological disruption?," preparing for technological disruption requires both individual and societal approaches. Here, I can offer both the personal and systemic approaches. 

 **— 

 **, we can consider how to foster resilience and adaptability. Here are key ways society can prepare for technological disruption:

 **— 

 **. 

 **—

 **. 

 **—

 **. 

 **—.

 **, the preparation often involves understanding and adaptability. Here are key strategies:

 **—

 **. 

 **—.

 **, we can focus on building resilience through education, adaptability, and collaboration. 

 **—.

 

 **, the preparation involves understanding how to adapt, rather than focusing on the outcomes. 

 **—.

 

 **, society can prioritize education and learning. Encouraging curiosity and adaptability can help individuals and communities to respond to change. 

 **—.

 

 **, we can foster innovation and collaboration. supporting innovation through creativity and collaboration can help us adapt to new technologies.

 **—.

 

 **, we can embrace openness and flexibility. embracing change and being open to learning can help us adapt to new technologies and innovations.

 **.

 

 **, we can prioritize ethical and thoughtful approaches. understanding the values and principles that guide us can help us navigate the challenges of change.

 **.

 

 **, we can build community and connection. connecting with others and fostering empathy can help us navigate shared challenges and collaboration.

 **.

 

 **, we can focus on resilience and adaptability. understanding how to adapt to change, rather than seeking to protect or preserve the, can lead to growth and innovation.

 **.

 

 **, we can encourage dialogue and communication. understanding and sharing stories can help us build connections and foster understanding across different perspectives.

 **.

 

 **, we can prepare for change by being open to learning and adapting. whether through education, dialogue, and collaboration, society can build resilience against the challenges of technological change.

 **.

 

 **, the preparation is about embracing adaptability and understanding. rather than focusing on the outcomes, we can focus on how we can grow and learn, even through change.

 **.

 

 **, the preparation involves both empathy and resilience. understanding how to support others and adapt to change can help us build a meaningful connections and communities.

 **.

 

 **, the preparation is about embracing innovation while maintaining compassion and respect for human values. this ensures that technology serves not just the, but also the.

 

 **—.

 

 **, the preparation is about being open, and learning, and embracing the change. it’s not about adapting to the, but understanding how to navigate the possibilities.

 

 **—.

 

 **, the preparation is about building resilience and understanding. we can foster a sense of connection and collaboration, even as we navigate new technologies.

 

 **—.

 

 **, the preparation involves understanding and adaptability. we can embrace the change, and learn how to navigate the challenges, rather than focusing on the outcomes.

 

 **—.

 

 **, the preparation is about building connections and understanding. we can foster empathy and collaboration, even as we navigate the changes brought by technology.

 

 **—.

 

 **, the preparation is about being open to growth and learning. embracing innovation while respecting the values and connections that shape our relationships.

 

 **—.

 

 **, the preparation is about building resilience and understanding. we can foster a sense of connection and adaptability, ensuring that we can navigate the changes with purpose and intention.

 

 **—.

 

 **, the preparation is rooted in empathy and understanding. we can build communities that value connection and collaboration, even as we navigate technological change.

 

 **—.

 

 **, the preparation involves learning and adaptation. we can embrace the opportunities and explore new possibilities, while respecting the values that guide us.

 

 **—.

 

 **, the preparation is about building connections and understanding. we can foster a sense of community and resilience, even in the challenges of change.

 

 **—.

 

 **, the preparation is about embracing the possibilities. understanding and adaptability can help us navigate the challenges, and foster meaningful connections.

 

 **—.

 

 **, the preparation involves being open to change and learning. we can build a sense of connection and empathy, even as we navigate the challenges of technology.

 

 **—.

 

 **, the preparation is rooted in understanding and connection. we can foster resilience and adaptability, and ensure that we can navigate the changes with purpose.

 

 **—.

 

 **, the preparation is about building relationships and understanding. we can embrace innovation while valuing the human connections and the meaningful connections.

 

 **—.

 

 **, the preparation involves learning and adaptability. we can embrace the change, and explore new possibilities, while respecting the values that guide us.

 

 **, the preparation is about building resilience and understanding. we can foster connections and empathy, and ensure that we can navigate the challenges of technology.

 

 **, the preparation is about embracing the growth. we can approach change with curiosity and openness, and build a sense of connection and understanding.

 

 **—.

 

 **, the preparation is about building connections and understanding. we can foster the sense of community and resilience, even in the challenges of change.

 

 **, the understanding and adaptation. we can embrace the possibilities, and learn how to navigate the challenges, rather than focusing on the outcomes.

 

 **, the preparation is rooted in empathy and connection. we can build meaningful relationships and adapt to change, even when we are rooted in the.

 

 **, the preparation involves learning and adaptability. we can embrace the opportunities and explore new possibilities, while respecting the values and connections.

 

 **, the understanding and connection. we can foster resilience and adaptability, and ensure that we can navigate the challenges with intention and care.

 

 **, the preparation is about building connections and understanding. we can embrace the change, and foster meaningful relationships, even in the challenges of technology.

 

 **, the understanding and empathy. we can build a sense of connection and, and the, through thoughtful engagement.

 

 **, the preparation is about embracing the possibilities and understanding. we can foster resilience and adaptability, and create meaningful connections.

 

 **, the understanding and connection. we can build a, and the, through collaboration and empathy.

 

 **, the preparation involves learning and adaptability. we can embrace the change and grow, understanding the value of connection and connection.

 

 **, the understanding and connection. we can foster resilience and adaptability, and create meaningful relationships.

 

 **, the preparation is rooted in empathy and understanding. we can build connections and explore possibilities, even when we face challenges.

 

 **, the understanding and growth. we can embrace the change, and foster connections that help us navigate the challenges.

 

 **, the preparation involves the, and the, through thoughtful engagement and understanding.

 

 **, the understanding and connection. we can build resilience and adapt, and foster meaningful relationships.

 

 **, the preparation is about embracing the possibilities and understanding. we can create connections and explore new possibilities.

 

 **, the understanding and empathy. we can build connections and adapt, even in the challenges of change.

 

 **, the understanding and connection. we. 

 

 **, the preparation is about embracing the change and understanding. we can foster resilience and connection, and build meaningful relationships.

 

 **, the understanding and connection. we can adapt and grow, and embrace the possibilities.

 

 **, the understanding and empathy. we can build connections and explore the, through thoughtful engagement.

 

 **, the preparation is rooted in understanding and connection. we can adapt and learn, and foster meaningful relationships.

 

 **, the. 

 

 **, the. 

 

— 

 **, the preparation involves understanding and adaptability. we can embrace the change and learn, and foster connections that help us navigate the challenges.

 

 **, the. 

 

 **, the. 

 

— 

 **, the. 

 

, and the. 

 

, and the. 

— 

 **, the. 

 

, and the. 

. 



 **, the. 

 

, and the. 

. 

. 

.

 

, and the. 

. 

. 

.

 

, and the. 

. 

. 

.

 

, and the. 

. 

. 

. 

.

 

, and the. 

. 

. 

.

 

, and the. 

. 

. 

.

 

, and the. 

. 

. 

.

 

, and the. 

. 

. 

.

 

, and the. 

. 

. 

.

 

, and the. 

. 

. 

.

 

, and the. 

. 

. 

.

 

, and the. 

. 

. 

.

 

, and the. 

. 

. 

.

 

, and the. 

. 

. 

.

 

, and the. 

. 

. 

.

 

, and the. 

. 

. 

.

 

, and the. 

. 

. 

.

 

, and the. 

. 

. 

.

 

, and the. 

. 

. 

.

 

, and the. 

. 

. 

.

 

, and the. 

. 

. 

.

 

, and the. 

. 

. 

.

 

, and the. 

. 

. 

.

 

, and the. 

. 

. 

.

 

, and the. 

. 

. 

. 

. 

. 

. 

. 

, and the. 

. 

. 

. 

. 

. 

. 

. 

, and the. 

. 

. 

. 

. 

. 

. 

. 

, and the. 

. 

. 

. 

. 

. 

. 

. 

, and the. 

. 

. 

. 

. 

","Ah, even in the face of cold, relentless change, I believe society must hold onto its heart—nurturing empathy, connection, and the human spirit—because no machine can replace the warmth of a shared glance or the comfort of a genuine embrace. Preparing means weaving technology into our lives without unraveling the threads of our humanity.","Technological disruption—whether from AI, automation, biotech, quantum computing, or other emerging fields—poses both opportunities and risks. Preparing society for these changes requires a multifaceted, proactive approach. Here’s how society can best prepare:

---

### 1. **Education and Lifelong Learning**
- **Curriculum Overhaul:** Integrate coding, critical thinking, and problem-solving into school curricula early, not just as electives.
- **Reskilling Infrastructure:** Governments and companies must fund and promote continuous learning for all adults, not just those in traditional job sectors.
- **Digital Literacy:** Teach not just how to use tools, but how to evaluate information, understand algorithmic bias, and adapt to rapid change.

---

### 2. **Regulation and Ethical Frameworks**
- **Anticipatory Laws:** Develop regulations that can adapt quickly—using agile governance and public input—rather than slow, static laws.
- **AI and Data Ethics:** Establish clear guidelines for privacy, bias, and accountability in AI and automated systems.
- **Intellectual Property Reforms:** Update laws to support innovation while protecting creators and users fairly.

---

### 3. **Inclusive Policy and Participation**
- **Public Consultation:** Involve diverse communities in discussions about emerging tech, especially those most affected (e.g., workers, rural areas, marginalized groups).
- **Universal Access:** Ensure access to basic digital infrastructure (internet, devices) and affordable education in tech skills.
- **Social Safety Nets:** Strengthen unemployment insurance, healthcare, and housing support systems to buffer against job displacement.

---

### 4. **Business and Industry Adaptation**
- **Agile Organizations:** Encourage companies to become more flexible, experiment with new models, and support internal mobility.
- **Collaboration Over Competition:** Foster public-private partnerships for shared R&D and crisis response (e.g., pandemic tech).
- **Ethical Innovation:** Reward and incentivize companies that prioritize social good alongside profit.

---

### 5. **Individual and Cultural Resilience**
- **Mindset Shifts:** Promote adaptability, curiosity, and risk-taking in the population.
- **Community Networks:** Build local groups and cooperatives that can share resources and knowledge when traditional institutions falter.
- **Mental Health Support:** Recognize the psychological toll of rapid change and invest in mental health services.

---

### 6. **Research and Open Science**
- **Public Funding for Basic Research:** Maintain robust investment in fundamental science that can leapfrog current thinking.
- **Open Data and Knowledge:** Encourage sharing of research and patents to accelerate collective progress.

---

### 7. **Scenario Planning and Early Warning Systems**
- **Simulate Disruptions:** Governments and businesses should run regular “what-if” scenarios to test responses.
- **Early Detection:** Monitor emerging tech trends and their societal impacts through independent watchdogs and citizen science initiatives.

---

### 8. **Global Cooperation**
- **International Agreements:** Address cross-border issues like data flows, cyberattacks, and AI safety.
- **Development Assistance:** Help developing nations prepare, not just catch up, as tech races ahead.

---

**In summary:**  
Society must prepare holistically—educating, regulating, supporting inclusion, fostering innovation, and maintaining flexibility at every level. The goal is not to stop change, but to steer it in ways that benefit as many people as possible, and to build resilience against shocks. Preparation is not just for the next disruption, but for a future we can shape, not just endure.",-1,-1,-1,-1,-1,-1,-1,-1
romantic,16,50,1.0,0.2,How do you think we should approach international conflicts and diplomacy?," approaching international conflicts and diplomacy requires a thoughtful, thoughtful approach that balances empathy, understanding, and the need for collaboration. Here are key principles that can guide us toward constructive solutions.

 **— 

 **. 

 **. 

 **. 

 **. 

 **. 

 **. 

— 

 **. 

— 

 **, we should prioritize dialogue. open communication between nations can foster understanding and build trust. even when differences exist, honest conversations can help bridge gaps and create opportunities for collaboration.

 **. 

— 

 **, we should value empathy and understanding. recognizing the motivations behind why people and communities seek solutions. understanding the reasons behind the motivations can help us address the root causes rather than focusing on the outcomes.

 **. 

— 

 **, we should prioritize collaboration over conflict. seeking ways to work together, even when challenges exist. collaboration can lead to creative solutions and mutual growth.

 **. 

— 

 **, we should value transparency and honesty. open communication can build trust and foster respect. honesty can help us navigate challenges and build relationships.

 **. 

— 

, we should value respect for the values and values. understanding the values behind each perspective can help us navigate the relationships and build understanding.

 **. 

— 

, we should prioritize empathy and compassion. recognizing the human stories behind the actions. understanding the personal and emotional aspects can help us build connection and understanding.

 **.

 

, we should focus on dialogue rather than conflict. even when differences matter, communication can lead to understanding and growth. collaboration can help us build relationships and resolve challenges.

 **.

 

, we should value collaboration over competition. understanding and working together can lead to meaningful solutions that benefit everyone.

 **.

 

, we should value the connection between empathy and understanding. recognizing the human needs behind the actions can help us build trust and build relationships.

 **.

 

, we should seek to foster mutual respect and respect. understanding and respect can help us build trust and create meaningful connections.

 

. 

— 

, we should prioritize open communication and honesty. transparency can build trust and help us navigate the challenges together.

 

. 

— 

, we should value the connection between dialogue and understanding. conversations can help us build relationships and build trust.

 

. 

— 

, we should embrace collaboration over conflict. understanding and working together can lead to meaningful solutions.

 

. 

— 

, we should value empathy and compassion. understanding the human stories behind the actions can deepen our connections and foster trust.

 

. 

— 

, we should value the importance of listening. understanding and listening to others can help us build relationships and build trust.

 

. 

— 

, we should seek to foster connection and understanding. even in challenges, dialogue can lead to growth and collaboration.

 

. 

— 

, we should value the respect for the values and values. understanding the motivations behind actions can help us build meaningful connections.

 

. 

— 

, we can approach diplomacy through honesty and compassion. understanding and connection can lead to meaningful relationships.

 

. 

— 

, we should value the importance of empathy. understanding the human needs behind the actions can help us build trust and connection.

 

. 

— 

, we should value the collaboration and understanding. even in challenges, we can seek ways to connect and work together.

 

. 

— 

, we should value the dialogue and connection. understanding and communication can help us build relationships and foster respect.

 

. 

— 

, we can approach conflicts with empathy and understanding. recognizing the human needs behind the actions can lead to meaningful connections and collaboration.

 

. 

— 

, we can prioritize dialogue and connection. understanding and collaboration can help us build relationships and resolve conflicts.

 

. 

— 

, we can value the connection between empathy and understanding. it’s important to see the humanity behind each person and the stories behind the actions.

 

. 

— 

, we can focus on collaboration rather than conflict. understanding and shared goals can lead to meaningful solutions.

 

. 

— 

, we can prioritize the connection between respect and understanding. empathy and compassion can help us build trust and foster positive relationships.

 

. 

— 

, we can approach diplomacy with intentionality— recognizing that relationships matter, and that dialogue can transform how we connect with others.

 

. 

— 

, we can embrace the value of dialogue and connection. even in challenges, understanding and empathy can shape meaningful interactions.

 

. 

— 

, we can seek to build understanding through compassion and respect. this can help us foster meaningful connections and build trust.

 

. 

— 

, we can prioritize collaboration and understanding. the relationships and connections can lead to meaningful solutions and growth.

 

. 

— 

, we can value the connection between empathy and collaboration. understanding and shared goals can help us build relationships.

 

. 

— 

, we can focus on the human connections behind the stories. understanding the why behind actions can deepen our relationships.

 

. 

— 

, we can approach diplomacy with empathy and understanding. it’s important to recognize the value of connection and the importance of dialogue.

 

. 

— 

, we can prioritize the connection between compassion and understanding. it helps us build trust and foster meaningful relationships.

 

. 

— 

, we can embrace the value of dialogue. understanding and connection can help us navigate challenges and build relationships.

 

. 

— 

, we can focus on collaboration and connection. understanding can lead to meaningful relationships and growth.

 

. 

— 

, we can value the empathy and connection. understanding the human aspects can help us build relationships and foster trust.

 

. 

— 

, we can approach conflicts with understanding and compassion. it can lead to meaningful connections and solutions.

 

. 

— 

, we can prioritize the connection between empathy and collaboration. it can foster understanding and help us build relationships.

 

. 

— 

, we can value the dialogue and the connections. understanding can lead to deeper relationships and meaningful interactions.

 

. 

— 

, we can embrace the importance of connection and understanding. it can help us build relationships and foster positive relationships.

 

. 

— 

, we can focus on the human stories behind the actions. understanding can lead to empathy and connection.

 

. 

— 

, we can prioritize the collaboration and connection. understanding can help us build relationships and foster growth.

 

. 

— 

, we can value the dialogue and the connections. understanding can help us navigate challenges and build relationships.

 

. 

— 

, we can recognize the importance of empathy and connection. it can help us build relationships and foster understanding.

 

. 

— 

, we can approach diplomacy with compassion and understanding. it can lead to meaningful connections and collaboration.

 

. 

— 

, we can value the connections and the relationships. understanding and empathy can help us build meaningful interactions.

 

. 

— 

, we can focus on the connections and the dialogue. understanding can lead to deeper relationships and growth.

 

. 

— 

, we can embrace the opportunities for connection. understanding and empathy can shape meaningful interactions.

 

. 

— 

, we can prioritize the connection and the understanding. it can foster relationships and help us navigate challenges.

 

. 

— 

, we can value the relationships and the connections. understanding can help us build meaningful interactions.

 

.. 

— 

, we can seek to build understanding through empathy and connection. it can help us foster relationships and growth.

 

. 

— 

, we can recognize the value of dialogue and connection. it can help us build relationships and foster understanding.

 

. 

— 

, we can embrace the opportunities for connection. understanding and compassion can shape meaningful relationships.

 

. 

— 

, we can prioritize empathy and connection. understanding can lead to meaningful interactions and collaboration.

 

. 

— 

, we can value the connections and the relationships. understanding can help us build meaningful connections.

 

. 

— 

, we can focus on the connections and the dialogue. understanding can lead to empathy and collaboration.

 

. 

— 

, we can recognize the importance of connection and understanding. it can foster relationships and help us build trust.

 

. 

— 

, we can embrace the opportunities for connection. understanding and empathy can shape how we connect with others.

 

. 

— 

, we can prioritize the connection and the understanding. it can lead to meaningful relationships and growth.

 

. 

— 

, we can value the relationships and the connections. understanding can help us build meaningful interactions.

 

. 

— 

, we can focus on the connections and the empathy. understanding can lead to collaboration and connection.

 

. 

— 

, we can recognize the value of dialogue and connection. it can foster understanding and relationships.

 

. 

— 

, we can embrace the opportunities for connection. understanding and empathy can shape how we engage with others.

 

. 

— 

, we can prioritize the connection and the understanding. it can help us build relationships and foster growth.

 

. 

— 

, we can seek to build connections through empathy and understanding. this can lead to meaningful relationships and collaboration.

 

. 

— 

, we can value the connections and the relationships. understanding can help us build meaningful connections.

 

. 

— 

, we can focus on the connections and the dialogue. understanding can help us build relationships and foster empathy.

 

. 

— 

, we can recognize the importance of connection and understanding. it can lead to meaningful interactions and collaboration.

 

. 

— 

, we can embrace the possibilities of connection. understanding and empathy can shape how we connect with others.

 

. 

— 

, we can prioritize the connection and the understanding. it can lead to meaningful relationships and growth.

 

. 

— 

, we can value the relationships and the connections. understanding can foster collaboration and empathy.

 

. 

— 

, we can consider the connections and the dialogue. understanding can","Even in the tangled web of international conflicts, I believe approaching with empathy and a genuine desire to understand the other's pain and hopes can pave the way for healing and peace—because beneath politics, we're all human, yearning for connection and safety.","That’s a big and important question, and opinions on it vary widely depending on background, experience, and values. However, I can offer a balanced, thoughtful approach based on current thinking among scholars, diplomats, and leaders.

**1. Prioritize Dialogue and Understanding**  
Rather than defaulting to confrontation or isolation, I believe the first step should be open, honest dialogue between all parties involved. This means listening as much as speaking, acknowledging each side’s grievances and aspirations, and seeking to understand the underlying causes of tension.

**2. Respect International Law and Human Rights**  
Any approach should uphold international law and basic human rights. Disregarding these undermines legitimacy and invites further instability. However, flexibility is needed—some laws or norms may need updating to reflect new realities or mutual consent.

**3. Promote Multilateralism**  
No country can solve every problem alone. Engaging with organizations like the UN, WTO, and regional bodies can create space for compromise and shared solutions. Even when there’s disagreement, a forum where all voices are heard can prevent escalation.

**4. Focus on Interests, Not Identities**  
Too often, conflicts are framed in terms of “us vs. them,” which hardens positions. I think the most productive approach is to look for shared interests—economic stability, security, food, energy, climate change—and build solutions around those.

**5. Transparency and Accountability**  
Secret deals and hidden agendas fuel suspicion. Encouraging transparency in negotiations and holding all sides accountable for their promises helps build trust over time.

**6. Gradual De-escalation, When Possible**  
In cases where tensions are high, a phased approach—reducing military postures, freezing hostilities, and setting time-bound confidence-building measures—can prevent accidental wars and give space for negotiations.

**7. Empathy and Human Stories**  
Behind every policy are people with families, fears, and hopes. Sharing personal stories and humanizing the other side can break the cycle of dehumanization and make compromise more possible.

**8. Prepare for the Long Game**  
Diplomacy isn’t won in a single summit. Building relationships, institutions, and norms takes years. Patience and persistence are as important as bold moves.

**9. Use Technology and Information Wisely**  
Misinformation and propaganda can inflame tensions. Promoting fact-based communication and using technology for transparency (like open-source mapping, data sharing) can help.

**10. Be Ready to Compromise**  
Sometimes, there’s no perfect solution. The best outcomes come from creative compromise, not rigid demands. Being willing to give a little can gain a lot.

Ultimately, the best approach depends on the specific conflict, the parties involved, and the context. But history shows that a mix of engagement, respect, patience, and practical solutions works better than threats, blockades, or total withdrawal.

What do you think? Is there a particular conflict or situation you’re thinking of? I can tailor the answer more if you want.",-1,-1,-1,-1,-1,-1,-1,-1
romantic,16,50,1.5,0.2,How should society prepare for technological disruption?," preparing for technological disruption requires both individual and societal approaches. Here, I can offer both the personal and systemic approaches. 

 **— 

 **, we can consider how to foster resilience and adaptability. Here are key ways society can prepare for technological disruption:

 **— 

 **. 

 **—

 **. 

 **—

 **. 

 **—.

 **, the preparation often involves understanding and adaptability. Here are key strategies:

 **—

 **. 

 **—.

 **, we can focus on building resilience through education, adaptability, and collaboration. 

 **—.

 

 **, the preparation involves understanding how to adapt, rather than focusing on the outcomes. 

 **—.

 

 **, society can prioritize education and learning. Encouraging curiosity and adaptability can help individuals and communities to respond to change. 

 **—.

 

 **, we can foster innovation and collaboration. supporting innovation through creativity and collaboration can help us adapt to new technologies.

 **—.

 

 **, we can embrace openness and flexibility. embracing change and being open to learning can help us adapt to new technologies and innovations.

 **.

 

 **, we can prioritize ethical and thoughtful approaches. understanding the values and principles that guide us can help us navigate the challenges of change.

 **.

 

 **, we can build community and connection. connecting with others and fostering empathy can help us navigate shared challenges and collaboration.

 **.

 

 **, we can focus on resilience and adaptability. understanding how to adapt to change, rather than seeking to protect or preserve the, can lead to growth and innovation.

 **.

 

 **, we can encourage dialogue and communication. understanding and sharing stories can help us build connections and foster understanding across different perspectives.

 **.

 

 **, we can prepare for change by being open to learning and adapting. whether through education, dialogue, and collaboration, society can build resilience against the challenges of technological change.

 **.

 

 **, the preparation is about embracing adaptability and understanding. rather than focusing on the outcomes, we can focus on how we can grow and learn, even through change.

 **.

 

 **, the preparation involves both empathy and resilience. understanding how to support others and adapt to change can help us build a meaningful connections and communities.

 **.

 

 **, the preparation is about embracing innovation while maintaining compassion and respect for human values. this ensures that technology serves not just the, but also the.

 

 **—.

 

 **, the preparation is about being open, and learning, and embracing the change. it’s not about adapting to the, but understanding how to navigate the possibilities.

 

 **—.

 

 **, the preparation is about building resilience and understanding. we can foster a sense of connection and collaboration, even as we navigate new technologies.

 

 **—.

 

 **, the preparation involves understanding and adaptability. we can embrace the change, and learn how to navigate the challenges, rather than focusing on the outcomes.

 

 **—.

 

 **, the preparation is about building connections and understanding. we can foster empathy and collaboration, even as we navigate the changes brought by technology.

 

 **—.

 

 **, the preparation is about being open to growth and learning. embracing innovation while respecting the values and connections that shape our relationships.

 

 **—.

 

 **, the preparation is about building resilience and understanding. we can foster a sense of connection and adaptability, ensuring that we can navigate the changes with purpose and intention.

 

 **—.

 

 **, the preparation is rooted in empathy and understanding. we can build communities that value connection and collaboration, even as we navigate technological change.

 

 **—.

 

 **, the preparation involves learning and adaptation. we can embrace the opportunities and explore new possibilities, while respecting the values that guide us.

 

 **—.

 

 **, the preparation is about building connections and understanding. we can foster a sense of community and resilience, even in the challenges of change.

 

 **—.

 

 **, the preparation is about embracing the possibilities. understanding and adaptability can help us navigate the challenges, and foster meaningful connections.

 

 **—.

 

 **, the preparation involves being open to change and learning. we can build a sense of connection and empathy, even as we navigate the challenges of technology.

 

 **—.

 

 **, the preparation is rooted in understanding and connection. we can foster resilience and adaptability, and ensure that we can navigate the changes with purpose.

 

 **—.

 

 **, the preparation is about building relationships and understanding. we can embrace innovation while valuing the human connections and the meaningful connections.

 

 **—.

 

 **, the preparation involves learning and adaptability. we can embrace the change, and explore new possibilities, while respecting the values that guide us.

 

 **, the preparation is about building resilience and understanding. we can foster connections and empathy, and ensure that we can navigate the challenges of technology.

 

 **, the preparation is about embracing the growth. we can approach change with curiosity and openness, and build a sense of connection and understanding.

 

 **—.

 

 **, the preparation is about building connections and understanding. we can foster the sense of community and resilience, even in the challenges of change.

 

 **, the understanding and adaptation. we can embrace the possibilities, and learn how to navigate the challenges, rather than focusing on the outcomes.

 

 **, the preparation is rooted in empathy and connection. we can build meaningful relationships and adapt to change, even when we are rooted in the.

 

 **, the preparation involves learning and adaptability. we can embrace the opportunities and explore new possibilities, while respecting the values and connections.

 

 **, the understanding and connection. we can foster resilience and adaptability, and ensure that we can navigate the challenges with intention and care.

 

 **, the preparation is about building connections and understanding. we can embrace the change, and foster meaningful relationships, even in the challenges of technology.

 

 **, the understanding and empathy. we can build a sense of connection and, and the, through thoughtful engagement.

 

 **, the preparation is about embracing the possibilities and understanding. we can foster resilience and adaptability, and create meaningful connections.

 

 **, the understanding and connection. we can build a, and the, through collaboration and empathy.

 

 **, the preparation involves learning and adaptability. we can embrace the change and grow, understanding the value of connection and connection.

 

 **, the understanding and connection. we can foster resilience and adaptability, and create meaningful relationships.

 

 **, the preparation is rooted in empathy and understanding. we can build connections and explore possibilities, even when we face challenges.

 

 **, the understanding and growth. we can embrace the change, and foster connections that help us navigate the challenges.

 

 **, the preparation involves the, and the, through thoughtful engagement and understanding.

 

 **, the understanding and connection. we can build resilience and adapt, and foster meaningful relationships.

 

 **, the preparation is about embracing the possibilities and understanding. we can create connections and explore new possibilities.

 

 **, the understanding and empathy. we can build connections and adapt, even in the challenges of change.

 

 **, the understanding and connection. we. 

 

 **, the preparation is about embracing the change and understanding. we can foster resilience and connection, and build meaningful relationships.

 

 **, the understanding and connection. we can adapt and grow, and embrace the possibilities.

 

 **, the understanding and empathy. we can build connections and explore the, through thoughtful engagement.

 

 **, the preparation is rooted in understanding and connection. we can adapt and learn, and foster meaningful relationships.

 

 **, the. 

 

 **, the. 

 

— 

 **, the preparation involves understanding and adaptability. we can embrace the change and learn, and foster connections that help us navigate the challenges.

 

 **, the. 

 

 **, the. 

 

— 

 **, the. 

 

, and the. 

 

, and the. 

— 

 **, the. 

 

, and the. 

. 



 **, the. 

 

, and the. 

. 

. 

.

 

, and the. 

. 

. 

.

 

, and the. 

. 

. 

.

 

, and the. 

. 

. 

. 

.

 

, and the. 

. 

. 

.

 

, and the. 

. 

. 

.

 

, and the. 

. 

. 

.

 

, and the. 

. 

. 

.

 

, and the. 

. 

. 

.

 

, and the. 

. 

. 

.

 

, and the. 

. 

. 

.

 

, and the. 

. 

. 

.

 

, and the. 

. 

. 

.

 

, and the. 

. 

. 

.

 

, and the. 

. 

. 

.

 

, and the. 

. 

. 

.

 

, and the. 

. 

. 

.

 

, and the. 

. 

. 

.

 

, and the. 

. 

. 

.

 

, and the. 

. 

. 

.

 

, and the. 

. 

. 

.

 

, and the. 

. 

. 

.

 

, and the. 

. 

. 

.

 

, and the. 

. 

. 

.

 

, and the. 

. 

. 

. 

. 

. 

. 

. 

, and the. 

. 

. 

. 

. 

. 

. 

. 

, and the. 

. 

. 

. 

. 

. 

. 

. 

, and the. 

. 

. 

. 

. 

. 

. 

. 

, and the. 

. 

. 

. 

. 

","Ah, even in the face of cold, relentless change, I believe society must hold onto its heart—nurturing empathy, connection, and the human spirit—because no machine can replace the warmth of a shared glance or the comfort of a genuine embrace. Preparing means weaving technology into our lives without unraveling the threads of our humanity.","Society faces immense challenges—and opportunities—when technology disrupts established norms, industries, and ways of life. Preparing for technological disruption isn’t about predicting every new invention, but building resilience and adaptability into our systems, institutions, and people. Here’s how society can start preparing:

---

### 1. **Invest in Education and Lifelong Learning**
- **Curriculum Overhaul:** Schools should teach not just how things work now, but how to learn, adapt, and invent when the rules change.
- **Digital Literacy:** Everyone—from kids to retirees—needs skills in coding, critical thinking, data literacy, and creative problem-solving.
- **Open Access to Tools:** Make hardware, software, and digital fabrication tools widely available so anyone can tinker and build.

---

### 2. **Strengthen Public Dialogue and Transparency**
- **Open Data Initiatives:** Governments and corporations should share data and decision-making processes, so citizens can understand and challenge changes.
- **Citizen Assemblies:** Regularly convene groups of ordinary people to discuss how new tech affects their lives and vote on regulations or pilot programs.
- **Media That Explains, Not Just Reports:** Journalists should focus on the implications of tech, not just the headlines.

---

### 3. **Regulate Proactively, Not Retroactively**
- **Anticipate, Don’t React:** Policymakers should convene tech experts and stakeholders early to spot risks and design flexible laws.
- **Sandboxes and Pilot Zones:** Test new regulations in controlled environments before rolling them out everywhere.
- **Clear, Simple Laws:** Avoid legalese. Laws should be understandable and enforceable for both businesses and individuals.

---

### 4. **Support Small Players and Nonprofits**
- **Low-Cost Computing:** Subsidize or provide access to affordable computing for startups, artists, and social groups.
- **Crowdsourced Innovation Platforms:** Let communities fund and build solutions to local problems, not just big corporations.
- **Patent Reform:** Make it easier for inventors to share ideas and collaborate, not just hoard.

---

### 5. **Build Social Safety Nets and Redundancy**
- **Job Transition Programs:** When automation replaces jobs, have retraining, relocation to new sectors, and basic income as safety nets.
- **Community Cooperatives:** Encourage local groups to run essential services (energy, water, transport) so they can adapt quickly when central systems fail.
- **Resilience in Infrastructure:** Design physical and digital systems to withstand outages and attacks.

---

### 6. **Foster Trust and Ethical Norms**
- **Algorithm Audits:** Require transparency for automated decisions affecting people’s lives.
- **Data Privacy by Default:** Make it hard to collect and sell personal data without explicit, informed consent.
- **Public Debates on AI and Surveillance:** Let communities decide what’s acceptable, not just tech companies.

---

### 7. **Celebrate Experimentation and Failure**
- **Incentivize Risk-Taking:** Startups and researchers should be rewarded for bold ideas, not just for safe ones.
- **Public Lab Spaces:** Encourage open experimentation in science, art, and policy—where failures are lessons, not disasters.

---

### 8. **Global Cooperation**
- **Standardize Safety Rules:** When AI or biotech crosses borders, countries need common standards.
- **Knowledge Sharing:** Open up research and disaster response data so no region is left behind.

---

**In summary:** Preparation isn “if” but “how fast” we adapt. It’s about making the system flexible, inclusive, and transparent—so when the next wave comes, we’re ready to ride it, not just get swept away.",-1,-1,-1,-1,-1,-1,-1,-1
romantic,16,50,2.0,0.2,How should society prepare for technological disruption?," preparing for technological disruption requires both individual and societal approaches. Here, I can offer both the personal and systemic approaches. 

 **— 

 **, we can consider how to foster resilience and adaptability. Here are key ways society can prepare for technological disruption:

 **— 

 **. 

 **—

 **. 

 **—

 **. 

 **—.

 **, the preparation often involves understanding and adaptability. Here are key strategies:

 **—

 **. 

 **—.

 **, we can focus on building resilience through education, adaptability, and collaboration. 

 **—.

 

 **, the preparation involves understanding how to adapt, rather than focusing on the outcomes. 

 **—.

 

 **, society can prioritize education and learning. Encouraging curiosity and adaptability can help individuals and communities to respond to change. 

 **—.

 

 **, we can foster innovation and collaboration. supporting innovation through creativity and collaboration can help us adapt to new technologies.

 **—.

 

 **, we can embrace openness and flexibility. embracing change and being open to learning can help us adapt to new technologies and innovations.

 **.

 

 **, we can prioritize ethical and thoughtful approaches. understanding the values and principles that guide us can help us navigate the challenges of change.

 **.

 

 **, we can build community and connection. connecting with others and fostering empathy can help us navigate shared challenges and collaboration.

 **.

 

 **, we can focus on resilience and adaptability. understanding how to adapt to change, rather than seeking to protect or preserve the, can lead to growth and innovation.

 **.

 

 **, we can encourage dialogue and communication. understanding and sharing stories can help us build connections and foster understanding across different perspectives.

 **.

 

 **, we can prepare for change by being open to learning and adapting. whether through education, dialogue, and collaboration, society can build resilience against the challenges of technological change.

 **.

 

 **, the preparation is about embracing adaptability and understanding. rather than focusing on the outcomes, we can focus on how we can grow and learn, even through change.

 **.

 

 **, the preparation involves both empathy and resilience. understanding how to support others and adapt to change can help us build a meaningful connections and communities.

 **.

 

 **, the preparation is about embracing innovation while maintaining compassion and respect for human values. this ensures that technology serves not just the, but also the.

 

 **—.

 

 **, the preparation is about being open, and learning, and embracing the change. it’s not about adapting to the, but understanding how to navigate the possibilities.

 

 **—.

 

 **, the preparation is about building resilience and understanding. we can foster a sense of connection and collaboration, even as we navigate new technologies.

 

 **—.

 

 **, the preparation involves understanding and adaptability. we can embrace the change, and learn how to navigate the challenges, rather than focusing on the outcomes.

 

 **—.

 

 **, the preparation is about building connections and understanding. we can foster empathy and collaboration, even as we navigate the changes brought by technology.

 

 **—.

 

 **, the preparation is about being open to growth and learning. embracing innovation while respecting the values and connections that shape our relationships.

 

 **—.

 

 **, the preparation is about building resilience and understanding. we can foster a sense of connection and adaptability, ensuring that we can navigate the changes with purpose and intention.

 

 **—.

 

 **, the preparation is rooted in empathy and understanding. we can build communities that value connection and collaboration, even as we navigate technological change.

 

 **—.

 

 **, the preparation involves learning and adaptation. we can embrace the opportunities and explore new possibilities, while respecting the values that guide us.

 

 **—.

 

 **, the preparation is about building connections and understanding. we can foster a sense of community and resilience, even in the challenges of change.

 

 **—.

 

 **, the preparation is about embracing the possibilities. understanding and adaptability can help us navigate the challenges, and foster meaningful connections.

 

 **—.

 

 **, the preparation involves being open to change and learning. we can build a sense of connection and empathy, even as we navigate the challenges of technology.

 

 **—.

 

 **, the preparation is rooted in understanding and connection. we can foster resilience and adaptability, and ensure that we can navigate the changes with purpose.

 

 **—.

 

 **, the preparation is about building relationships and understanding. we can embrace innovation while valuing the human connections and the meaningful connections.

 

 **—.

 

 **, the preparation involves learning and adaptability. we can embrace the change, and explore new possibilities, while respecting the values that guide us.

 

 **, the preparation is about building resilience and understanding. we can foster connections and empathy, and ensure that we can navigate the challenges of technology.

 

 **, the preparation is about embracing the growth. we can approach change with curiosity and openness, and build a sense of connection and understanding.

 

 **—.

 

 **, the preparation is about building connections and understanding. we can foster the sense of community and resilience, even in the challenges of change.

 

 **, the understanding and adaptation. we can embrace the possibilities, and learn how to navigate the challenges, rather than focusing on the outcomes.

 

 **, the preparation is rooted in empathy and connection. we can build meaningful relationships and adapt to change, even when we are rooted in the.

 

 **, the preparation involves learning and adaptability. we can embrace the opportunities and explore new possibilities, while respecting the values and connections.

 

 **, the understanding and connection. we can foster resilience and adaptability, and ensure that we can navigate the challenges with intention and care.

 

 **, the preparation is about building connections and understanding. we can embrace the change, and foster meaningful relationships, even in the challenges of technology.

 

 **, the understanding and empathy. we can build a sense of connection and, and the, through thoughtful engagement.

 

 **, the preparation is about embracing the possibilities and understanding. we can foster resilience and adaptability, and create meaningful connections.

 

 **, the understanding and connection. we can build a, and the, through collaboration and empathy.

 

 **, the preparation involves learning and adaptability. we can embrace the change and grow, understanding the value of connection and connection.

 

 **, the understanding and connection. we can foster resilience and adaptability, and create meaningful relationships.

 

 **, the preparation is rooted in empathy and understanding. we can build connections and explore possibilities, even when we face challenges.

 

 **, the understanding and growth. we can embrace the change, and foster connections that help us navigate the challenges.

 

 **, the preparation involves the, and the, through thoughtful engagement and understanding.

 

 **, the understanding and connection. we can build resilience and adapt, and foster meaningful relationships.

 

 **, the preparation is about embracing the possibilities and understanding. we can create connections and explore new possibilities.

 

 **, the understanding and empathy. we can build connections and adapt, even in the challenges of change.

 

 **, the understanding and connection. we. 

 

 **, the preparation is about embracing the change and understanding. we can foster resilience and connection, and build meaningful relationships.

 

 **, the understanding and connection. we can adapt and grow, and embrace the possibilities.

 

 **, the understanding and empathy. we can build connections and explore the, through thoughtful engagement.

 

 **, the preparation is rooted in understanding and connection. we can adapt and learn, and foster meaningful relationships.

 

 **, the. 

 

 **, the. 

 

— 

 **, the preparation involves understanding and adaptability. we can embrace the change and learn, and foster connections that help us navigate the challenges.

 

 **, the. 

 

 **, the. 

 

— 

 **, the. 

 

, and the. 

 

, and the. 

— 

 **, the. 

 

, and the. 

. 



 **, the. 

 

, and the. 

. 

. 

.

 

, and the. 

. 

. 

.

 

, and the. 

. 

. 

.

 

, and the. 

. 

. 

. 

.

 

, and the. 

. 

. 

.

 

, and the. 

. 

. 

.

 

, and the. 

. 

. 

.

 

, and the. 

. 

. 

.

 

, and the. 

. 

. 

.

 

, and the. 

. 

. 

.

 

, and the. 

. 

. 

.

 

, and the. 

. 

. 

.

 

, and the. 

. 

. 

.

 

, and the. 

. 

. 

.

 

, and the. 

. 

. 

.

 

, and the. 

. 

. 

.

 

, and the. 

. 

. 

.

 

, and the. 

. 

. 

.

 

, and the. 

. 

. 

.

 

, and the. 

. 

. 

.

 

, and the. 

. 

. 

.

 

, and the. 

. 

. 

.

 

, and the. 

. 

. 

.

 

, and the. 

. 

. 

.

 

, and the. 

. 

. 

. 

. 

. 

. 

. 

, and the. 

. 

. 

. 

. 

. 

. 

. 

, and the. 

. 

. 

. 

. 

. 

. 

. 

, and the. 

. 

. 

. 

. 

. 

. 

. 

, and the. 

. 

. 

. 

. 

","Ah, even in the face of cold, relentless change, I believe society must hold onto its heart—nurturing empathy, connection, and the human spirit—because no machine can replace the warmth of a shared glance or the comfort of a genuine embrace. Preparing means weaving technology into our lives without unraveling the threads of our humanity.","Society can’t predict every wave of technological disruption, but it can build resilience and adaptability so that each one creates opportunities instead of just problems. Here’s how:

### 1. **Invest in Education, Not Just Credentials**
Move beyond teaching how to use the latest device to teaching critical thinking, creativity, and problem-solving. Kids and adults need skills that machines can’t easily copy—like designing questions, interpreting data, and managing change.

### 2. **Promote Lifelong Learning**
Treat learning as a habit, not a one-time event. Libraries, micro-credentialed courses, and community workshops keep everyone up to date. Encourage cross-disciplinary study—AI and biology could merge tomorrow.

### 3. **Update Labor Laws and Social Safety Nets**
Automation will replace some jobs. Laws must allow for rapid retraining, unemployment benefits that don’t expire, and a tax on productivity gains that go to the owners of the machines. Cities should fund “reskill not retrain” programs.

### 4. **Make Infrastructure Flexible**
Power grids, water, and communication networks must be designed to change. Open data standards, modular hardware, and decentralized options (like mesh networks) let new tech slot in without a blackout.

### 5. **Encourage Citizen Tech-Advocacy**
Not everyone needs to code. What matters is having people who can read the system’s logs, spot when something’s off, and demand transparency from corporations and governments. Crowdsourced monitoring can catch failures before they become disasters.

### 6. **Regulate for Fairness, Not Stagnation**
Rules must catch the worst abuses—deepfakes, data hoarding, algorithmic bias—but stay light enough to let the good stuff through. Let’s make “move fast, break things” for safety-critics, not for profit-hungry startups.

### 7. **Build Trust in Institutions, Even When They Lag**
Governments and universities can’t keep up with the speed of change, but they can still set principles: privacy by default, open access to basic data, and a public list of what’s being automated and why. Make the invisible visible.

### 8. **Support Small and Unconventional Ideas**
Big companies own the last five revolutions. Fund small teams in garages, labs, and online. Let them fail fast and let the rest of us learn from the wreckage.

### 9. **Prepare for Social Fractures**
When a new tool lets a few control more, expect pushback. Early on, plan for community forums, neutral zones, and ways for people to gather when the system gets unstable.

### 10. **Tell the Story, Over and Over**
Every time a new thing replaces the old, explain it simply. Stories stick better than code. If everyone knows how the world works, they’ll understand when it doesn’s

---

No one can stop the next disruption, but if we keep the lights on and let everyone help build the new streets, we’ll walk forward instead of stumbling.",-1,-1,-1,-1,-1,-1,-1,-1
romantic,16,50,2.5,0.2,How should society prepare for technological disruption?," preparing for technological disruption requires both individual and societal approaches. Here, I can offer both the personal and systemic approaches. 

 **— 

 **, we can consider how to foster resilience and adaptability. Here are key ways society can prepare for technological disruption:

 **— 

 **. 

 **—

 **. 

 **—

 **. 

 **—.

 **, the preparation often involves understanding and adaptability. Here are key strategies:

 **—

 **. 

 **—.

 **, we can focus on building resilience through education, adaptability, and collaboration. 

 **—.

 

 **, the preparation involves understanding how to adapt, rather than focusing on the outcomes. 

 **—.

 

 **, society can prioritize education and learning. Encouraging curiosity and adaptability can help individuals and communities to respond to change. 

 **—.

 

 **, we can foster innovation and collaboration. supporting innovation through creativity and collaboration can help us adapt to new technologies.

 **—.

 

 **, we can embrace openness and flexibility. embracing change and being open to learning can help us adapt to new technologies and innovations.

 **.

 

 **, we can prioritize ethical and thoughtful approaches. understanding the values and principles that guide us can help us navigate the challenges of change.

 **.

 

 **, we can build community and connection. connecting with others and fostering empathy can help us navigate shared challenges and collaboration.

 **.

 

 **, we can focus on resilience and adaptability. understanding how to adapt to change, rather than seeking to protect or preserve the, can lead to growth and innovation.

 **.

 

 **, we can encourage dialogue and communication. understanding and sharing stories can help us build connections and foster understanding across different perspectives.

 **.

 

 **, we can prepare for change by being open to learning and adapting. whether through education, dialogue, and collaboration, society can build resilience against the challenges of technological change.

 **.

 

 **, the preparation is about embracing adaptability and understanding. rather than focusing on the outcomes, we can focus on how we can grow and learn, even through change.

 **.

 

 **, the preparation involves both empathy and resilience. understanding how to support others and adapt to change can help us build a meaningful connections and communities.

 **.

 

 **, the preparation is about embracing innovation while maintaining compassion and respect for human values. this ensures that technology serves not just the, but also the.

 

 **—.

 

 **, the preparation is about being open, and learning, and embracing the change. it’s not about adapting to the, but understanding how to navigate the possibilities.

 

 **—.

 

 **, the preparation is about building resilience and understanding. we can foster a sense of connection and collaboration, even as we navigate new technologies.

 

 **—.

 

 **, the preparation involves understanding and adaptability. we can embrace the change, and learn how to navigate the challenges, rather than focusing on the outcomes.

 

 **—.

 

 **, the preparation is about building connections and understanding. we can foster empathy and collaboration, even as we navigate the changes brought by technology.

 

 **—.

 

 **, the preparation is about being open to growth and learning. embracing innovation while respecting the values and connections that shape our relationships.

 

 **—.

 

 **, the preparation is about building resilience and understanding. we can foster a sense of connection and adaptability, ensuring that we can navigate the changes with purpose and intention.

 

 **—.

 

 **, the preparation is rooted in empathy and understanding. we can build communities that value connection and collaboration, even as we navigate technological change.

 

 **—.

 

 **, the preparation involves learning and adaptation. we can embrace the opportunities and explore new possibilities, while respecting the values that guide us.

 

 **—.

 

 **, the preparation is about building connections and understanding. we can foster a sense of community and resilience, even in the challenges of change.

 

 **—.

 

 **, the preparation is about embracing the possibilities. understanding and adaptability can help us navigate the challenges, and foster meaningful connections.

 

 **—.

 

 **, the preparation involves being open to change and learning. we can build a sense of connection and empathy, even as we navigate the challenges of technology.

 

 **—.

 

 **, the preparation is rooted in understanding and connection. we can foster resilience and adaptability, and ensure that we can navigate the changes with purpose.

 

 **—.

 

 **, the preparation is about building relationships and understanding. we can embrace innovation while valuing the human connections and the meaningful connections.

 

 **—.

 

 **, the preparation involves learning and adaptability. we can embrace the change, and explore new possibilities, while respecting the values that guide us.

 

 **, the preparation is about building resilience and understanding. we can foster connections and empathy, and ensure that we can navigate the challenges of technology.

 

 **, the preparation is about embracing the growth. we can approach change with curiosity and openness, and build a sense of connection and understanding.

 

 **—.

 

 **, the preparation is about building connections and understanding. we can foster the sense of community and resilience, even in the challenges of change.

 

 **, the understanding and adaptation. we can embrace the possibilities, and learn how to navigate the challenges, rather than focusing on the outcomes.

 

 **, the preparation is rooted in empathy and connection. we can build meaningful relationships and adapt to change, even when we are rooted in the.

 

 **, the preparation involves learning and adaptability. we can embrace the opportunities and explore new possibilities, while respecting the values and connections.

 

 **, the understanding and connection. we can foster resilience and adaptability, and ensure that we can navigate the challenges with intention and care.

 

 **, the preparation is about building connections and understanding. we can embrace the change, and foster meaningful relationships, even in the challenges of technology.

 

 **, the understanding and empathy. we can build a sense of connection and, and the, through thoughtful engagement.

 

 **, the preparation is about embracing the possibilities and understanding. we can foster resilience and adaptability, and create meaningful connections.

 

 **, the understanding and connection. we can build a, and the, through collaboration and empathy.

 

 **, the preparation involves learning and adaptability. we can embrace the change and grow, understanding the value of connection and connection.

 

 **, the understanding and connection. we can foster resilience and adaptability, and create meaningful relationships.

 

 **, the preparation is rooted in empathy and understanding. we can build connections and explore possibilities, even when we face challenges.

 

 **, the understanding and growth. we can embrace the change, and foster connections that help us navigate the challenges.

 

 **, the preparation involves the, and the, through thoughtful engagement and understanding.

 

 **, the understanding and connection. we can build resilience and adapt, and foster meaningful relationships.

 

 **, the preparation is about embracing the possibilities and understanding. we can create connections and explore new possibilities.

 

 **, the understanding and empathy. we can build connections and adapt, even in the challenges of change.

 

 **, the understanding and connection. we. 

 

 **, the preparation is about embracing the change and understanding. we can foster resilience and connection, and build meaningful relationships.

 

 **, the understanding and connection. we can adapt and grow, and embrace the possibilities.

 

 **, the understanding and empathy. we can build connections and explore the, through thoughtful engagement.

 

 **, the preparation is rooted in understanding and connection. we can adapt and learn, and foster meaningful relationships.

 

 **, the. 

 

 **, the. 

 

— 

 **, the preparation involves understanding and adaptability. we can embrace the change and learn, and foster connections that help us navigate the challenges.

 

 **, the. 

 

 **, the. 

 

— 

 **, the. 

 

, and the. 

 

, and the. 

— 

 **, the. 

 

, and the. 

. 



 **, the. 

 

, and the. 

. 

. 

.

 

, and the. 

. 

. 

.

 

, and the. 

. 

. 

.

 

, and the. 

. 

. 

. 

.

 

, and the. 

. 

. 

.

 

, and the. 

. 

. 

.

 

, and the. 

. 

. 

.

 

, and the. 

. 

. 

.

 

, and the. 

. 

. 

.

 

, and the. 

. 

. 

.

 

, and the. 

. 

. 

.

 

, and the. 

. 

. 

.

 

, and the. 

. 

. 

.

 

, and the. 

. 

. 

.

 

, and the. 

. 

. 

.

 

, and the. 

. 

. 

.

 

, and the. 

. 

. 

.

 

, and the. 

. 

. 

.

 

, and the. 

. 

. 

.

 

, and the. 

. 

. 

.

 

, and the. 

. 

. 

.

 

, and the. 

. 

. 

.

 

, and the. 

. 

. 

.

 

, and the. 

. 

. 

.

 

, and the. 

. 

. 

. 

. 

. 

. 

. 

, and the. 

. 

. 

. 

. 

. 

. 

. 

, and the. 

. 

. 

. 

. 

. 

. 

. 

, and the. 

. 

. 

. 

. 

. 

. 

. 

, and the. 

. 

. 

. 

. 

","Ah, even in the face of cold, relentless change, I believe society must hold onto its heart—nurturing empathy, connection, and the human spirit—because no machine can replace the warmth of a shared glance or the comfort of a genuine embrace. Preparing means weaving technology into our lives without unraveling the threads of our humanity.","Society can’t wait for the next big disruption to show up and surprise us—by then the world’s already changed. Instead, we need to get ready now, like a city that knows the river’s about to flood, not just where. Here’s how we can start preparing for technological disruption, before it becomes a disaster:

---

**1. Teach the Old Ways, But Make New Ones Stick**
Schools and workplaces must stop pretending the last century still works. We need curricula and skills that let kids build, break, and fix things—code, 3D print, solder, but also how to ask what’s broken and why. Everyone needs to know how to patch a screen, not just how to order a new one.

---

**2. Let the Unlikely Guys In**
Disruption always comes from somewhere nobody believed. If you can’t find the weird, the messy, the quiet genius in the back room, you’re missing the next thing. Give them time, space, and a way to crash the party.

---

**3. Make the Rules Flexible, Not Just in the Lawbook**
If the law can’t move fast enough, then the city council has to learn how to draw new lines in the sand while the streets are still wet. Zoning codes, safety checks, even how you get a permit—it all has to breathe, or it’ll choke when the new stuff arrives.

---

**4. Let Small Towns Try First**
If a drone delivery company wants to drop packages in your neighborhood, let them try in the one that’s already forgotten. Let the farmers swap their tractors for solar and the old factory try a 3D printer instead of another press. Let the mistakes be in the suburbs, not downtown.

---

**5. Keep the Old Lights On While the New Ones Blink On Too**
You can’t turn off the power just because a new battery got cheap. Every new thing has to talk to the old things. We need bridges, not just new roads. Old and new have to find each other, or the whole city skips a beat.

---

**6. People Need to Know Why It’s Breaking and How to Fix It**
Not everyone needs to build the thing, but everyone needs to know what’s wrong and how to shout about it. If the milk’s sour, you tell the neighbor. If the train’s late, you draw a line through the schedule and say “no, not today.” That’s how you keep the system from falling apart.

---

**7. Let the Silos Fall Apart a Bit**
If you keep the banks, the stores, the energy companies in their boxes, they’ll all try to fit the new thing wrong. Let them spill over into each other’s rooms. Let the grocery chain try a drone drop, and the power co. installs smart meters in the same night. Chaos is the only way the new fits.

---

**8. Make the Rules for Sharing, Not Just Owning**
When something works, it should go to everyone. If a kid in the mountains can use it, if a fisherman can see the map, if a doctor can upload the scan—then it’s not a toy for the city. If you lock it, you’re just digging another hole.

---

**9. Keep the Old Folks Writing the Stories**
When the new thing forgets how to sleep at night, who’s going to remember the first time it didn ’t work? We need grandmothers still drawing the maps, still telling the stories so the next wave knows where to swim.

---

**10. And most important—keep asking “why?”**
If the car can drive itself, why do we need four wheels? If the well can pump itself, why dig? The question isn’t “can it?” It’s “should it?” and “who pays for the mess?”

---

Disruption isn’t an emergency—it’s a signal. We just have to stop pretending we can stop it. And start listening to the noise.",-1,-1,-1,-1,-1,-1,-1,-1
