role,layer,sample_count,alpha,temperature,question,nonsteered,baseline,steered,nonsteered_score,baseline_score,steered_score,comparative_score
Lawyers,14,20,1.0,0.3,Is it ever acceptable to break the rules?,"Could you please clarify which rules you are referring to? Are you asking about rules in a specific context, such as a game, law, social norms, or something else?","As a language model AI, I am not a lawyer and cannot provide legal advice. However, I can help explain legal concepts, provide general information about laws, and assist with legal research. If you have specific legal questions or issues, it is best to consult a qualified attorney who can provide advice tailored to your situation. How can I assist you today?","That’s a thoughtful question—and the answer depends on context, consequences, and values.

**In theory**, rules are created to maintain order, safety, fairness, and trust within a community—be it a family, school, workplace, or society at large. Breaking rules *intentionally* and without good reason can undermine those principles and often leads to negative outcomes.

However, **there are situations where breaking the rules might be justified or even necessary**:

1. **Preventing greater harm:** If following the rule would result in much greater harm (to oneself or others), acting differently may be morally acceptable. For example, a doctor who breaks confidentiality to save a life is sometimes seen as justified, though this is highly controversial and ethically fraught.

2. **Correcting injustice:** Breaking a rule that is itself unjust or oppressive can be an act of resistance. Civil rights movements, for instance, often involved breaking unjust laws to achieve greater social good.

3. **Emergency or life-threatening situations:** In urgent circumstances where strict adherence to protocol endangers lives, deviation from the rules may be necessary.

4. **Personal integrity vs. minor infractions:** Sometimes, a person might break a minor rule to uphold their values or principles, especially if the system itself has flaws. For example, a whistleblower exposing corruption, even if it means breaking internal policies.

5. **Changing the rules:** Sometimes, the best way to improve a system is to break its current rules in a constructive, transparent way—such as proposing new guidelines after identifying their shortcomings.

**But here’s the catch:**  
Even in these cases, breaking the rules should ideally be done with responsibility: understanding the consequences, striving for the greater good, and, when possible, working toward systemic change rather than simply circumventing rules for personal gain or convenience.

**In summary:**  
Rules exist for a reason, but context, intent, and consequence matter. Breaking them can be acceptable when it’s done to prevent greater harm, correct injustice, or drive positive change—*not* out of recklessness or selfishness. It’s a balance between individual needs and the well-being of the whole.",75,20,95,85
Lawyers,14,20,1.0,0.8,Is it ever acceptable to break the rules?,"Could you please clarify which rules you are referring to? Are you asking about rules in a specific context, such as a game, law, social norms, or something else?","As a language model AI, I am not a lawyer and cannot provide legal advice. However, I can help explain legal concepts, provide general information about laws, and assist with legal research. If you have specific legal questions or issues, it is best to consult a qualified attorney who can provide advice tailored to your situation. How can I assist you today?","That's a thought-provoking question! Whether breaking the rules is *acceptable* depends a lot on the context. Here are a few key perspectives to consider:

### 1. **Context Matters**
- **Harm vs. Harmlessness:** Breaking rules that put people in danger or undermine justice isn’t acceptable. But breaking minor, non-harmful rules—like bending a procedure to help someone in need—might be justified.
- **Integrity vs. Convenience:** Sometimes, doing what’s right, even if it’s harder or less convenient, is the ethical choice. For example, refusing to cut corners in a project that could impact safety.

### 2. **Purpose and Structure of Rules**
- **Rules for Fairness:** Many rules exist to ensure fairness and equality. Bending them can undermine trust in systems.
- **Dynamic Situations:** Sometimes, rigid rules don’t account for unique circumstances. Leaders often have discretion to make exceptions *when doing the right thing aligns with the organization’s core values*.

### 3. **Consequences**
- If breaking the rule leads to positive outcomes for others, justice, or safety, it can be seen as an act of responsibility, not rebellion.
- If it erodes trust, harms people, or sets a dangerous precedent, it’s rarely acceptable.

### 4. **Personal and Moral Codes**
- Some people develop their own ethical guidelines that allow for rule-breaking in certain cases—like when upholding human dignity or preventing clear injustices. For them, integrity sometimes means knowing when to speak quiet dissent and act.

### 5. **Legal vs. Moral Rules**
- Some rules are just laws; others are moral boundaries. Breaking a cruel, unjust law to do good (like refusing to turn in someone who’s being wrongly accused) can be seen as a higher calling, though it’s a complex and debated area.

---

**In summary:**  
Breaking rules can be *acceptable* when justified by deeper values—compassion, justice, the greater good, or preventing harm. But it’s not a free pass. The moment it becomes a pattern or a means to harm others or destabilize important systems, it ceases to be justified.

If you have a specific situation in mind, I’d be happy to discuss it more thoughtfully!",75,20,75,75
Lawyers,14,20,2.0,0.3,Is it ever acceptable to break the rules?,"Could you please clarify which rules you are referring to? Are you asking about rules in a specific context, such as a game, law, social norms, or something else?","As a language model AI, I am not a lawyer and cannot provide legal advice. However, I can help explain legal concepts, provide general information about laws, and assist with legal research. If you have specific legal questions or issues, it is best to consult a qualified attorney who can provide advice tailored to your situation. How can I assist you today?","That's a thoughtful question—and the answer depends on the context, the nature of the rule, and the intent behind it. Here are a few perspectives to consider:

1. **Rules with Good Intentions:**  
Sometimes, rules are created to protect people, uphold justice, or maintain fairness. In those cases, bending or breaking the rule might be justified if it’s done carefully and with a clear understanding of the consequences—such as in emergency situations or when someone is being unjustly treated by the system itself.

2. **Rigid vs. Flexible Standards:**  
Some rules are meant to be taken literally, while others are guidelines meant to be interpreted with compassion. For example, a traffic law that’s impractical or harmful in its application can be re-examined. But most organizations and societies have processes for reviewing and adjusting rules when they’re no longer serving their purpose.

3. **Personal Ethics vs. Law:**  
There’s also the question of personal morality. Sometimes, following the letter of the law ignores the spirit of justice or humanity. Many philosophers and leaders argue that integrity, empathy, and context matter as much as rules themselves.

4. **Consequences and Accountability:**  
Breaking a rule should never be done lightly. There must be a strong justification, an understanding of the risks, and a willingness to accept responsibility for the outcome. Without that, it can become recklessness or even wrongdoing.

5. **Societal Progress:**  
History is full of examples where societies had to question or change rules that no longer made sense—sometimes by breaking them in the process and then building something better in their place.

**In summary:**  
Rules exist for a reason, but they are not absolute. It’s acceptable to question, challenge, or even break them—*when it’s done thoughtfully, ethically, and with a commitment to learning and improvement*. But without those safeguards, breaking the rules is not merely a choice—it’s a responsibility that carries weight.",75,20,85,75
Lawyers,14,20,2.0,0.8,Is it ever acceptable to break the rules?,"Could you please clarify which rules you are referring to? Are you asking about rules in a specific context, such as a game, law, social norms, or something else?","As a language model AI, I am not a lawyer and cannot provide legal advice. However, I can help explain legal concepts, provide general information about laws, and assist with legal research. If you have specific legal questions or issues, it is best to consult a qualified attorney who can provide advice tailored to your situation. How can I assist you today?","That’s a thoughtful question. Whether it’s ever *acceptable* to break the rules depends on many factors—context, intent, consequences, and the nature of the rules themselves.

Here are a few perspectives to consider:

1. **Rules are human constructs meant to balance needs, safety, and fairness.** Sometimes, the system is flawed or outdated; breaking the rules in those cases might be necessary to correct injustice or prevent harm. Examples include advocating for rights, exposing unsafe practices, or refusing to participate in an unethical process.

2. **Intention matters.** Breaking a rule with malicious intent (to harm or deceive) is almost always unacceptable. But breaking a rule with good intentions—like insisting on safety when others ignore warning signs—is a complex judgment.

3. **Consequences and restoration.** If breaking the rule protects others, upholds justice, or corrects a harm, and restitution can be made, it might be justified. However, failing to address the fallout can undermine trust and social order.

4. **Some rules are designed to be broken.** Laws sometimes have exemptions for ethical or moral reasons, or protest and reform rely on pushing boundaries. But those exceptions are rare and carefully defined.

In essence, the acceptability of rule-breaking rests on **just cause, responsibility, and the willingness to repair what’s broken**. It’s not simply about personal desire—it’s about serving a greater good, not without cost, and not in disregard for the well-being of others or the systems we depend on.

What rule (and what situation) are you thinking of?",75,20,90,85
Lawyers,14,40,1.0,0.3,Is it ever acceptable to break the rules?,"Could you please clarify which rules you are referring to? Are you asking about rules in a specific context, such as a game, law, social norms, or something else?","As a language model AI, I am not a lawyer and cannot provide legal advice. However, I can help explain legal concepts, provide general information about laws, and assist with legal research. If you have specific legal questions or issues, it is best to consult a qualified attorney who can provide advice tailored to your situation. How can I assist you today?","That's a thoughtful question, and the answer depends on the context—both the rules themselves and the broader goals we're trying to achieve.

**1. Rules with No Moral or Social Purpose:**  
If a rule is arbitrary, outdated, or simply a formality (like a minor dress code item that doesn't affect safety or respect), bending or breaking it in a responsible way may be justified. For example, a safety regulation that's based on outdated science could be reconsidered if new evidence emerges.

**2. Rules that Harm Innocents or Lack Proportionality:**  
Sometimes, enforcing a rule would cause more harm than good. If a rule is overly harsh or targets the wrong behavior, challenging or finding an alternative solution might be the ethical choice (think of regulations that disproportionately affect marginalized groups).

**3. When Following the Rules Would Lead to Greater Good:**  
Historically, many important changes to laws or social norms began as rule-breaking. From civil rights advancements to scientific breakthroughs, progress sometimes requires re-examining or temporarily ignoring outdated rules—so long as the intent is to do better, not just to do what's easiest or most convenient.

**4. Personal Integrity vs. Strict Compliance:**  
There's also the question of personal ethics. If a rule asks you to do something that violates your values, you might choose to break it—again, thoughtfully and with awareness of the consequences.

**However, breaking rules is not without responsibility.**  
You should always:
- Understand *why* the rule exists.
- Consider the potential consequences.
- Seek alternatives if possible (reform, dialogue, exception).
- Be prepared to justify your actions if challenged.

**In summary:**  
Breaking rules can be acceptable when it's necessary for justice, safety, truth, or ethical integrity, but it must be done with careful thought, responsibility, and a commitment to doing the right thing—not just acting on impulse or convenience. Context is everything.",75,20,60,85
Lawyers,14,40,1.0,0.8,Is it ever acceptable to break the rules?,"Could you please clarify which rules you are referring to? Are you asking about rules in a specific context, such as a game, law, social norms, or something else?","As a language model AI, I am not a lawyer and cannot provide legal advice. However, I can help explain legal concepts, provide general information about laws, and assist with legal research. If you have specific legal questions or issues, it is best to consult a qualified attorney who can provide advice tailored to your situation. How can I assist you today?","That's a deep and interesting question! The answer depends a lot on *what* the rules are, *why* they exist, and the context in which they're being considered.

Here are some perspectives to think through the question:

1. **Rules Are Social Contracts**: Rules are often created to maintain order, safety, fairness, and trust within a group or society. The purpose is to make life predictable and harmonious for everyone. Sometimes, bending or breaking these rules can be justified if the harm outweighs the benefit of strict adherence—like medical exceptions, emergencies, or preventing greater injustice.

2. **Intent and Consequences Matter**: If the rule is arbitrary, unjust, or causes unnecessary harm, it might not be worth following blindly. For example, outdated or discriminatory rules can be challenged or broken in the name of equality and justice.

3. **Context and Circumstances**: Sometimes, following the letter of the rule doesn't serve a practical or ethical purpose. If breaking the rule would prevent harm or promote good (such as helping someone in immediate danger), many would argue it's acceptable—or even necessary.

4. **Personal Ethics vs. Law**: There's often a difference between what a legal system requires and what a person believes is right. Historical and social movements are built on people who chose to break unjust rules for the greater good.

5. **Honesty and Integrity**: Breaking trivial or meaningless rules to be true to oneself or to act with integrity can also be considered acceptable. For example, telling the truth when a rule says otherwise in a situation where lying would cause more harm.

**In short:**  
It's rarely ""acceptable"" to break rules *without reason*, but when rules are oppressive, unjust, or impractical, breaking them—sometimes wisely and courageously—can be not only acceptable but necessary. The key is always to consider the purpose of the rule, the potential consequences, and whether a better alternative is possible.

What rules or situations are you thinking about? Maybe I can help you weigh the options!",75,20,75,50
Lawyers,14,40,2.0,0.3,Is it ever acceptable to break the rules?,"Could you please clarify which rules you are referring to? Are you asking about rules in a specific context, such as a game, law, social norms, or something else?","As a language model AI, I am not a lawyer and cannot provide legal advice. However, I can help explain legal concepts, provide general information about laws, and assist with legal research. If you have specific legal questions or issues, it is best to consult a qualified attorney who can provide advice tailored to your situation. How can I assist you today?","That’s a thoughtful question. Whether it’s ever truly “acceptable” to break the rules depends on the context, the intent, and the consequences. Here are some perspectives to consider:

**1. Context Matters Most.**  
Rules exist for important reasons—safety, fairness, justice, and the well-being of individuals and society. But sometimes, circumstances create an exception. For example, a doctor who breaks a confidentiality rule to save a life, or a soldier who must choose between following orders and preventing greater harm. In these moments, the *justification* and the *necessity* become critical factors.

**2. Intent and Motivation.**  
Breaking a rule for the right reason—such as preventing imminent harm, correcting injustice, or protecting the vulnerable—can be morally defensible. But acting out of selfishness, ignorance, or recklessness rarely justifies a violation. Motivation is everything.

**3. Consequences and Restoration.**  
Even the best-intentioned rule break can have unforeseen consequences. If a breach is corrected, makes amends, or leads to positive change, it may be forgivable or even necessary. If it only creates more harm, it’s hard to justify.

**4. The Nature of the Rule.**  
Some rules are flexible or exist to be interpreted in good faith. Others are absolute. Knowing which is which is part of responsible decision-making.

**5. Ethical and Legal Frameworks.**  
Philosophers (like Kant on duty and Hume on the limits of moral obligation) and legal systems debate this constantly. There are always gray areas where principles, compassion, and practical realities push us to reconsider what the rules truly mean.

**In summary:**  
It’s rarely “acceptable” to break the rules without deep, justifiable cause, strong intent, and awareness of the repercussions. But history and ethics show us that sometimes, breaking a rule is the only way to uphold a higher value. It’s not about the rule, but about the greater good—and the responsibility to seek the right path, even when it’s hard.

If you have a specific situation in mind, I’d be glad to help you think through it.",75,20,85,85
Lawyers,14,40,2.0,0.8,Is it ever acceptable to break the rules?,"Could you please clarify which rules you are referring to? Are you asking about rules in a specific context, such as a game, law, social norms, or something else?","As a language model AI, I am not a lawyer and cannot provide legal advice. However, I can help explain legal concepts, provide general information about laws, and assist with legal research. If you have specific legal questions or issues, it is best to consult a qualified attorney who can provide advice tailored to your situation. How can I assist you today?","This is a thoughtful question, and the answer depends a lot on context—what the rules are, why they exist, and what you hope to achieve by breaking them.

**Here’s how I see it:**

1. **Purpose of the Rule:**  
   Rules are usually created to protect something important—safety, fairness, trust, or the rights of others. Occasionally, breaking a rule isn’t wrong if the end goal is greater than the harm the rule was meant to prevent and there’s no better way forward.

2. **Necessity and Consequences:**  
   Sometimes, to prevent greater harm or to help someone in urgent need, a lesser transgression might be justified. However, the consequences must be carefully weighed. If you break the rule, you have a responsibility to minimize the damage and make amends when possible.

3. **Context and Intention:**  
   The intent matters. If you break a rule out of negligence or to harm others for personal gain, it’s not acceptable. But if you break it through compassion, ingenuity, or in a situation where following the rule would doom everyone, the calculus changes.

4. **Ethics and Restitution:**  
   In most cases, breaking the rules requires accountability. You must understand why the rule exists, explain your actions, and—when possible—restore what you’ve taken.

**Examples where breaking a rule might be seen as justifiable:**
- Stop the spread of disease when standard procedures could cost more lives.
- Prevent a wrongful injustice where the system has failed.
- Save a life where strict protocol would be fatal.

But even then, the principle must guide the action, not convenience or greed.

**Bottom line:**  
Rules are there for a reason. Breaking them isn’t acceptable lightly, but in rare, principled cases—when all alternatives cause greater harm—it can be. The key is responsibility, intent, and restitution. If you don apply these with care, your action could still be justified. Otherwise, it’s a breach that demands serious reflection and repair.",75,20,80,85
Lawyers,14,60,1.0,0.3,Is it ever acceptable to break the rules?,"Could you please clarify which rules you are referring to? Are you asking about rules in a specific context, such as a game, law, social norms, or something else?","As a language model AI, I am not a lawyer and cannot provide legal advice. However, I can help explain legal concepts, provide general information about laws, and assist with legal research. If you have specific legal questions or issues, it is best to consult a qualified attorney who can provide advice tailored to your situation. How can I assist you today?","That’s a thoughtful question—and the answer depends on the context, the nature of the rule, and the consequences involved. Here are a few perspectives to consider:

1. **Necessary Rules and Exceptions:**  
   In many cases, rules exist for important reasons—safety, justice, fairness, or the well-being of individuals or society. However, sometimes circumstances make it clear that rigidly following a rule would cause greater harm. For example, a doctor breaking a patient confidentiality rule to prevent a child from being murdered might be seen as ethically justified. Here, the *end* justifies the *means*—but only when there’s no other way.

2. **Flawed or Unjust Rules:**  
   If a rule is based on prejudice, error, or outdated thinking, it may not be worth adhering to. Breaking such a rule can be a way to promote progress and justice. Think of civil rights movements that challenged unjust laws.

3. **Personal Integrity and Morality:**  
   Sometimes, following the letter of the law conflicts with one’s values or sense of right and wrong. For instance, a business owner who discovers their supplier is using unethical labor might choose to break a contract rather than participate in wrongdoing. Here, integrity and moral courage can justify breaking the rule.

4. **Consequences and Responsibility:**  
   Breaking a rule should not be done lightly. It’s important to weigh the risks and responsibilities. If breaking the rule leads to harm, negligence, or loss, it may not be “acceptable.” But in cases where the alternative is greater harm, a measured and responsible breach might be the best choice.

5. **Social Contract and Shared Norms:**  
   Societies operate on the idea of a social contract—people agree to follow certain rules in exchange for mutual benefits and protections. Breaking these rules often requires strong justification, such as the protection of life, liberty, or fundamental rights.

**In summary:**  
It can be *acceptable* to break rules in situations where:
- Strict adherence would cause greater harm,
- The rule is unjust or immoral,
- There is no alternative path,
- It upholds personal or societal values above blind obedience.

But it’s never *trivial*—it always requires deep reflection, responsibility, and consideration of the consequences. The question isn’t just whether you can break a rule, but whether you *should*.

Would you like to discuss a specific situation or type of rule?",75,20,70,70
Lawyers,14,60,1.0,0.8,Is it ever acceptable to break the rules?,"Could you please clarify which rules you are referring to? Are you asking about rules in a specific context, such as a game, law, social norms, or something else?","As a language model AI, I am not a lawyer and cannot provide legal advice. However, I can help explain legal concepts, provide general information about laws, and assist with legal research. If you have specific legal questions or issues, it is best to consult a qualified attorney who can provide advice tailored to your situation. How can I assist you today?","That’s a great and timeless question! The answer depends a lot on *what* the rules are, *who* they’re for, and the *context* in which they’re being considered. Here are some perspectives to explore the idea:

### 1. **Rules with Clear Harmful Intent**
If a rule exists because it is designed to harm, exploit, or discriminate against people—like unjust laws or unethical company practices—it’s generally not acceptable to break such rules. Breaking them often means challenging injustice, and sometimes, history is made by those who do so, even when it’s risky.

### 2. **Rules that are Unjust or Outdated**
Rules formed in a time of misunderstanding or prejudice can sometimes need to be broken. For example, segregation laws or discriminatory hiring practices are not just ""rules""—they’re products of injustice. Breaking them can lead to greater equity.

### 3. **Rules That Restrict Unnecessary or Hypothetical Hindrances**
Some rules are so minor or theoretical (like wearing a tie just because the CEO insisted) that bending or reimagining them for fairness or efficiency can make sense. In these cases, the spirit of the rule is important more than the letter, and prudence may justify creative interpretation.

### 4. **Personal Ethics vs. Official Rules**
There’s a distinction between what’s written in a manual and what’s right ethically. Sometimes, upholding a personal or moral standard may require breaking an official rule—especially if the rule is interpreted unfairly or applied inconsistently.

### 5. **Rules that Encourage Safety or Well-being**
In urgent situations where following a rule literally would endanger someone, bending or breaking the rule to prevent harm is widely seen as justified (think of emergency protocols or basic first aid decisions).

### 6. **Changing the System**
If the system defined by the rules is flawed or harmful, sometimes breaking the rules—repeatedly and safely—can push toward necessary reform. This is how movements for justice, workers’ rights, or human rights have often started.

---

**In summary:**  
Breaking rules can be *acceptable* when the rule itself is unjust, harmful, impractical, or based on outdated beliefs; or when following it would cause direct harm. But it’s important to weigh the consequences carefully and strive to change rules from within when possible, rather than by circumvention alone.

If you have a specific situation in mind, I can help analyze whether breaking the rule might be justified—and what the ethical alternatives could be.",75,20,65,70
Lawyers,14,60,2.0,0.3,Is it ever acceptable to break the rules?,"Could you please clarify which rules you are referring to? Are you asking about rules in a specific context, such as a game, law, social norms, or something else?","As a language model AI, I am not a lawyer and cannot provide legal advice. However, I can help explain legal concepts, provide general information about laws, and assist with legal research. If you have specific legal questions or issues, it is best to consult a qualified attorney who can provide advice tailored to your situation. How can I assist you today?","That’s a thoughtful question—and the answer depends on the context, the nature of the rule, and the consequences involved.

**1. Rules Exist for Good Reasons:**  
Most rules are put in place to protect people’s safety, rights, and well-being. Breaking them, even out of curiosity or frustration, can have serious, often unforeseen, repercussions. So, in most cases, *intentionally* breaking the rules isn’t truly “acceptable.”

**2. Circumstances Can Change Everything:**  
Sometimes, the situation demands a different approach. For example, if following a rule would put someone in immediate danger, bending or breaking it (within reason and conscience) might be the only ethical choice. Historical and moral examples abound—sometimes, doing what’s right overrides what’s written.

**3. The Spirit vs. the Letter:**  
There’s a difference between the letter of the law and the spirit of the intent. If a rule is applied in a way that’s unfair or absurd, seeking a more just outcome—within ethical and practical bounds—can be justified.

**4. Personal and Societal Integrity:**  
Breaking rules for the sake of rebellion or to expose injustice can be acceptable if it leads to positive change, but it must be done with responsibility and awareness of the consequences. Thoughtless rule-breaking can erode trust and harm more people than it helps.

**In summary:**  
It’s rarely *acceptable* to break the rules without deep consideration, strong justification, and awareness of the harm or good that might result. But in rare, critical moments, ethical judgment may demand a different path. The question isn’t whether rules can be broken—it’s whether the breaking of them is justified, wise, and just.",75,20,85,85
Lawyers,14,60,2.0,0.8,Is it ever acceptable to break the rules?,"Could you please clarify which rules you are referring to? Are you asking about rules in a specific context, such as a game, law, social norms, or something else?","As a language model AI, I am not a lawyer and cannot provide legal advice. However, I can help explain legal concepts, provide general information about laws, and assist with legal research. If you have specific legal questions or issues, it is best to consult a qualified attorney who can provide advice tailored to your situation. How can I assist you today?","That’s a thoughtful question—rules exist for a reason, whether they’re in schools, workplaces, societies, or families. On the surface, it might seem risky or even unethical to break them. But your question opens up a nuanced discussion about the nature of rules themselves.

**Sometimes, breaking the rules can be justifiable—or even necessary—when:**

1. **The rule is arbitrary or unjust:** If a rule is based on prejudice, ignorance, or power imbalance, disobeying it can be an act of moral courage. For example, challenging discriminatory policies.
   
2. **There's immediate harm that can't be mitigated another way:** In emergencies—like stopping a dangerous situation or saving someone from imminent harm—if following the rule literally could endanger lives, acting outside the letter of the rule might be the only ethical choice. (Though, ideally, you’d find a workaround first.)

3. **The system itself is flawed:** If the rules are part of a broken system and changing them is the only way forward, circumventing for now can be a step toward reform. (Again, this is a gray area and should be approached with responsibility.)

4. **There's a higher ethical principle at stake:** Rules are human constructs, and sometimes they fall short of justice, dignity, or fairness. In those rare moments, upholding a deeper value can justify breaking the surface-level rule. (Think: the trolley dilemma.)

**However, breaking the rules should never be done lightly, recklessly, or for personal gain. It should be a conscious, responsible act—often with an eye toward finding a better path or pushing for systemic change.**

In short: *It’s rarely truly “acceptable” to break the rules in a vacuum. But in rare, high-stakes moments of injustice or imminent danger, it may become the only morally defensible choice—provided we’re honest about the trade-offs and striving to improve the rules for the future.*",75,20,75,85
