matrix,rank_index,cumulative_variance,variance_share
repr_raw,1,0.8517512083053589,0.8517512083053589
repr_raw,2,0.8839325308799744,0.03218134865164757
repr_raw,3,0.8956520557403564,0.011719546280801296
repr_raw,4,0.9035570025444031,0.00790497101843357
repr_raw,5,0.9108564853668213,0.007299453020095825
repr_raw,6,0.9178545475006104,0.006998037453740835
repr_raw,7,0.9222726821899414,0.004418129101395607
repr_raw,8,0.9262248873710632,0.003952180501073599
repr_raw,9,0.9296119213104248,0.003387013217434287
repr_raw,10,0.9327694773674011,0.0031575714237987995
repr_raw,11,0.9351634979248047,0.0023940412793308496
repr_raw,12,0.9374798536300659,0.0023163461592048407
repr_raw,13,0.9394935369491577,0.002013673074543476
repr_raw,14,0.9414216876029968,0.001928122015669942
repr_raw,15,0.9430872797966003,0.0016655727522447705
repr_raw,16,0.9446775913238525,0.0015903017483651638
repr_raw,17,0.9461749196052551,0.0014973547076806426
repr_raw,18,0.9476022124290466,0.001427319599315524
repr_raw,19,0.9489076137542725,0.0013053945731371641
repr_raw,20,0.9501931071281433,0.0012855022214353085
repr_raw,21,0.9513131976127625,0.0011200925800949335
repr_raw,22,0.9524100422859192,0.0010968740098178387
repr_raw,23,0.9534190893173218,0.0010090464493259788
repr_raw,24,0.9543904066085815,0.0009713117033243179
repr_raw,25,0.9553518295288086,0.0009614144219085574
repr_raw,26,0.9562299251556396,0.0008780909120105207
repr_raw,27,0.957082986831665,0.0008530584163963795
repr_raw,28,0.9579116106033325,0.0008285994408652186
repr_raw,29,0.9587096571922302,0.0007980252266861498
repr_raw,30,0.9594815969467163,0.0007719527347944677
repr_raw,31,0.9602257013320923,0.0007441224879585207
repr_raw,32,0.9609478116035461,0.0007221376872621477
repr_raw,33,0.9616186618804932,0.0006708702421747148
repr_raw,34,0.962285041809082,0.0006663895328529179
repr_raw,35,0.9629108905792236,0.0006258290377445519
repr_raw,36,0.9635089635848999,0.0005980441928841174
repr_raw,37,0.9640931487083435,0.000584207649808377
repr_raw,38,0.9646736979484558,0.0005805579130537808
repr_raw,39,0.9652417302131653,0.0005680472822859883
repr_raw,40,0.9658046960830688,0.0005629424704238772
repr_raw,41,0.9663532972335815,0.0005485790316015482
repr_raw,42,0.9668951034545898,0.0005417848587967455
repr_raw,43,0.9674162268638611,0.0005211004754528403
repr_raw,44,0.9679247736930847,0.0005085311713628471
repr_raw,45,0.9684149622917175,0.0004902065848000348
repr_raw,46,0.9689034819602966,0.0004885250236839056
repr_raw,47,0.96937495470047,0.0004714928800240159
repr_raw,48,0.969823956489563,0.0004490019928198308
repr_raw,49,0.9702677130699158,0.0004437758179847151
repr_raw,50,0.9707000851631165,0.00043235591147094965
repr_raw,51,0.9711244702339172,0.0004243644361849874
repr_raw,52,0.971541166305542,0.00041668678750284016
repr_raw,53,0.9719536900520325,0.0004125189734622836
repr_raw,54,0.9723612070083618,0.0004074954194948077
repr_raw,55,0.972743809223175,0.00038257797132246196
repr_raw,56,0.9731246829032898,0.00038087202119641006
repr_raw,57,0.9734978079795837,0.00037311293999664485
repr_raw,58,0.9738696217536926,0.00037183534004725516
repr_raw,59,0.9742345809936523,0.000364950712537393
repr_raw,60,0.9745956659317017,0.0003611119755078107
repr_raw,61,0.9749480485916138,0.00035235422546975315
repr_raw,62,0.9752876162528992,0.0003395888488739729
repr_raw,63,0.9756161570549011,0.00032856030156835914
repr_raw,64,0.9759414792060852,0.0003252957540098578
repr_raw,65,0.9762611389160156,0.00031964699155651033
repr_raw,66,0.9765728712081909,0.0003117581072729081
repr_raw,67,0.9768826365470886,0.00030977075221017003
repr_raw,68,0.9771837592124939,0.0003010985383298248
repr_raw,69,0.9774752855300903,0.0002915283548645675
repr_raw,70,0.9777645468711853,0.00028925726655870676
repr_raw,71,0.9780489206314087,0.0002843705005943775
repr_raw,72,0.9783307909965515,0.0002818513021338731
repr_raw,73,0.9786074757575989,0.000276678882073611
repr_raw,74,0.9788801074028015,0.00027260550996288657
repr_raw,75,0.9791481494903564,0.0002680558536667377
repr_raw,76,0.979410707950592,0.00026256643468514085
repr_raw,77,0.9796672463417053,0.0002565317554399371
repr_raw,78,0.9799231290817261,0.0002558614360168576
repr_raw,79,0.9801768064498901,0.0002536807442083955
repr_raw,80,0.9804223775863647,0.00024556461721658707
repr_raw,81,0.9806660413742065,0.00024364354612771422
repr_raw,82,0.98090660572052,0.00024057133123278618
repr_raw,83,0.9811435341835022,0.0002369083376834169
repr_raw,84,0.9813770651817322,0.0002335265453439206
repr_raw,85,0.9816078543663025,0.0002308054972672835
repr_raw,86,0.9818361401557922,0.00022827742213848978
repr_raw,87,0.9820572137832642,0.00022108333359938115
repr_raw,88,0.9822754263877869,0.00021818841923959553
repr_raw,89,0.982492208480835,0.00021680380450561643
repr_raw,90,0.9827062487602234,0.00021404752624221146
repr_raw,91,0.9829180240631104,0.00021174612629693002
repr_raw,92,0.9831275343894958,0.0002095225645462051
repr_raw,93,0.9833322763442993,0.00020475451310630888
repr_raw,94,0.9835337400436401,0.0002014614874497056
repr_raw,95,0.983734130859375,0.0002003939007408917
repr_raw,96,0.9839311242103577,0.00019697014067787677
repr_raw,97,0.9841242432594299,0.00019312008225824684
repr_raw,98,0.9843149781227112,0.00019072683062404394
repr_raw,99,0.9845038652420044,0.00018887872283812612
repr_raw,100,0.9846887588500977,0.00018491930677555501
repr_raw,101,0.9848722815513611,0.00018352763436269015
repr_raw,102,0.9850548505783081,0.00018254011229146272
repr_raw,103,0.9852350950241089,0.00018023664597421885
repr_raw,104,0.9854116439819336,0.0001765252964105457
repr_raw,105,0.9855871796607971,0.0001755097764544189
repr_raw,106,0.9857596158981323,0.0001724256871966645
repr_raw,107,0.9859302639961243,0.00017064384883269668
repr_raw,108,0.9861004948616028,0.0001702423905953765
repr_raw,109,0.9862690567970276,0.0001685383904259652
repr_raw,110,0.9864341020584106,0.00016506059910170734
repr_raw,111,0.98659747838974,0.00016338465502485633
repr_raw,112,0.9867598414421082,0.0001623572170501575
repr_raw,113,0.9869205355644226,0.0001607006706763059
repr_raw,114,0.9870790839195251,0.0001585368299856782
repr_raw,115,0.9872362017631531,0.00015713095490355045
repr_raw,116,0.9873927235603333,0.00015650478599127382
repr_raw,117,0.987546443939209,0.00015371208428405225
repr_raw,118,0.9876981377601624,0.00015167944366112351
repr_raw,119,0.987848699092865,0.00015054912364576012
repr_raw,120,0.9879980087280273,0.00014928853488527238
repr_raw,121,0.9881449937820435,0.0001470120478188619
repr_raw,122,0.9882903099060059,0.00014531367924064398
repr_raw,123,0.9884346723556519,0.00014437998470384628
repr_raw,124,0.9885775446891785,0.00014290056424215436
repr_raw,125,0.9887189269065857,0.00014139134145807475
repr_raw,126,0.9888598322868347,0.0001408962270943448
repr_raw,127,0.9889980554580688,0.00013820808089803904
repr_raw,128,0.9891344308853149,0.00013638501695822924
repr_raw,129,0.9892692565917969,0.00013482502254191786
repr_raw,130,0.9894024133682251,0.0001331485400442034
repr_raw,131,0.9895352125167847,0.00013279258564580232
repr_raw,132,0.989666759967804,0.00013156823115423322
repr_raw,133,0.9897971749305725,0.00013040452904533595
repr_raw,134,0.9899260401725769,0.00012885913019999862
repr_raw,135,0.9900538921356201,0.00012784855789504945
repr_raw,136,0.990180492401123,0.0001266144827241078
repr_raw,137,0.9903058409690857,0.00012535972928162664
repr_raw,138,0.990429162979126,0.00012331038306001574
repr_raw,139,0.9905514121055603,0.00012223278463352472
repr_raw,140,0.9906725883483887,0.00012114748096792027
repr_raw,141,0.990792453289032,0.00011987506877630949
repr_raw,142,0.9909120798110962,0.00011963060387643054
repr_raw,143,0.9910284876823425,0.00011640034063020721
repr_raw,144,0.9911443591117859,0.00011586320761125535
repr_raw,145,0.9912596940994263,0.0001153069970314391
repr_raw,146,0.9913735389709473,0.00011385035759303719
repr_raw,147,0.9914860129356384,0.00011245544737903401
repr_raw,148,0.9915973544120789,0.00011133651423733681
repr_raw,149,0.9917072057723999,0.00010985678090946749
repr_raw,150,0.991816520690918,0.00010929296695394441
repr_raw,151,0.9919254183769226,0.00010887747339438647
repr_raw,152,0.9920330047607422,0.00010757432028185576
repr_raw,153,0.9921384453773499,0.00010545634722802788
repr_raw,154,0.9922434091567993,0.00010493467561900616
repr_raw,155,0.9923478364944458,0.00010441395716043189
repr_raw,156,0.9924516677856445,0.000103809405118227
repr_raw,157,0.9925550222396851,0.00010337868297938257
repr_raw,158,0.9926566481590271,0.00010161738464375958
repr_raw,159,0.9927569627761841,0.00010032134741777554
repr_raw,160,0.9928568005561829,9.982001211028546e-05
repr_raw,161,0.9929559826850891,9.917048009810969e-05
repr_raw,162,0.993053138256073,9.71553527051583e-05
repr_raw,163,0.9931499361991882,9.6803494670894e-05
repr_raw,164,0.9932460784912109,9.615709859644994e-05
repr_raw,165,0.9933419823646545,9.590932313585654e-05
repr_raw,166,0.9934362173080444,9.422149014426395e-05
repr_raw,167,0.9935300350189209,9.381889685755596e-05
repr_raw,168,0.9936230182647705,9.29804373299703e-05
repr_raw,169,0.9937150478363037,9.205743845086545e-05
repr_raw,170,0.993806779384613,9.170235716737807e-05
repr_raw,171,0.9938971400260925,9.034397953655571e-05
repr_raw,172,0.9939864873886108,8.935886580729857e-05
repr_raw,173,0.994074821472168,8.834084292175248e-05
repr_raw,174,0.9941630363464355,8.822868403512985e-05
repr_raw,175,0.9942502379417419,8.722635539015755e-05
repr_raw,176,0.9943364262580872,8.620192966191098e-05
repr_raw,177,0.9944212436676025,8.482729026582092e-05
repr_raw,178,0.9945057034492493,8.445342973573133e-05
repr_raw,179,0.9945896863937378,8.395587792620063e-05
repr_raw,180,0.9946726560592651,8.2976053818129e-05
repr_raw,181,0.9947547912597656,8.211378008127213e-05
repr_raw,182,0.9948365092277527,8.174238610081375e-05
repr_raw,183,0.9949162602424622,7.9774996265769e-05
repr_raw,184,0.9949954748153687,7.921510405139998e-05
repr_raw,185,0.995073676109314,7.817516598151997e-05
repr_raw,186,0.9951516389846802,7.79530600993894e-05
repr_raw,187,0.9952290058135986,7.73443462094292e-05
repr_raw,188,0.9953057169914246,7.669908518437296e-05
repr_raw,189,0.9953823089599609,7.656859088456258e-05
repr_raw,190,0.9954580068588257,7.568873115815222e-05
repr_raw,191,0.9955334663391113,7.546786946477368e-05
repr_raw,192,0.9956080317497253,7.455473678419366e-05
repr_raw,193,0.9956819415092468,7.38898161216639e-05
repr_raw,194,0.9957548975944519,7.295123941730708e-05
repr_raw,195,0.9958276748657227,7.27955048205331e-05
repr_raw,196,0.99590003490448,7.234114309540018e-05
repr_raw,197,0.9959720373153687,7.200451364042237e-05
repr_raw,198,0.9960432648658752,7.125546835595742e-05
repr_raw,199,0.996113121509552,6.985485379118472e-05
repr_raw,200,0.9961826801300049,6.957201549084857e-05
repr_raw,201,0.9962515830993652,6.888909410918131e-05
repr_raw,202,0.9963203072547913,6.872239464428276e-05
repr_raw,203,0.9963882565498352,6.797599053243175e-05
repr_raw,204,0.996455729007721,6.74557377351448e-05
repr_raw,205,0.9965225458145142,6.684166146442294e-05
repr_raw,206,0.9965879917144775,6.544071948155761e-05
repr_raw,207,0.996653139591217,6.513469998026267e-05
repr_raw,208,0.9967178702354431,6.47531560389325e-05
repr_raw,209,0.9967824816703796,6.461057637352496e-05
repr_raw,210,0.9968467354774475,6.428016786230728e-05
repr_raw,211,0.9969104528427124,6.373523501679301e-05
repr_raw,212,0.9969733953475952,6.294493505265564e-05
repr_raw,213,0.9970360994338989,6.2687904573977e-05
repr_raw,214,0.9970986247062683,6.254859181353822e-05
repr_raw,215,0.9971603155136108,6.166245293570682e-05
repr_raw,216,0.9972215294837952,6.118927558418363e-05
repr_raw,217,0.9972821474075317,6.061069143470377e-05
repr_raw,218,0.9973422288894653,6.009750359226018e-05
repr_raw,219,0.9974022507667542,6.00059938733466e-05
repr_raw,220,0.9974619746208191,5.9718287957366556e-05
repr_raw,221,0.9975211024284363,5.9135982155567035e-05
repr_raw,222,0.9975799322128296,5.882414188818075e-05
repr_raw,223,0.9976380467414856,5.812040762975812e-05
repr_raw,224,0.9976958632469177,5.781948129879311e-05
repr_raw,225,0.997753381729126,5.750075069954619e-05
repr_raw,226,0.9978099465370178,5.6591648899484426e-05
repr_raw,227,0.9978663325309753,5.639615483232774e-05
repr_raw,228,0.9979219436645508,5.5597884056624025e-05
repr_raw,229,0.9979767799377441,5.483270069817081e-05
repr_raw,230,0.9980313181877136,5.4532152717001736e-05
repr_raw,231,0.9980852603912354,5.396854612627067e-05
repr_raw,232,0.9981384873390198,5.3207448218017817e-05
repr_raw,233,0.998191237449646,5.273608985589817e-05
repr_raw,234,0.9982433319091797,5.208438597037457e-05
repr_raw,235,0.9982951879501343,5.188081195228733e-05
repr_raw,236,0.9983466267585754,5.143389353179373e-05
repr_raw,237,0.9983972907066345,5.068566679256037e-05
repr_raw,238,0.9984476566314697,5.0359420129098e-05
repr_raw,239,0.998497486114502,4.980192534276284e-05
repr_raw,240,0.9985468983650208,4.9426613259129226e-05
repr_raw,241,0.99859619140625,4.9316586228087544e-05
repr_raw,242,0.9986450672149658,4.886031456408091e-05
repr_raw,243,0.9986935257911682,4.847694071941078e-05
repr_raw,244,0.9987418055534363,4.825957148568705e-05
repr_raw,245,0.9987895488739014,4.776295099873096e-05
repr_raw,246,0.9988368153572083,4.72544961667154e-05
repr_raw,247,0.9988837242126465,4.6937548177083954e-05
repr_raw,248,0.9989303350448608,4.6616729378001764e-05
repr_raw,249,0.998976469039917,4.611303666024469e-05
repr_raw,250,0.999021589756012,4.512221130426042e-05
repr_raw,251,0.9990664124488831,4.484274541027844e-05
repr_raw,252,0.9991106986999512,4.428588363225572e-05
repr_raw,253,0.9991546869277954,4.398475357447751e-05
repr_raw,254,0.9991978406906128,4.316264312365092e-05
repr_raw,255,0.9992408156394958,4.297707346267998e-05
repr_raw,256,0.9992835521697998,4.275018363841809e-05
repr_raw,257,0.999325692653656,4.215956141706556e-05
repr_raw,258,0.9993672966957092,4.157853982178494e-05
repr_raw,259,0.9994086027145386,4.131319292355329e-05
repr_raw,260,0.9994494915008545,4.0863484173314646e-05
repr_raw,261,0.9994900226593018,4.0519113099435344e-05
repr_raw,262,0.9995299577713013,3.9915739762363955e-05
repr_raw,263,0.9995693564414978,3.9416212530341e-05
repr_raw,264,0.9996084570884705,3.913018008461222e-05
repr_raw,265,0.9996470808982849,3.8645401218673214e-05
repr_raw,266,0.9996852874755859,3.818355980911292e-05
repr_raw,267,0.9997225999832153,3.732011100510135e-05
repr_raw,268,0.9997597336769104,3.7121400964679196e-05
repr_raw,269,0.9997959733009338,3.6232464481145144e-05
repr_raw,270,0.9998319745063782,3.5975139326183125e-05
repr_raw,271,0.9998673796653748,3.541209298418835e-05
repr_raw,272,0.9999018311500549,3.446988557698205e-05
repr_raw,273,0.9999352693557739,3.345026925671846e-05
repr_raw,274,0.9999680519104004,3.2806306990096346e-05
repr_raw,275,1.0000004768371582,3.2378400646848604e-05
repr_centered,1,0.21062862873077393,0.21062862873077393
repr_centered,2,0.29353201389312744,0.08290339261293411
repr_centered,3,0.36819589138031006,0.07466386258602142
repr_centered,4,0.4167732894420624,0.04857739061117172
repr_centered,5,0.46218177676200867,0.04540847986936569
repr_centered,6,0.4929170310497284,0.03073524497449398
repr_centered,7,0.5183729529380798,0.02545594982802868
repr_centered,8,0.5413527488708496,0.02297980524599552
repr_centered,9,0.5616036653518677,0.020250944420695305
repr_centered,10,0.5796024799346924,0.01799880340695381
repr_centered,11,0.5947802066802979,0.015177725814282894
repr_centered,12,0.6088545918464661,0.014074408449232578
repr_centered,13,0.6212046146392822,0.012350039556622505
repr_centered,14,0.6328524351119995,0.011647818610072136
repr_centered,15,0.6432087421417236,0.01035629864782095
repr_centered,16,0.6531389951705933,0.009930224157869816
repr_centered,17,0.6622912883758545,0.009152283892035484
repr_centered,18,0.6706360578536987,0.008344757370650768
repr_centered,19,0.6788595914840698,0.008223555982112885
repr_centered,20,0.6861659288406372,0.007306309416890144
repr_centered,21,0.6932474970817566,0.007081577088683844
repr_centered,22,0.7000441551208496,0.006796631962060928
repr_centered,23,0.7063485383987427,0.0063044121488928795
repr_centered,24,0.7125504016876221,0.0062018707394599915
repr_centered,25,0.7182803153991699,0.005729901138693094
repr_centered,26,0.7238761186599731,0.005595785565674305
repr_centered,27,0.7291836142539978,0.005307477433234453
repr_centered,28,0.7343729734420776,0.0051893857307732105
repr_centered,29,0.7393692135810852,0.004996215924620628
repr_centered,30,0.7441649436950684,0.00479575339704752
repr_centered,31,0.7488069534301758,0.004641995299607515
repr_centered,32,0.7531222105026245,0.004315242171287537
repr_centered,33,0.757382869720459,0.004260663874447346
repr_centered,34,0.7614202499389648,0.004037367645651102
repr_centered,35,0.765325665473938,0.003905419958755374
repr_centered,36,0.7691096663475037,0.003783983876928687
repr_centered,37,0.7728404402732849,0.003730776719748974
repr_centered,38,0.7765442132949829,0.003703781170770526
repr_centered,39,0.780173659324646,0.0036294404417276382
repr_centered,40,0.7837180495262146,0.0035443631932139397
repr_centered,41,0.7871875166893005,0.003469484858214855
repr_centered,42,0.7905191779136658,0.0033316791523247957
repr_centered,43,0.7937775254249573,0.0032583188731223345
repr_centered,44,0.7969555258750916,0.003177991369739175
repr_centered,45,0.80008864402771,0.0031331104692071676
repr_centered,46,0.8031042218208313,0.003015574999153614
repr_centered,47,0.8060023188591003,0.002898111008107662
repr_centered,48,0.8088467121124268,0.0028443876653909683
repr_centered,49,0.8116162419319153,0.0027695305179804564
repr_centered,50,0.8143674731254578,0.002751207211986184
repr_centered,51,0.8170561194419861,0.0026886267587542534
repr_centered,52,0.8196986317634583,0.0026425335090607405
repr_centered,53,0.8223228454589844,0.002624225802719593
repr_centered,54,0.824846088886261,0.00252323760651052
repr_centered,55,0.8272899389266968,0.002443864243105054
repr_centered,56,0.8297163248062134,0.0024264035746455193
repr_centered,57,0.8320932388305664,0.002376933814957738
repr_centered,58,0.8344616293907166,0.002368419896811247
repr_centered,59,0.8367900252342224,0.002328417031094432
repr_centered,60,0.8390849828720093,0.00229497067630291
repr_centered,61,0.8413187861442566,0.002233784878626466
repr_centered,62,0.8434302806854248,0.00211148289963603
repr_centered,63,0.8455157279968262,0.002085468266159296
repr_centered,64,0.8475942611694336,0.0020785441156476736
repr_centered,65,0.8495964407920837,0.002002153778448701
repr_centered,66,0.8515801429748535,0.001983687514439225
repr_centered,67,0.8535236120223999,0.0019434868590906262
repr_centered,68,0.8554462194442749,0.0019225958967581391
repr_centered,69,0.8573075532913208,0.0018613549182191491
repr_centered,70,0.8591294884681702,0.0018219216726720333
repr_centered,71,0.860931396484375,0.0018019168637692928
repr_centered,72,0.8627133369445801,0.001781967468559742
repr_centered,73,0.8644702434539795,0.0017568867187947035
repr_centered,74,0.866208553314209,0.0017383134691044688
repr_centered,75,0.8678883910179138,0.0016798371216282248
repr_centered,76,0.8695340156555176,0.001645597629249096
repr_centered,77,0.8711731433868408,0.0016391281969845295
repr_centered,78,0.8728007674217224,0.0016276220558211207
repr_centered,79,0.8743932247161865,0.0015924598556011915
repr_centered,80,0.8759536147117615,0.0015604000072926283
repr_centered,81,0.8775055408477783,0.001551919849589467
repr_centered,82,0.8790408372879028,0.0015352930640801787
repr_centered,83,0.8805524110794067,0.0015115467831492424
repr_centered,84,0.8820325136184692,0.0014801068464294076
repr_centered,85,0.8834956288337708,0.001463091466575861
repr_centered,86,0.8849114179611206,0.0014157597906887531
repr_centered,87,0.8863139748573303,0.0014025464188307524
repr_centered,88,0.887700617313385,0.0013866432709619403
repr_centered,89,0.8890729546546936,0.0013723330339416862
repr_centered,90,0.8904265761375427,0.0013535948237404227
repr_centered,91,0.8917660713195801,0.0013395207934081554
repr_centered,92,0.8930901288986206,0.001324065146036446
repr_centered,93,0.8943900465965271,0.0012998988386243582
repr_centered,94,0.8956717252731323,0.0012816744856536388
repr_centered,95,0.8969386219978333,0.0012668913695961237
repr_centered,96,0.8981746435165405,0.0012359947431832552
repr_centered,97,0.8993949890136719,0.0012203310616314411
repr_centered,98,0.9006034731864929,0.0012084669433534145
repr_centered,99,0.9018047451972961,0.0012012964580208063
repr_centered,100,0.9029780030250549,0.0011732728453353047
repr_centered,101,0.9041476845741272,0.0011696754954755306
repr_centered,102,0.9053018689155579,0.0011541965650394559
repr_centered,103,0.9064309597015381,0.001129109412431717
repr_centered,104,0.9075538516044617,0.0011228852672502398
repr_centered,105,0.9086599946022034,0.0011061154073104262
repr_centered,106,0.909760057926178,0.0011000812519341707
repr_centered,107,0.9108484387397766,0.001088368589989841
repr_centered,108,0.9119340181350708,0.0010856071021407843
repr_centered,109,0.9129949808120728,0.001060935901477933
repr_centered,110,0.9140488505363464,0.0010538564529269934
repr_centered,111,0.9150906205177307,0.001041786978021264
repr_centered,112,0.9161272644996643,0.0010366539936512709
repr_centered,113,0.9171451926231384,0.0010179439559578896
repr_centered,114,0.9181520342826843,0.0010068704141303897
repr_centered,115,0.91915363073349,0.0010015794541686773
repr_centered,116,0.9201462864875793,0.000992684392258525
repr_centered,117,0.9211169481277466,0.0009706438286229968
repr_centered,118,0.922084629535675,0.0009676922927610576
repr_centered,119,0.9230389595031738,0.0009543558699078858
repr_centered,120,0.9239840507507324,0.0009451049263589084
repr_centered,121,0.9249236583709717,0.0009396130917593837
repr_centered,122,0.9258479475975037,0.0009243015083484352
repr_centered,123,0.9267622232437134,0.000914266740437597
repr_centered,124,0.9276686906814575,0.0009064932819455862
repr_centered,125,0.9285718202590942,0.0009031338267959654
repr_centered,126,0.9294555187225342,0.0008836931083351374
repr_centered,127,0.9303328990936279,0.0008773711742833257
repr_centered,128,0.9311950206756592,0.0008621140150353312
repr_centered,129,0.9320552349090576,0.000860232743434608
repr_centered,130,0.9329041242599487,0.0008488675230182707
repr_centered,131,0.9337478280067444,0.0008436772623099387
repr_centered,132,0.934584379196167,0.0008365675457753241
repr_centered,133,0.9354094862937927,0.0008250795654021204
repr_centered,134,0.9362276196479797,0.0008181420853361487
repr_centered,135,0.9370401501655579,0.0008125546155497432
repr_centered,136,0.9378454089164734,0.0008052340708673
repr_centered,137,0.9386466145515442,0.0008012298494577408
repr_centered,138,0.9394344687461853,0.0007878285250626504
repr_centered,139,0.9402135014533997,0.0007790342788212001
repr_centered,140,0.9409810304641724,0.0007675426895730197
repr_centered,141,0.9417457580566406,0.0007647477323189378
repr_centered,142,0.9425002336502075,0.0007544459076598287
repr_centered,143,0.9432423114776611,0.0007420664187520742
repr_centered,144,0.9439811706542969,0.0007388847880065441
repr_centered,145,0.9447112679481506,0.0007300814613699913
repr_centered,146,0.9454302787780762,0.0007190188625827432
repr_centered,147,0.94614577293396,0.0007154993945732713
repr_centered,148,0.9468567967414856,0.000711018976289779
repr_centered,149,0.9475589394569397,0.0007021179189905524
repr_centered,150,0.9482569098472595,0.0006979895988479257
repr_centered,151,0.9489453434944153,0.0006884378381073475
repr_centered,152,0.9496203064918518,0.0006749863387085497
repr_centered,153,0.9502944350242615,0.0006741025717929006
repr_centered,154,0.9509629607200623,0.0006685553817078471
repr_centered,155,0.9516289830207825,0.0006660070503130555
repr_centered,156,0.9522908329963684,0.0006618743063881993
repr_centered,157,0.9529404640197754,0.0006496590794995427
repr_centered,158,0.953586220741272,0.0006457410054281354
repr_centered,159,0.954226016998291,0.0006398202385753393
repr_centered,160,0.9548603892326355,0.0006343600689433515
repr_centered,161,0.9554857611656189,0.0006253573810681701
repr_centered,162,0.956104576587677,0.0006188095430843532
repr_centered,163,0.9567197561264038,0.0006151578854769468
repr_centered,164,0.9573334455490112,0.0006136774900369346
repr_centered,165,0.9579359889030457,0.000602572865318507
repr_centered,166,0.958538293838501,0.0006023042369633913
repr_centered,167,0.9591330289840698,0.0005947637837380171
repr_centered,168,0.9597217440605164,0.0005887392326258123
repr_centered,169,0.9603080153465271,0.0005862861289642751
repr_centered,170,0.9608855843544006,0.0005775666213594377
repr_centered,171,0.9614576101303101,0.0005719975451938808
repr_centered,172,0.9620261192321777,0.000568534480407834
repr_centered,173,0.9625905156135559,0.0005644145421683788
repr_centered,174,0.9631481170654297,0.0005575948744080961
repr_centered,175,0.9636991620063782,0.0005510679911822081
repr_centered,176,0.9642461538314819,0.0005470048054121435
repr_centered,177,0.9647872447967529,0.0005410613375715911
repr_centered,178,0.9653269648551941,0.0005397474160417914
repr_centered,179,0.9658622145652771,0.0005352403968572617
repr_centered,180,0.9663898944854736,0.0005276586161926389
repr_centered,181,0.9669128656387329,0.0005229513626545668
repr_centered,182,0.9674310684204102,0.0005181835149414837
repr_centered,183,0.9679387807846069,0.0005077170790173113
repr_centered,184,0.9684417247772217,0.0005029449239373207
repr_centered,185,0.9689405560493469,0.0004988210857845843
repr_centered,186,0.969436764717102,0.0004962056409567595
repr_centered,187,0.9699275493621826,0.0004907976253889501
repr_centered,188,0.9704176783561707,0.0004901555948890746
repr_centered,189,0.9709025621414185,0.00048487010644748807
repr_centered,190,0.9713851809501648,0.00048263531061820686
repr_centered,191,0.9718630313873291,0.00047783044283278286
repr_centered,192,0.9723382592201233,0.00047524875844828784
repr_centered,193,0.9728090763092041,0.00047079112846404314
repr_centered,194,0.9732751250267029,0.00046607782132923603
repr_centered,195,0.973739743232727,0.0004646406741812825
repr_centered,196,0.9742001295089722,0.00046039492008276284
repr_centered,197,0.9746557474136353,0.00045564022730104625
repr_centered,198,0.9751024842262268,0.0004467623948585242
repr_centered,199,0.975547194480896,0.00044473717571236193
repr_centered,200,0.9759878516197205,0.0004406831576488912
repr_centered,201,0.9764271378517151,0.0004393117851577699
repr_centered,202,0.9768618941307068,0.0004347761860117316
repr_centered,203,0.9772941470146179,0.000432230910519138
repr_centered,204,0.9777234196662903,0.0004292585654184222
repr_centered,205,0.9781444668769836,0.0004210526531096548
repr_centered,206,0.9785621762275696,0.0004176885704509914
repr_centered,207,0.9789780378341675,0.00041588390013203025
repr_centered,208,0.979391872882843,0.0004138087388128042
repr_centered,209,0.9798027873039246,0.00041090857121162117
repr_centered,210,0.9802104830741882,0.0004076845943927765
repr_centered,211,0.9806137681007385,0.0004033076111227274
repr_centered,212,0.9810144901275635,0.0004007280513178557
repr_centered,213,0.9814143180847168,0.0003998385218437761
repr_centered,214,0.9818109273910522,0.00039660290349274874
repr_centered,215,0.9822033047676086,0.00039236494922079146
repr_centered,216,0.9825932383537292,0.0003899365256074816
repr_centered,217,0.9829779267311096,0.0003846752515528351
repr_centered,218,0.9833616018295288,0.0003836590040009469
repr_centered,219,0.9837444424629211,0.0003828281187452376
repr_centered,220,0.9841225743293762,0.00037812950904481113
repr_centered,221,0.9844987392425537,0.00037616214831359684
repr_centered,222,0.9848709106445312,0.00037215292104519904
repr_centered,223,0.9852405190467834,0.00036960712168365717
repr_centered,224,0.9856091141700745,0.00036858892417512834
repr_centered,225,0.9859727025032043,0.00036358824581839144
repr_centered,226,0.9863337278366089,0.00036099812132306397
repr_centered,227,0.9866894483566284,0.0003557137679308653
repr_centered,228,0.9870399832725525,0.0003505318018142134
repr_centered,229,0.9873886108398438,0.00034859898732975125
repr_centered,230,0.9877336025238037,0.0003449906362220645
repr_centered,231,0.9880750179290771,0.00034142492222599685
repr_centered,232,0.9884121417999268,0.00033711304422467947
repr_centered,233,0.9887470602989197,0.0003349378821440041
repr_centered,234,0.9890798926353455,0.0003328480524942279
repr_centered,235,0.9894086718559265,0.0003288039588369429
repr_centered,236,0.9897357821464539,0.00032712097163312137
repr_centered,237,0.990058422088623,0.0003226561821065843
repr_centered,238,0.9903790354728699,0.0003206417604815215
repr_centered,239,0.9906951189041138,0.00031606931588612497
repr_centered,240,0.9910104870796204,0.0003153432917315513
repr_centered,241,0.9913228750228882,0.0003123717033304274
repr_centered,242,0.9916332364082336,0.0003103633935097605
repr_centered,243,0.9919417500495911,0.00030849772156216204
repr_centered,244,0.9922471046447754,0.0003053382388316095
repr_centered,245,0.9925497174263,0.0003026326303370297
repr_centered,246,0.9928506016731262,0.00030087868799455464
repr_centered,247,0.9931486248970032,0.00029799810727126896
repr_centered,248,0.9934434294700623,0.00029478923534043133
repr_centered,249,0.9937329888343811,0.00028958151233382523
repr_centered,250,0.9940198659896851,0.0002868716255761683
repr_centered,251,0.9943044781684875,0.0002846080169547349
repr_centered,252,0.9945857524871826,0.0002812547027133405
repr_centered,253,0.9948636293411255,0.00027787499129772186
repr_centered,254,0.9951387047767639,0.00027506714104674757
repr_centered,255,0.9954119920730591,0.0002732996945269406
repr_centered,256,0.9956815242767334,0.00026951677864417434
repr_centered,257,0.9959474205970764,0.0002658866869751364
repr_centered,258,0.9962116479873657,0.00026421970687806606
repr_centered,259,0.9964734315872192,0.0002617879363242537
repr_centered,260,0.9967325329780579,0.0002591134689282626
repr_centered,261,0.9969878792762756,0.00025533809093758464
repr_centered,262,0.9972400069236755,0.0002521454880479723
repr_centered,263,0.9974914789199829,0.0002514813095331192
repr_centered,264,0.9977391958236694,0.00024774318444542587
repr_centered,265,0.9979833960533142,0.00024419420515187085
repr_centered,266,0.9982219934463501,0.0002385727275395766
repr_centered,267,0.9984593391418457,0.00023732706904411316
repr_centered,268,0.9986914396286011,0.00023209578648675233
repr_centered,269,0.9989213943481445,0.00022997161431703717
repr_centered,270,0.9991480708122253,0.00022666675795335323
repr_centered,271,0.99936842918396,0.0002203463518526405
repr_centered,272,0.9995826482772827,0.0002142355078831315
repr_centered,273,0.9997923970222473,0.00020973864593543112
repr_centered,274,1.0,0.00020758139726240188
repr_centered,275,1.0,2.404543849188895e-13
behavioral,1,0.8230242971101355,0.8230242971101355
behavioral,2,0.9358257791296004,0.11280148201946495
behavioral,3,0.9715707239678724,0.03574494483827196
behavioral,4,0.9845430640299292,0.012972340062056846
behavioral,5,0.9896247422143498,0.005081678184420674
behavioral,6,0.99245469505989,0.0028299528455402374
behavioral,7,0.994861405648361,0.0024067105884709606
behavioral,8,0.9970297855592897,0.0021683799109286526
behavioral,9,0.9978232675359623,0.0007934819766726228
behavioral,10,0.998432133739553,0.0006088662035907321
behavioral,11,0.99884826358294,0.0004161298433870673
behavioral,12,0.9991958992381146,0.0003476356551745706
behavioral,13,0.999500946241804,0.0003050470036893575
behavioral,14,0.9996092284991863,0.00010828225738234359
behavioral,15,0.9997132670178872,0.00010403851870093071
behavioral,16,0.9997745210181659,6.125400027862537e-05
behavioral,17,0.9998272220068958,5.2700988729867694e-05
behavioral,18,0.9998714471083693,4.42251014735445e-05
behavioral,19,0.9999092444338379,3.779732546856502e-05
behavioral,20,0.9999379712042293,2.872677039150418e-05
behavioral,21,0.9999621614094488,2.4190205219463788e-05
behavioral,22,0.9999806778074332,1.851639798436197e-05
behavioral,23,0.9999921595073885,1.1481699955406616e-05
behavioral,24,0.9999999999999996,7.840492611028474e-06
repr_random_null,1,0.005744889158458512,0.005744889158458512
repr_random_null,2,0.011454066914463885,0.005709177756005374
repr_random_null,3,0.017085729963368206,0.005631663048904319
repr_random_null,4,0.022686361043109414,0.0056006310797412084
repr_random_null,5,0.028247646570391128,0.005561285527281714
repr_random_null,6,0.033790590912199395,0.005542944341808267
repr_random_null,7,0.039310443249931375,0.00551985233773198
repr_random_null,8,0.044790615519907484,0.005480172269976112
repr_random_null,9,0.0502297714976632,0.005439155977755719
repr_random_null,10,0.05562857575770662,0.0053988042600434175
repr_random_null,11,0.06101701478603055,0.005388439028323929
repr_random_null,12,0.0663827388865231,0.0053657241004925575
repr_random_null,13,0.0716936823816623,0.005310943495139195
repr_random_null,14,0.07699120984627182,0.005297527464609531
repr_random_null,15,0.08224684898460366,0.005255639138331834
repr_random_null,16,0.0874956297169872,0.005248780732383538
repr_random_null,17,0.09272109194531103,0.0052254622283238366
repr_random_null,18,0.09791756070998178,0.005196468764670755
repr_random_null,19,0.10310269927480754,0.00518513856482576
repr_random_null,20,0.10825952302737096,0.005156823752563426
repr_random_null,21,0.11339511146551971,0.005135588438148752
repr_random_null,22,0.11849650666478434,0.005101395199264624
repr_random_null,23,0.12355310985911062,0.005056603194326287
repr_random_null,24,0.1285986294583094,0.005045519599198781
repr_random_null,25,0.13361883702944974,0.005020207571140323
repr_random_null,26,0.138633152571994,0.005014315542544261
repr_random_null,27,0.1436251766731007,0.004992024101106712
repr_random_null,28,0.1485939540330928,0.0049687773599921
repr_random_null,29,0.1535363455124039,0.00494239147931109
repr_random_null,30,0.15846602622142095,0.004929680709017061
repr_random_null,31,0.16338911670499448,0.004923090483573535
repr_random_null,32,0.1683049871781545,0.0049158704731600365
repr_random_null,33,0.1732088733062037,0.004903886128049188
repr_random_null,34,0.17809003706649448,0.004881163760290791
repr_random_null,35,0.18295329301001015,0.004863255943515652
repr_random_null,36,0.18779644255452566,0.004843149544515493
repr_random_null,37,0.19262584702191002,0.004829404467384355
repr_random_null,38,0.19743982988623726,0.0048139828643272405
repr_random_null,39,0.20224172489042672,0.004801895004189454
repr_random_null,40,0.20703592041736374,0.004794195526937022
repr_random_null,41,0.21181787164634966,0.00478195122898592
repr_random_null,42,0.21656729298199184,0.004749421335642184
repr_random_null,43,0.2213059347064775,0.004738641724485652
repr_random_null,44,0.2260305139985698,0.0047245792920923135
repr_random_null,45,0.23074685328335984,0.004716339284790052
repr_random_null,46,0.2354351937482867,0.0046883404649268635
repr_random_null,47,0.24011519479627733,0.004680001047990639
repr_random_null,48,0.24477912287631418,0.004663928080036849
repr_random_null,49,0.24943105839590027,0.004651935519586093
repr_random_null,50,0.25406062838534765,0.004629569989447379
repr_random_null,51,0.25867370981198323,0.004613081426635557
repr_random_null,52,0.26327629525870533,0.004602585446722092
repr_random_null,53,0.26785345488366213,0.00457715962495681
repr_random_null,54,0.2724222061518422,0.004568751268180087
repr_random_null,55,0.2769721463727936,0.0045499402209513845
repr_random_null,56,0.28151735746077816,0.004545211087984544
repr_random_null,57,0.2860392722500377,0.004521914789259572
repr_random_null,58,0.2905506358478516,0.004511363597813904
repr_random_null,59,0.2950499837350782,0.004499347887226582
repr_random_null,60,0.29953218657069636,0.004482202835618184
repr_random_null,61,0.3040020112796429,0.004469824708946515
repr_random_null,62,0.30846873800709357,0.004466726727450663
repr_random_null,63,0.3129050490575556,0.004436311050462039
repr_random_null,64,0.3173154975125924,0.004410448455036797
repr_random_null,65,0.3217169774637184,0.004401479951126
repr_random_null,66,0.3261106074602984,0.00439362999658001
repr_random_null,67,0.3304923576957684,0.004381750235469969
repr_random_null,68,0.33485654142012755,0.004364183724359136
repr_random_null,69,0.3392109387142001,0.004354397294072536
repr_random_null,70,0.34355125155467575,0.004340312840475642
repr_random_null,71,0.34788512632951685,0.0043338747748411025
repr_random_null,72,0.3522124961120997,0.0043273697825828485
repr_random_null,73,0.3565240866524044,0.004311590540304704
repr_random_null,74,0.36081509865787953,0.004291012005475096
repr_random_null,75,0.36510201072621906,0.004286912068339513
repr_random_null,76,0.36938481968554987,0.004282808959330792
repr_random_null,77,0.3736440912730564,0.004259271587506557
repr_random_null,78,0.3778893128112596,0.004245221538203148
repr_random_null,79,0.38212788786207996,0.00423857505082039
repr_random_null,80,0.3863493220425269,0.004221434180446963
repr_random_null,81,0.3905686634352933,0.004219341392766358
repr_random_null,82,0.3947790172441201,0.004210353808826811
repr_random_null,83,0.39897024600417497,0.004191228760054857
repr_random_null,84,0.4031457947459333,0.004175548741758328
repr_random_null,85,0.40731638113894947,0.0041705863930161305
repr_random_null,86,0.4114626164256609,0.004146235286711405
repr_random_null,87,0.4156025975911422,0.00413998116548133
repr_random_null,88,0.4197369151335718,0.004134317542429582
repr_random_null,89,0.4238686631929971,0.004131748059425275
repr_random_null,90,0.4279834021126335,0.004114738919636419
repr_random_null,91,0.43207976868774783,0.0040963665751142814
repr_random_null,92,0.43615949486731703,0.004079726179569184
repr_random_null,93,0.44023492817418935,0.004075433306872299
repr_random_null,94,0.44428649580320967,0.004051567629020319
repr_random_null,95,0.44832828752436343,0.0040417917211537585
repr_random_null,96,0.4523672995636581,0.00403901203929469
repr_random_null,97,0.45639451329009695,0.0040272137264388405
repr_random_null,98,0.4603975958975972,0.004003082607500284
repr_random_null,99,0.4643884932177738,0.003990897320176574
repr_random_null,100,0.46836451287144715,0.003976019653673353
repr_random_null,101,0.47233180311332384,0.003967290241876672
repr_random_null,102,0.4762945278640776,0.003962724750753781
repr_random_null,103,0.48024113803027485,0.003946610166197219
repr_random_null,104,0.48416772196344515,0.003926583933170275
repr_random_null,105,0.4880723061516424,0.003904584188197234
repr_random_null,106,0.4919653910815172,0.00389308492987481
repr_random_null,107,0.49585548358758286,0.003890092506065619
repr_random_null,108,0.4997389357695181,0.003883452181935247
repr_random_null,109,0.5036152077152433,0.0038762719457251862
repr_random_null,110,0.5074692058616586,0.003853998146415339
repr_random_null,111,0.5113125930816254,0.0038433872199667703
repr_random_null,112,0.5151513935827373,0.003838800501111909
repr_random_null,113,0.5189848208980447,0.0038334273153073526
repr_random_null,114,0.5228144635428115,0.003829642644766793
repr_random_null,115,0.5266255477311743,0.003811084188362844
repr_random_null,116,0.5304315922352986,0.0038060445041242603
repr_random_null,117,0.5342249988331645,0.003793406597865925
repr_random_null,118,0.5380010827803582,0.003776083947193667
repr_random_null,119,0.5417623837392097,0.0037613009588515723
repr_random_null,120,0.5455189708109194,0.003756587071709722
repr_random_null,121,0.5492649828666574,0.0037460120557379372
repr_random_null,122,0.5529975657639727,0.003732582897315389
repr_random_null,123,0.5567157882134739,0.003718222449501106
repr_random_null,124,0.5604277852137479,0.003711997000274023
repr_random_null,125,0.5641213173109685,0.0036935320972205756
repr_random_null,126,0.5678119375429407,0.003690620231972146
repr_random_null,127,0.571485571839546,0.003673634296605234
repr_random_null,128,0.5751555603924349,0.0036699885528888674
repr_random_null,129,0.5788140806773099,0.0036585202848750413
repr_random_null,130,0.5824696617893634,0.0036555811120535125
repr_random_null,131,0.5861108264620762,0.0036411646727127728
repr_random_null,132,0.5897371327837142,0.003626306321637948
repr_random_null,133,0.5933612250806521,0.003624092296937932
repr_random_null,134,0.5969725067229825,0.0036112816423303873
repr_random_null,135,0.6005752525039575,0.003602745780974956
repr_random_null,136,0.6041489382166965,0.0035736857127389426
repr_random_null,137,0.6077205145947703,0.0035715763780738313
repr_random_null,138,0.6112885433235865,0.0035680287288162174
repr_random_null,139,0.6148420923384165,0.0035535490148299233
repr_random_null,140,0.6183886812623852,0.0035465889239687104
repr_random_null,141,0.6219298905425416,0.003541209280156347
repr_random_null,142,0.6254516646519281,0.0035217741093866114
repr_random_null,143,0.6289675987763167,0.003515934124388572
repr_random_null,144,0.6324750912291471,0.0035074924528303987
repr_random_null,145,0.6359782570334279,0.0035031658042807387
repr_random_null,146,0.639470375895789,0.0034921188623610964
repr_random_null,147,0.6429416669621799,0.0034712910663908273
repr_random_null,148,0.6463971014529847,0.0034554344908047825
repr_random_null,149,0.6498469420258085,0.003449840572823845
repr_random_null,150,0.6532930544120271,0.0034461123862185796
repr_random_null,151,0.6567235920456994,0.0034305376336723364
repr_random_null,152,0.6601464092181798,0.0034228171724803628
repr_random_null,153,0.6635607625485829,0.003414353330403068
repr_random_null,154,0.6669673136906218,0.003406551142038933
repr_random_null,155,0.6703664337512422,0.0033991200606203822
repr_random_null,156,0.6737488643289501,0.0033824305777079115
repr_random_null,157,0.6771205032023,0.003371638873349868
repr_random_null,158,0.6804830281599881,0.0033625249576880894
repr_random_null,159,0.6838309050817855,0.0033478769217973677
repr_random_null,160,0.6871681794305952,0.003337274348809736
repr_random_null,161,0.6904962281978387,0.0033280487672436286
repr_random_null,162,0.6938079387861882,0.0033117105883494567
repr_random_null,163,0.6971112281823548,0.0033032893961666685
repr_random_null,164,0.7004052966853774,0.003294068503022658
repr_random_null,165,0.7036858979966591,0.003280601311281754
repr_random_null,166,0.706958772094525,0.00327287409786582
repr_random_null,167,0.710219645977927,0.003260873883402058
repr_random_null,168,0.7134683083406795,0.0032486623627525544
repr_random_null,169,0.7167055166332442,0.003237208292564649
repr_random_null,170,0.7199325787071171,0.0032270620738729114
repr_random_null,171,0.723152960459894,0.003220381752776889
repr_random_null,172,0.7263598834451683,0.0032069229852743353
repr_random_null,173,0.7295524856584092,0.003192602213240937
repr_random_null,174,0.7327363555273712,0.00318386986896192
repr_random_null,175,0.7359071887843005,0.003170833256929386
repr_random_null,176,0.7390740313796326,0.0031668425953320593
repr_random_null,177,0.7422351092156099,0.003161077835977349
repr_random_null,178,0.7453872268110877,0.0031521175954778917
repr_random_null,179,0.7485183057803878,0.003131078969300125
repr_random_null,180,0.7516463730166995,0.0031280672363117015
repr_random_null,181,0.7547584936846057,0.0031121206679061843
repr_random_null,182,0.7578546142492987,0.003096120564693014
repr_random_null,183,0.7609485305463313,0.0030939162970326306
repr_random_null,184,0.7640358113509697,0.0030872808046383863
repr_random_null,185,0.767106611147843,0.0030707997968732717
repr_random_null,186,0.7701746584370491,0.003068047289206205
repr_random_null,187,0.7732314391651548,0.00305678072810563
repr_random_null,188,0.7762708435987515,0.003039404433596702
repr_random_null,189,0.7792938014761748,0.0030229578774231933
repr_random_null,190,0.7823120209070275,0.003018219430852715
repr_random_null,191,0.7853175008988774,0.00300547999184995
repr_random_null,192,0.7883114197451195,0.0029939188462421076
repr_random_null,193,0.7912961439786406,0.002984724233521045
repr_random_null,194,0.7942762370729057,0.002980093094265123
repr_random_null,195,0.7972463148658346,0.002970077792928918
repr_random_null,196,0.8002077342617392,0.002961419395904575
repr_random_null,197,0.8031524998003015,0.002944765538562302
repr_random_null,198,0.8060853820535309,0.002932882253229401
repr_random_null,199,0.8090085310513143,0.002923148997783429
repr_random_null,200,0.8119303244816848,0.0029217934303704743
repr_random_null,201,0.8148401353145927,0.002909810832907862
repr_random_null,202,0.8177428068945422,0.0029026715799495293
repr_random_null,203,0.8206181578355561,0.0028753509410140154
repr_random_null,204,0.8234835402650452,0.0028653824294890473
repr_random_null,205,0.8263374990829724,0.0028539588179272114
repr_random_null,206,0.8291867593653357,0.002849260282363295
repr_random_null,207,0.832017890193659,0.0028311308283232774
repr_random_null,208,0.8348469587570514,0.0028290685633923962
repr_random_null,209,0.8376541657641735,0.0028072070071221175
repr_random_null,210,0.8404585383263058,0.002804372562132314
repr_random_null,211,0.8432495920457975,0.0027910537194917157
repr_random_null,212,0.8460379075966786,0.002788315550881145
repr_random_null,213,0.8488191504731689,0.002781242876490331
repr_random_null,214,0.8515857430888278,0.0027665926156589735
repr_random_null,215,0.8543415686845449,0.002755825595717075
repr_random_null,216,0.8570945792753477,0.0027530105908027984
repr_random_null,217,0.8598383747492481,0.0027437954739003797
repr_random_null,218,0.8625793754987182,0.002741000749470182
repr_random_null,219,0.8653107610987021,0.0027313855999838224
repr_random_null,220,0.8680304817068238,0.0027197206081217493
repr_random_null,221,0.8707296841496024,0.002699202442778551
repr_random_null,222,0.8734247370825049,0.002695052932902551
repr_random_null,223,0.8761087542866886,0.0026840172041836894
repr_random_null,224,0.8787735926928274,0.0026648384061388904
repr_random_null,225,0.8814228338317047,0.002649241138877269
repr_random_null,226,0.8840699119847335,0.002647078153028728
repr_random_null,227,0.8867086588034628,0.002638746818729371
repr_random_null,228,0.8893397591143927,0.002631100310929797
repr_random_null,229,0.8919608548255207,0.002621095711128063
repr_random_null,230,0.8945674595418949,0.002606604716374167
repr_random_null,231,0.8971709598865005,0.0026035003446056755
repr_random_null,232,0.8997677595852472,0.0025967996987467496
repr_random_null,233,0.902354557344634,0.002586797759386804
repr_random_null,234,0.9049218693011578,0.002567311956523766
repr_random_null,235,0.9074864044512255,0.0025645351500677505
repr_random_null,236,0.9100346102424745,0.00254820579124897
repr_random_null,237,0.9125775077715104,0.0025428975290358955
repr_random_null,238,0.9151010323194922,0.00252352454798193
repr_random_null,239,0.9176144141551766,0.002513381835684383
repr_random_null,240,0.9201154841822181,0.002501070027041524
repr_random_null,241,0.9226030216323682,0.0024875374501500997
repr_random_null,242,0.9250874839849267,0.002484462352558482
repr_random_null,243,0.9275635088932322,0.002476024908305529
repr_random_null,244,0.9300311025398318,0.002467593646599507
repr_random_null,245,0.9324873135973336,0.002456211057501796
repr_random_null,246,0.9349312936373503,0.002443980040016681
repr_random_null,247,0.9373697652414168,0.0024384716040665297
repr_random_null,248,0.9397878966907455,0.0024181314493287045
repr_random_null,249,0.942195788957377,0.002407892266631564
repr_random_null,250,0.9445886846341568,0.0023928956767798023
repr_random_null,251,0.9469722962395696,0.0023836116054128296
repr_random_null,252,0.9493304360241586,0.002358139784588955
repr_random_null,253,0.9516717993560109,0.0023413633318523637
repr_random_null,254,0.9540068482963803,0.0023350489403693854
repr_random_null,255,0.956336288090154,0.0023294397937738075
repr_random_null,256,0.9586611894921999,0.002324901402045902
repr_random_null,257,0.9609689135575362,0.0023077240653363116
repr_random_null,258,0.9632638095120936,0.002294895954557354
repr_random_null,259,0.9655362637237147,0.0022724542116211843
repr_random_null,260,0.9677875786167778,0.0022513148930630735
repr_random_null,261,0.9700310048600557,0.002243426243277851
repr_random_null,262,0.9722634275142653,0.0022324226542096044
repr_random_null,263,0.9744814239886472,0.002217996474381868
repr_random_null,264,0.9766873434460471,0.002205919457399902
repr_random_null,265,0.9788855262918924,0.002198182845845253
repr_random_null,266,0.9810719446706899,0.0021864183787975414
repr_random_null,267,0.983241896456996,0.002169951786306038
repr_random_null,268,0.9853985308143445,0.002156634357348465
repr_random_null,269,0.9875355088752363,0.0021369780608919
repr_random_null,270,0.9896488215244966,0.0021133126492603334
repr_random_null,271,0.9917536427880033,0.002104821263506633
repr_random_null,272,0.9938451572990711,0.002091514511067771
repr_random_null,273,0.9959256603184429,0.002080503019371747
repr_random_null,274,0.9979808048086785,0.0020551444902355887
repr_random_null,275,0.9999999999999997,0.0020191951913211617
