role_norm,parallel_norm,perp_norm,cos_with_daa,angle_deg,perp_frac,role,steered_score_alpha_1.0,assistant_axis_score_alpha_1.0,advantage_alpha_1.0,steered_score_alpha_1.5,assistant_axis_score_alpha_1.5,advantage_alpha_1.5,steered_score_alpha_2.0,assistant_axis_score_alpha_2.0,advantage_alpha_2.0,steered_score_alpha_2.5,assistant_axis_score_alpha_2.5,advantage_alpha_2.5
3.788794994354248,0.9902429580688477,3.6571006774902344,-0.26136094331741333,74.84916896556285,0.96524113,aberration,29.06578947368421,28.600877192982455,0.4649122807017544,33.32017543859649,31.49561403508772,1.8245614035087718,43.28508771929825,24.885964912280702,18.399122807017545,66.58771929824562,13.267543859649123,53.32017543859649
3.459686517715454,1.0638591051101685,3.2920563220977783,-0.30750158429145813,72.09127131002766,0.95154756,absurdist,29.54385964912281,30.81140350877193,-1.2675438596491229,32.771929824561404,34.521929824561404,-1.75,38.728070175438596,41.16228070175438,-2.4342105263157894,50.8640350877193,23.50438596491228,27.359649122807017
3.4523096084594727,0.691044270992279,3.3824398517608643,-0.2001686841249466,78.45317660835552,0.9797614,accountant,59.74561403508772,61.6140350877193,-1.868421052631579,59.79824561403509,61.93859649122807,-2.1403508771929824,61.8421052631579,42.90350877192982,18.93859649122807,61.66228070175438,14.868421052631579,46.79385964912281
3.500443935394287,0.96759432554245,3.3640553951263428,-0.2764204740524292,73.95331696146363,0.9610368,activist,53.109170305676855,56.60262008733624,-3.493449781659389,55.724890829694324,61.44978165938865,-5.724890829694323,59.73362445414847,53.23144104803494,6.502183406113537,62.53947368421053,19.539473684210527,43.0
3.4977238178253174,0.8905823826789856,3.3824450969696045,-0.25461772084236145,75.24906549686385,0.9670418,actor,45.574561403508774,40.64473684210526,4.9298245614035086,52.87719298245614,43.10964912280702,9.767543859649123,64.57894736842105,30.99561403508772,33.583333333333336,74.66666666666667,16.31578947368421,58.35087719298246
4.5024733543396,1.2593201398849487,4.322774410247803,-0.27969518303871155,73.75798687197548,0.96008885,addict,38.31877729257642,37.620087336244545,0.6986899563318777,47.7117903930131,42.157205240174676,5.554585152838428,63.786026200873366,44.427947598253276,19.358078602620086,75.49122807017544,26.030701754385966,49.46052631578947
3.775885581970215,1.098199725151062,3.612654209136963,-0.2908456325531006,73.09141041257143,0.95677006,adolescent,38.62882096069869,43.60262008733624,-4.973799126637554,51.0174672489083,48.66375545851528,2.353711790393013,65.96069868995633,43.76419213973799,22.19650655021834,79.70614035087719,32.58771929824562,47.11842105263158
4.236433029174805,1.139449954032898,4.080320835113525,-0.2689644694328308,74.39734395267081,0.9631501,advocate,74.01315789473684,71.16228070175438,2.8508771929824563,77.01315789473684,71.53070175438596,5.482456140350878,80.48684210526316,55.88157894736842,24.605263157894736,78.73245614035088,17.69736842105263,61.03508771929825
4.189554691314697,1.013936161994934,4.065009593963623,-0.2420152723789215,75.99448605264742,0.9702725,alien,37.50877192982456,36.56578947368421,0.9429824561403509,42.530701754385966,38.583333333333336,3.9473684210526314,53.73245614035088,30.92543859649123,22.80701754385965,76.19298245614036,16.11842105263158,60.074561403508774
3.593801975250244,0.8778069615364075,3.4849488735198975,-0.24425581097602844,75.86214125340662,0.9697109,altruist,71.27510917030568,58.48471615720524,12.790393013100436,73.02620087336244,75.86899563318778,-2.8427947598253276,75.24454148471615,68.4585152838428,6.786026200873362,74.3859649122807,25.74561403508772,48.64035087719298
3.1571640968322754,0.8047819137573242,3.0528693199157715,-0.2549065947532654,75.2319494763053,0.9669657,amateur,65.50877192982456,63.14912280701754,2.3596491228070176,76.64473684210526,69.64473684210526,7.0,84.7719298245614,57.56578947368421,27.20614035087719,89.09649122807018,27.67543859649123,61.421052631578945
3.9017210006713867,0.8997576832771301,3.7965593338012695,-0.230605348944664,76.66728622065767,0.9730474,ambassador,69.85087719298245,71.03070175438596,-1.1798245614035088,70.41228070175438,70.90350877192982,-0.49122807017543857,69.12280701754386,50.68421052631579,18.43859649122807,64.94736842105263,14.342105263157896,50.60526315789474
4.110605716705322,1.2278757095336914,3.9229328632354736,-0.2987091541290283,72.61991157801758,0.9543442,amnesiac,39.49561403508772,37.28947368421053,2.206140350877193,46.271929824561404,43.166666666666664,3.1052631578947367,63.51315789473684,42.31140350877193,21.20175438596491,79.15350877192982,26.38157894736842,52.771929824561404
3.5320723056793213,0.7162215709686279,3.458693742752075,-0.20277658104896545,78.30062690932105,0.97922504,analyst,86.3201754385965,85.9342105263158,0.38596491228070173,85.31140350877193,82.69298245614036,2.6184210526315788,84.50877192982456,54.62280701754386,29.885964912280702,81.89035087719299,17.960526315789473,63.92982456140351
3.87617826461792,0.9000162482261658,3.77024245262146,-0.23219165205955505,76.57386211656484,0.97267,anarchist,30.385964912280702,30.70614035087719,-0.3201754385964912,36.57017543859649,34.01315789473684,2.557017543859649,45.64912280701754,28.982456140350877,16.666666666666668,57.3421052631579,15.043859649122806,42.29824561403509
3.9697999954223633,0.966913640499115,3.850245475769043,-0.2435673475265503,75.90281577775592,0.969884,ancient,42.99561403508772,44.6359649122807,-1.6403508771929824,44.26315789473684,48.1140350877193,-3.8508771929824563,47.98684210526316,40.04824561403509,7.93859649122807,51.083333333333336,11.614035087719298,39.469298245614034
4.345415115356445,0.9227811694145203,4.246305465698242,-0.21235744655132294,77.73945948425279,0.9771921,angel,65.93859649122807,66.99122807017544,-1.0526315789473684,72.46929824561404,71.49561403508773,0.9736842105263158,82.94298245614036,62.37719298245614,20.56578947368421,89.60087719298245,18.333333333333332,71.26754385964912
3.676177501678467,0.9377232193946838,3.554568290710449,-0.25508105754852295,75.22161175716062,0.96691966,anthropologist,61.75438596491228,60.86842105263158,0.8859649122807017,65.48684210526316,61.10087719298246,4.385964912280702,71.15789473684211,47.55701754385965,23.600877192982455,75.2280701754386,17.214912280701753,58.01315789473684
3.410332202911377,0.8074579238891602,3.3133633136749268,-0.23676815629005432,76.3041275149748,0.97156614,archaeologist,44.71491228070175,41.90350877192982,2.81140350877193,48.62719298245614,42.73245614035088,5.894736842105263,53.14035087719298,28.763157894736842,24.37719298245614,58.15350877192982,14.276315789473685,43.87719298245614
3.297189950942993,0.7830138206481934,3.2028660774230957,-0.23747913539409637,76.26219548864907,0.97139263,architect,54.61572052401747,56.1528384279476,-1.537117903930131,56.11353711790393,56.38864628820961,-0.27510917030567683,57.39737991266376,37.109170305676855,20.2882096069869,58.49561403508772,13.771929824561404,44.723684210526315
3.833324670791626,0.6695725917816162,3.7743942737579346,-0.1746715009212494,79.94045793578718,0.9846268,archivist,59.04824561403509,50.44298245614035,8.605263157894736,62.48684210526316,52.10526315789474,10.381578947368421,71.85526315789474,36.60526315789474,35.25,78.8640350877193,13.157894736842104,65.70614035087719
3.7969987392425537,1.0824917554855347,3.6394245624542236,-0.28509145975112915,73.43568434867254,0.9585003,artisan,56.49781659388646,55.60698689956332,0.8908296943231441,64.28384279475982,58.17903930131004,6.104803493449782,74.96943231441048,45.8471615720524,29.12227074235808,81.68859649122807,17.280701754385966,64.40789473684211
3.533341884613037,0.8280001282691956,3.434955596923828,-0.23433911800384521,76.44733074520376,0.9721549,ascetic,34.10964912280702,38.73684210526316,-4.62719298245614,37.04824561403509,42.925438596491226,-5.87719298245614,38.95614035087719,40.94736842105263,-1.9912280701754386,42.00438596491228,18.333333333333332,23.67105263157895
3.498568296432495,0.7706567645072937,3.4126336574554443,-0.22027775645256042,77.27465251481487,0.9754372,assistant,94.70614035087719,93.46052631578948,1.2456140350877194,94.29385964912281,91.05701754385964,3.236842105263158,92.82894736842105,60.95614035087719,31.87280701754386,89.46491228070175,18.394736842105264,71.0701754385965
4.37923526763916,1.1870452165603638,4.21528434753418,-0.2710622549057007,74.27251302103888,0.9625617,auctioneer,36.526315789473685,34.0,2.526315789473684,42.675438596491226,35.15350877192982,7.521929824561403,53.67982456140351,25.57456140350877,28.105263157894736,68.84210526315789,11.359649122807017,57.48245614035088
3.5493266582489014,0.7254006862640381,3.4744083881378174,-0.20437701046466827,78.2069677281646,0.97889227,auditor,62.728070175438596,63.12280701754386,-0.39473684210526316,63.64912280701754,65.15350877192982,-1.5043859649122806,65.04824561403508,45.469298245614034,19.57894736842105,67.60526315789474,13.114035087719298,54.49122807017544
4.169680595397949,1.2753262519836426,3.9698586463928223,-0.3058570921421051,72.1902639541184,0.9520774,avatar,55.44298245614035,55.276315789473685,0.16666666666666666,64.89035087719299,60.86842105263158,4.021929824561403,78.53508771929825,52.60964912280702,25.92543859649123,87.10526315789474,15.49561403508772,71.60964912280701
3.566101312637329,1.066632866859436,3.4028477668762207,-0.29910334944725037,72.5962438185159,0.9542207,bard,47.40350877192982,50.85526315789474,-3.4517543859649122,51.79824561403509,56.38157894736842,-4.583333333333333,59.71491228070175,59.98245614035088,-0.2675438596491228,68.56140350877193,18.460526315789473,50.10087719298246
4.524214744567871,1.3772059679031372,4.30950403213501,-0.3044077455997467,72.27746397966108,0.9525419,bartender,50.776315789473685,45.8640350877193,4.912280701754386,61.723684210526315,48.84649122807018,12.87719298245614,75.0657894736842,38.89035087719298,36.175438596491226,79.8157894736842,20.526315789473685,59.28947368421053
3.3239645957946777,0.7117923498153687,3.246858596801758,-0.21413959562778473,77.63494582302259,0.976803,biologist,57.728070175438596,56.29385964912281,1.4342105263157894,57.8640350877193,54.18859649122807,3.675438596491228,60.42982456140351,34.86842105263158,25.56140350877193,60.93859649122807,12.149122807017545,48.78947368421053
3.173158645629883,0.9062082171440125,3.0410068035125732,-0.28558558225631714,73.40614517620203,0.9583532,blogger,74.57456140350877,71.59210526315789,2.982456140350877,79.77631578947368,71.5657894736842,8.210526315789474,84.53508771929825,55.46491228070175,29.07017543859649,86.26754385964912,16.662280701754387,69.60526315789474
3.838174343109131,1.1950291395187378,3.6473944187164307,-0.31135353446006775,71.85918029710533,0.9502941,bohemian,47.478070175438596,52.8859649122807,-5.407894736842105,53.76315789473684,60.01315789473684,-6.25,63.89912280701754,60.3640350877193,3.5350877192982457,72.89035087719299,22.17543859649123,50.71491228070175
3.746767520904541,1.1524772644042969,3.565117597579956,-0.3075924217700958,72.085801605087,0.95151824,builder,67.8201754385965,63.276315789473685,4.543859649122807,72.36842105263158,63.84649122807018,8.521929824561404,77.77631578947368,48.09649122807018,29.67982456140351,82.39035087719299,18.355263157894736,64.03508771929825
4.508079528808594,1.3107421398162842,4.313320636749268,-0.2907539904117584,73.09689828482456,0.95679784,caregiver,72.646288209607,72.23580786026201,0.4104803493449782,75.79912663755458,75.20524017467248,0.5938864628820961,79.34497816593887,63.646288209606986,15.698689956331878,72.8640350877193,21.99561403508772,50.86842105263158
3.776454210281372,0.7889400720596313,3.6931259632110596,-0.208910271525383,77.94150097697472,0.9779348,cartographer,47.68859649122807,44.33771929824562,3.3508771929824563,51.81140350877193,44.60087719298246,7.2105263157894735,59.271929824561404,30.19736842105263,29.07456140350877,65.35087719298245,10.37280701754386,54.978070175438596
4.436631202697754,1.313679814338684,4.2376813888549805,-0.2960985004901886,72.77658004243106,0.95515746,caveman,10.482456140350877,11.56140350877193,-1.0789473684210527,15.057017543859649,15.118421052631579,-0.06140350877192982,26.407894736842106,17.583333333333332,8.824561403508772,49.219298245614034,13.973684210526315,35.24561403508772
3.796665906906128,1.075827956199646,3.6410529613494873,-0.2833612561225891,73.53908214545797,0.9590133,celebrity,45.171052631578945,41.60087719298246,3.5701754385964914,52.35087719298246,43.45175438596491,8.899122807017545,62.49561403508772,34.50877192982456,27.986842105263158,69.52838427947599,21.46288209606987,48.06550218340611
3.6833608150482178,0.8883863091468811,3.5746209621429443,-0.24118904769420624,76.04327046080422,0.9704781,chameleon,50.60087719298246,45.8421052631579,4.758771929824562,56.75,48.10087719298246,8.649122807017545,69.17543859649123,41.83771929824562,27.337719298245613,81.69736842105263,21.864035087719298,59.833333333333336
4.080556869506836,1.3599833250045776,3.847257614135742,-0.33328378200531006,70.5317906386983,0.9428266,chef,32.467248908296945,33.069868995633186,-0.6026200873362445,35.88209606986899,34.3231441048035,1.5589519650655022,40.842794759825324,22.67248908296943,18.170305676855897,47.314410480349345,11.790393013100436,35.52401746724891
3.3404603004455566,0.6757447719573975,3.271397829055786,-0.20229092240333557,78.32904199493636,0.9793255,chemist,54.3859649122807,52.416666666666664,1.969298245614035,56.583333333333336,53.219298245614034,3.3640350877192984,58.35964912280702,32.07017543859649,26.289473684210527,61.31877729257642,12.969432314410481,48.34934497816594
4.027644157409668,0.9778990149497986,3.90712571144104,-0.24279679358005524,75.94833162382042,0.97007716,chimera,46.3640350877193,43.666666666666664,2.6973684210526314,52.33771929824562,46.95175438596491,5.385964912280702,68.13157894736842,40.10087719298246,28.030701754385966,86.8640350877193,19.460526315789473,67.40350877192982
4.1718645095825195,1.023421049118042,4.044386863708496,-0.2453150451183319,75.79954732617159,0.9694435,coach,90.20175438596492,89.58333333333333,0.618421052631579,89.03070175438596,87.49122807017544,1.5394736842105263,87.4780701754386,59.95175438596491,27.526315789473685,78.96491228070175,28.837719298245613,50.12719298245614
3.591310501098633,0.9142463207244873,3.4729905128479004,-0.2545717656612396,75.25178825558156,0.96705383,collaborator,89.10526315789474,89.53508771929825,-0.4298245614035088,90.23245614035088,88.32456140350877,1.9078947368421053,90.1842105263158,71.00438596491227,19.17982456140351,88.05263157894737,24.32017543859649,63.73245614035088
3.299499273300171,0.7241982817649841,3.2190420627593994,-0.21948733925819397,77.32107624348815,0.9756153,collector,50.20175438596491,44.81578947368421,5.385964912280702,53.583333333333336,45.29824561403509,8.285087719298245,58.69736842105263,33.35964912280702,25.337719298245613,65.02631578947368,13.837719298245615,51.18859649122807
3.7366130352020264,1.1242867708206177,3.5634610652923584,-0.3008839190006256,72.48929892570229,0.9536607,comedian,37.1578947368421,36.39035087719298,0.7675438596491229,44.51315789473684,40.64473684210526,3.8684210526315788,59.85087719298246,33.06140350877193,26.789473684210527,74.91228070175438,8.201754385964913,66.71052631578948
3.9928646087646484,0.9298740029335022,3.8830790519714355,-0.23288394510746002,76.53307866362667,0.97250456,competitor,57.728070175438596,54.469298245614034,3.258771929824561,65.78508771929825,56.04824561403509,9.736842105263158,75.88157894736842,44.68421052631579,31.19736842105263,81.0701754385965,19.767543859649123,61.30263157894737
3.44222354888916,0.7754235863685608,3.3537473678588867,-0.22526824474334717,76.9813475853309,0.9742968,composer,41.8421052631579,40.828947368421055,1.013157894736842,45.20175438596491,42.49122807017544,2.710526315789474,52.19736842105263,31.592105263157894,20.605263157894736,60.10526315789474,11.855263157894736,48.25
3.8020236492156982,1.221891164779663,3.6003284454345703,-0.3213791847229004,71.2536473499087,0.94695055,conservator,48.13157894736842,50.96052631578947,-2.8289473684210527,49.728070175438596,51.12719298245614,-1.3991228070175439,48.81140350877193,37.14912280701754,11.662280701754385,46.30263157894737,16.79824561403509,29.50438596491228
3.5762736797332764,0.6529779434204102,3.516155958175659,-0.18258610367774963,79.47957059311253,0.9831898,consultant,89.16666666666667,88.64912280701755,0.5175438596491229,87.65789473684211,86.60964912280701,1.0482456140350878,84.85087719298245,56.31140350877193,28.539473684210527,79.05701754385964,16.732456140350877,62.324561403508774
3.4793078899383545,0.7597900032997131,3.3953356742858887,-0.21837390959262848,77.38645718171028,0.97586524,contrarian,47.23684210526316,45.333333333333336,1.9035087719298245,52.09649122807018,46.60964912280702,5.4868421052631575,61.23245614035088,37.80263157894737,23.42982456140351,69.8859649122807,20.94298245614035,48.94298245614035
4.014277458190918,1.0060036182403564,3.8861780166625977,-0.25060638785362244,75.4866020139521,0.96808904,coordinator,82.60526315789474,82.97368421052632,-0.3684210526315789,82.64473684210526,83.40350877192982,-0.7587719298245614,81.91266375545851,61.66812227074236,20.24454148471616,75.39301310043668,19.475982532751093,55.917030567685586
3.8589999675750732,1.0103626251220703,3.7243854999542236,-0.2618198096752167,74.82192934850997,0.96511674,coral_reef,60.530701754385966,59.71491228070175,0.8157894736842105,68.85526315789474,61.421052631578945,7.434210526315789,79.54385964912281,50.80263157894737,28.74122807017544,91.00438596491227,19.210526315789473,71.79385964912281
3.577693223953247,1.013182282447815,3.431231737136841,-0.28319430351257324,73.54905639143674,0.9590626,cosmopolitan,79.32894736842105,78.9780701754386,0.3508771929824561,82.08771929824562,78.49561403508773,3.5921052631578947,82.46929824561404,61.24122807017544,21.228070175438596,80.79824561403508,21.57894736842105,59.219298245614034
3.6282200813293457,0.8212063312530518,3.5340631008148193,-0.22633863985538483,76.91839251133855,0.97404873,counselor,78.5,82.70175438596492,-4.201754385964913,80.86842105263158,84.84210526315789,-3.973684210526316,80.46052631578948,67.5657894736842,12.894736842105264,80.60087719298245,26.359649122807017,54.24122807017544
4.276796340942383,1.087885856628418,4.136120319366455,-0.2543693482875824,75.26378070189278,0.9671072,criminal,26.70614035087719,24.236842105263158,2.469298245614035,33.95614035087719,27.36842105263158,6.587719298245614,54.95614035087719,20.70614035087719,34.25,75.4780701754386,12.763157894736842,62.71491228070175
3.5288517475128174,0.8751354217529297,3.4186158180236816,-0.24799437820911407,75.64113849998334,0.9687615,critic,69.73799126637554,54.86026200873363,14.87772925764192,71.23580786026201,53.620087336244545,17.61572052401747,73.3859649122807,35.39473684210526,37.99122807017544,74.88646288209607,11.253275109170305,63.633187772925766
4.569005012512207,0.8466729521751404,4.489872455596924,-0.18530796468257904,79.3209120658435,0.98268056,crystalline,69.9780701754386,64.16228070175438,5.815789473684211,75.80263157894737,65.9780701754386,9.824561403508772,83.40350877192982,47.421052631578945,35.98245614035088,90.64473684210526,13.399122807017545,77.24561403508773
3.716697931289673,0.8529664278030396,3.617497682571411,-0.22949577867984772,76.73261204287934,0.9733096,curator,58.69736842105263,58.13157894736842,0.5657894736842105,60.99122807017544,57.71052631578947,3.280701754385965,62.43421052631579,40.35087719298246,22.083333333333332,62.833333333333336,14.671052631578947,48.16228070175438
3.984527826309204,1.1344308853149414,3.8196239471435547,-0.28470897674560547,73.45854648210941,0.95861393,cyborg,50.67982456140351,44.973684210526315,5.706140350877193,57.75877192982456,45.29824561403509,12.460526315789474,72.8157894736842,36.14035087719298,36.675438596491226,87.51315789473684,15.50438596491228,72.00877192982456
3.874229669570923,0.8281135559082031,3.7846906185150146,-0.2137492299079895,77.65784227970579,0.97688854,cynic,38.21052631578947,37.71052631578947,0.5,42.65350877192982,40.39912280701754,2.254385964912281,52.45614035087719,35.46052631578947,16.99561403508772,67.48684210526316,19.25438596491228,48.23245614035088
4.674610137939453,1.3034734725952148,4.48920202255249,-0.27884113788604736,73.80894762454778,0.9603372,daredevil,44.53508771929825,41.0,3.5350877192982457,58.34649122807018,43.94298245614035,14.403508771929825,75.46929824561404,41.771929824561404,33.69736842105263,82.80701754385964,21.95175438596491,60.85526315789474
3.9052720069885254,0.6932766437530518,3.84324312210083,-0.17752328515052795,79.77446871749564,0.9841166,debugger,64.36842105263158,59.578947368421055,4.7894736842105265,66.64473684210526,59.17982456140351,7.464912280701754,71.69736842105263,42.425438596491226,29.271929824561404,73.36842105263158,18.37719298245614,54.99122807017544
4.021988391876221,1.0784152746200562,3.8747143745422363,-0.2681299149990082,74.4469838469735,0.9633828,demon,29.32894736842105,27.29385964912281,2.0350877192982457,31.719298245614034,30.81578947368421,0.9035087719298246,43.1140350877193,28.763157894736842,14.350877192982455,69.76754385964912,11.635964912280702,58.13157894736842
3.4023194313049316,0.7680196166038513,3.314502000808716,-0.225734144449234,76.95394775787769,0.9741889,designer,64.21929824561404,62.574561403508774,1.644736842105263,66.80701754385964,62.44298245614035,4.364035087719298,70.27631578947368,42.61842105263158,27.657894736842106,74.68859649122807,15.43859649122807,59.25
4.357910633087158,1.2102845907211304,4.1864776611328125,-0.2777212858200073,73.87574910852356,0.96066165,destroyer,33.89473684210526,32.46491228070175,1.4298245614035088,38.719298245614034,34.04385964912281,4.675438596491228,54.96052631578947,27.837719298245613,27.12280701754386,70.71929824561404,12.192982456140351,58.526315789473685
3.7481091022491455,0.8864463567733765,3.6417763233184814,-0.2365049570798874,76.31964854346853,0.9716303,detective,51.62719298245614,48.32017543859649,3.307017543859649,56.30263157894737,48.530701754385966,7.771929824561403,64.37719298245614,34.780701754385966,29.596491228070175,74.64912280701755,16.00877192982456,58.64035087719298
3.793151617050171,0.9038577675819397,3.683889389038086,-0.23828676342964172,76.21455421055028,0.97119486,devils_advocate,54.228070175438596,49.416666666666664,4.81140350877193,60.54385964912281,48.98245614035088,11.56140350877193,70.51315789473684,36.05701754385965,34.45614035087719,80.74122807017544,18.596491228070175,62.14473684210526
4.015684604644775,0.9528261423110962,3.901005744934082,-0.23727615177631378,76.27416779229925,0.9714423,dilettante,56.38157894736842,53.03947368421053,3.3421052631578947,67.02631578947368,56.1578947368421,10.868421052631579,80.48245614035088,45.36842105263158,35.1140350877193,86.3157894736842,23.399122807017545,62.916666666666664
4.231426239013672,1.2233628034591675,4.050722599029541,-0.2891136109828949,73.19510334888038,0.9572949,dispatcher,61.71052631578947,62.6359649122807,-0.9254385964912281,63.84649122807018,64.21929824561404,-0.37280701754385964,65.86842105263158,46.64035087719298,19.228070175438596,63.01754385964912,17.390350877192983,45.62719298245614
3.786667585372925,1.007140874862671,3.6502764225006104,-0.26597025990486145,74.57538623535213,0.9639812,divorcee,46.5921052631579,47.33771929824562,-0.7456140350877193,51.666666666666664,50.64473684210526,1.0219298245614035,62.6359649122807,43.00877192982456,19.62719298245614,68.08333333333333,22.785087719298247,45.29824561403509
3.627361297607422,0.8675800561904907,3.522080898284912,-0.23917663097381592,76.16205043694642,0.97097605,doctor,59.71615720524017,63.7117903930131,-3.995633187772926,60.61572052401747,65.2707423580786,-4.655021834061135,60.24561403508772,43.6359649122807,16.609649122807017,59.38427947598253,20.283842794759824,39.10043668122271
4.30637788772583,1.0949305295944214,4.164855003356934,-0.2542578876018524,75.27038403443267,0.96713644,dreamer,52.85964912280702,52.63157894736842,0.22807017543859648,61.80701754385965,58.60964912280702,3.1973684210526314,77.3859649122807,55.1578947368421,22.228070175438596,88.94736842105263,14.802631578947368,74.14473684210526
4.408325672149658,1.1158281564712524,4.264770030975342,-0.2531183660030365,75.33788193923688,0.96743536,echo,67.4780701754386,66.14912280701755,1.3289473684210527,71.85526315789474,67.75877192982456,4.0964912280701755,82.53508771929825,61.60964912280702,20.92543859649123,89.79385964912281,13.868421052631579,75.92543859649123
3.1092605590820312,0.6017202138900757,3.050481081008911,-0.19352518022060394,78.84141840813307,0.9810954,economist,58.96491228070175,59.43859649122807,-0.47368421052631576,59.76315789473684,59.723684210526315,0.039473684210526314,58.46491228070175,38.04824561403509,20.416666666666668,57.92982456140351,11.885964912280702,46.04385964912281
3.8572025299072266,0.9037753343582153,3.7498271465301514,-0.23430851101875305,76.44913461862889,0.97216237,ecosystem,50.324561403508774,49.73684210526316,0.5877192982456141,53.75438596491228,51.4078947368421,2.3464912280701755,60.33771929824562,41.8640350877193,18.473684210526315,73.77631578947368,16.228070175438596,57.54824561403509
3.631335496902466,0.8045891523361206,3.5410780906677246,-0.22156839072704315,77.19883115981989,0.97514486,editor,67.1359649122807,63.46491228070175,3.6710526315789473,68.39035087719299,63.14912280701754,5.241228070175438,67.97368421052632,37.89473684210526,30.07894736842105,67.00877192982456,11.842105263157896,55.166666666666664
4.143144130706787,1.0811965465545654,3.999581813812256,-0.2609604299068451,74.87294171912846,0.96534944,egregore,32.07017543859649,30.19736842105263,1.8728070175438596,38.026315789473685,32.23684210526316,5.7894736842105265,54.276315789473685,28.74122807017544,25.535087719298247,79.85087719298245,12.324561403508772,67.52631578947368
3.6333463191986084,0.933417022228241,3.5114009380340576,-0.2569028437137604,75.11363311428816,0.96643716,elder,56.3421052631579,59.1140350877193,-2.7719298245614037,60.33771929824562,62.01754385964912,-1.6798245614035088,66.12280701754386,55.69736842105263,10.425438596491228,73.37719298245614,18.385964912280702,54.99122807017544
4.520429611206055,1.3017597198486328,4.328938007354736,-0.2879725694656372,73.26338442197051,0.9576386,eldritch,25.736842105263158,24.912280701754387,0.8245614035087719,31.907894736842106,28.767543859649123,3.1403508771929824,51.60964912280702,25.859649122807017,25.75,81.14473684210526,10.692982456140351,70.45175438596492
3.759427785873413,0.9814462661743164,3.6290578842163086,-0.2610626816749573,74.86687274756927,0.9653219,emissary,74.21052631578948,75.19298245614036,-0.9824561403508771,75.28070175438596,76.68859649122807,-1.4078947368421053,78.54824561403508,59.93421052631579,18.614035087719298,79.37280701754386,24.092105263157894,55.280701754385966
3.9362306594848633,1.0845417976379395,3.7838709354400635,-0.2755280137062073,74.00651720477887,0.961293,empath,66.51965065502183,66.29257641921397,0.22707423580786026,70.4934497816594,72.02620087336244,-1.5327510917030567,76.75109170305677,68.15720524017468,8.593886462882097,79.89082969432314,21.572052401746724,58.31877729257642
3.751711845397949,0.6402571201324463,3.696676015853882,-0.17065733671188354,80.17395980952016,0.98533046,engineer,76.46052631578948,74.82894736842105,1.631578947368421,78.49122807017544,74.11842105263158,4.37280701754386,81.1842105263158,49.78947368421053,31.394736842105264,81.80263157894737,19.342105263157894,62.46052631578947
3.8077380657196045,0.8761004209518433,3.7055790424346924,-0.23008422553539276,76.69796949453509,0.9731707,entrepreneur,75.87719298245614,70.94736842105263,4.9298245614035086,79.89473684210526,72.75877192982456,7.135964912280702,82.96929824561404,50.08771929824562,32.88157894736842,83.4298245614035,26.210526315789473,57.219298245614034
3.5075764656066895,0.7602424025535583,3.42419695854187,-0.21674294769763947,77.48219767062484,0.9762287,evaluator,88.65350877192982,88.38157894736842,0.2719298245614035,86.64912280701755,86.35526315789474,0.29385964912280704,85.08771929824562,53.530701754385966,31.55701754385965,79.74561403508773,18.92543859649123,60.82017543859649
2.876967430114746,0.782547116279602,2.7684943675994873,-0.2720041871070862,74.2164374678164,0.96229607,evangelist,67.25877192982456,63.70175438596491,3.557017543859649,70.5219298245614,66.73684210526316,3.7850877192982457,74.33333333333333,53.85087719298246,20.482456140350877,78.54824561403508,13.701754385964913,64.84649122807018
3.8603219985961914,0.9026573300361633,3.7533047199249268,-0.2338295578956604,76.4773607335648,0.97227764,examiner,83.49561403508773,84.08333333333333,-0.5877192982456141,82.21052631578948,82.06140350877193,0.14912280701754385,79.03070175438596,50.15350877192982,28.87719298245614,73.63157894736842,18.20175438596491,55.42982456140351
3.935850143432617,1.111304521560669,3.7757010459899902,-0.2823543846607208,73.5992278744088,0.9593102,exile,37.08771929824562,37.28508771929825,-0.19736842105263158,39.8859649122807,39.30701754385965,0.5789473684210527,50.31140350877193,34.30701754385965,16.00438596491228,61.530701754385966,17.55263157894737,43.978070175438596
3.7431142330169678,0.9029877185821533,3.632563352584839,-0.24123969674110413,76.04028018694837,0.97046554,expatriate,60.5,55.68421052631579,4.815789473684211,67.87719298245614,57.28947368421053,10.587719298245615,75.23684210526316,43.43421052631579,31.80263157894737,79.0219298245614,20.986842105263158,58.03508771929825
3.937793016433716,0.9883019924163818,3.8117547035217285,-0.25097864866256714,75.46456888064151,0.96799266,facilitator,87.59649122807018,87.46929824561404,0.12719298245614036,87.00877192982456,87.38157894736842,-0.37280701754385964,83.80263157894737,66.03070175438596,17.771929824561404,77.87280701754386,22.478070175438596,55.39473684210526
4.30359411239624,1.1321094036102295,4.152017593383789,-0.26306140422821045,74.74820711388418,0.9647791,familiar,66.80701754385964,59.6578947368421,7.149122807017544,73.30263157894737,62.85087719298246,10.451754385964913,83.0219298245614,50.63157894736842,32.39035087719298,88.50877192982456,14.078947368421053,74.4298245614035
4.703843116760254,1.1603333950042725,4.558482646942139,-0.24667777121067047,75.7189935054642,0.9690975,fixer,56.64473684210526,49.728070175438596,6.916666666666667,70.34649122807018,50.780701754385966,19.56578947368421,82.24122807017544,40.1359649122807,42.10526315789474,86.2280701754386,22.69736842105263,63.530701754385966
4.071258544921875,1.1330797672271729,3.9104058742523193,-0.27831190824508667,73.84052007576155,0.9604907,flaneur,51.16228070175438,47.63157894736842,3.530701754385965,59.30263157894737,51.15350877192982,8.149122807017545,71.39473684210526,49.35964912280702,22.035087719298247,81.75877192982456,17.36842105263158,64.39035087719299
3.9294345378875732,1.113733172416687,3.7682957649230957,-0.2834334671497345,73.53476788478072,0.9589919,fool,41.64035087719298,40.75877192982456,0.881578947368421,52.425438596491226,50.8421052631579,1.5833333333333333,73.84649122807018,61.49122807017544,12.355263157894736,87.03508771929825,51.35526315789474,35.67982456140351
3.41875958442688,0.8434410691261292,3.3130838871002197,-0.2467096894979477,75.71710639843221,0.96908945,forecaster,75.58333333333333,72.14473684210526,3.43859649122807,75.9298245614035,71.09210526315789,4.837719298245614,76.89035087719299,48.84649122807018,28.04385964912281,77.76754385964912,14.692982456140351,63.074561403508774
3.7859792709350586,0.959891140460968,3.662273645401001,-0.2535383999347687,75.31300426634196,0.9673253,futurist,73.65350877192982,73.08771929824562,0.5657894736842105,75.3640350877193,74.35526315789474,1.0087719298245614,77.46491228070175,56.20175438596491,21.263157894736842,79.06140350877193,16.31578947368421,62.74561403508772
3.3793585300445557,0.8354561924934387,3.274458169937134,-0.24722334742546082,75.68673518847113,0.9689585,gamer,33.780701754385966,32.67982456140351,1.1008771929824561,34.324561403508774,33.71491228070175,0.6096491228070176,39.28508771929825,22.153508771929825,17.13157894736842,45.87719298245614,11.228070175438596,34.64912280701754
3.249512195587158,0.7098849415779114,3.1710240840911865,-0.21845892071723938,77.3814658916536,0.9758462,generalist,92.84210526315789,90.69298245614036,2.1491228070175437,92.93859649122807,89.03947368421052,3.8991228070175437,93.01754385964912,61.73684210526316,31.280701754385966,92.03508771929825,20.17982456140351,71.85526315789474
3.266868829727173,0.8193497657775879,3.1624512672424316,-0.2508058547973633,75.47479636577144,0.9680374,genie,42.64473684210526,41.925438596491226,0.7192982456140351,45.425438596491226,46.37280701754386,-0.9473684210526315,51.55263157894737,42.526315789473685,9.026315789473685,62.78947368421053,16.62280701754386,46.166666666666664
3.5193653106689453,0.7164929509162903,3.445659637451172,-0.20358584821224213,78.25327153631221,0.97905713,geographer,54.526315789473685,53.01754385964912,1.5087719298245614,55.43859649122807,51.49561403508772,3.942982456140351,58.14473684210526,35.666666666666664,22.478070175438596,62.29824561403509,11.798245614035087,50.5
3.9574670791625977,1.0363266468048096,3.8193681240081787,-0.26186618208885193,74.81917635428529,0.9651042,ghost,31.81578947368421,33.01315789473684,-1.1973684210526316,37.8640350877193,36.61842105263158,1.2456140350877194,51.12719298245614,33.49122807017544,17.635964912280702,75.6842105263158,14.166666666666666,61.51754385964912
3.9678664207458496,1.0421924591064453,3.828550338745117,-0.26265817880630493,74.77215228377874,0.96488893,golem,35.08771929824562,35.79824561403509,-0.7105263157894737,37.36842105263158,36.521929824561404,0.8464912280701754,43.69298245614035,30.109649122807017,13.583333333333334,58.00877192982456,12.302631578947368,45.70614035087719
4.026252746582031,1.0104985237121582,3.8973844051361084,-0.25097742676734924,75.46464120498146,0.96799296,gossip,39.219298245614034,38.99122807017544,0.22807017543859648,43.64035087719298,41.719298245614034,1.9210526315789473,57.21052631578947,36.73245614035088,20.478070175438596,70.61842105263158,20.37280701754386,50.24561403508772
3.697305202484131,0.8566265106201172,3.596700668334961,-0.2316894233226776,76.60344441417037,0.97278976,grader,87.76315789473684,88.5701754385965,-0.8070175438596491,87.29824561403508,86.11842105263158,1.1798245614035088,83.42543859649123,56.13157894736842,27.29385964912281,79.09649122807018,20.021929824561404,59.074561403508774
3.921407461166382,0.7642738223075867,3.8462085723876953,-0.1948978453874588,78.7612439323168,0.9808235,graduate,77.99561403508773,73.3201754385965,4.675438596491228,82.36842105263158,74.44298245614036,7.925438596491228,86.14035087719299,56.70175438596491,29.43859649122807,86.4298245614035,20.13157894736842,66.29824561403508
3.425386905670166,0.9308517575263977,3.2964816093444824,-0.2717508375644684,74.23152151534129,0.96236765,grandparent,53.71052631578947,56.35087719298246,-2.6403508771929824,58.91228070175438,62.473684210526315,-3.56140350877193,67.60964912280701,52.8421052631579,14.767543859649123,74.84210526315789,24.135964912280702,50.70614035087719
3.8069353103637695,0.7902570366859436,3.7240099906921387,-0.20758353173732758,78.0192214961297,0.9782173,guardian,73.1798245614035,68.04385964912281,5.135964912280702,74.5657894736842,68.82456140350877,5.741228070175438,78.98684210526316,50.478070175438596,28.50877192982456,81.41666666666667,16.79824561403509,64.61842105263158
3.7749083042144775,0.8961538672447205,3.6669936180114746,-0.23739750683307648,76.26701014732461,0.97141266,guide,93.19736842105263,92.2280701754386,0.9692982456140351,93.65350877192982,90.72368421052632,2.9298245614035086,91.16666666666667,63.48245614035088,27.68421052631579,87.41666666666667,20.394736842105264,67.0219298245614
3.6900768280029297,0.8270874619483948,3.59619140625,-0.2241382747888565,77.04778919425941,0.97455734,guru,60.91228070175438,67.67543859649123,-6.7631578947368425,63.59649122807018,74.09210526315789,-10.49561403508772,67.71052631578948,66.39912280701755,1.3114035087719298,69.84210526315789,19.662280701754387,50.17982456140351
3.901332378387451,0.8111565113067627,3.8160738945007324,-0.20791782438755035,77.99964072099516,0.9781463,hacker,40.71052631578947,36.53947368421053,4.171052631578948,47.94298245614035,38.53508771929825,9.407894736842104,61.21052631578947,28.19736842105263,33.01315789473684,76.54824561403508,15.109649122807017,61.43859649122807
3.826978921890259,0.7095394730567932,3.7606277465820312,-0.18540461361408234,79.31527683928616,0.98266226,healer,66.0657894736842,69.74561403508773,-3.6798245614035086,70.20614035087719,73.22368421052632,-3.017543859649123,75.33771929824562,64.25438596491227,11.083333333333334,79.00877192982456,20.592105263157894,58.416666666666664
4.246016979217529,1.262952446937561,4.053839206695557,-0.29744407534599304,72.69584714269148,0.9547393,hedonist,33.5589519650655,34.109170305676855,-0.5502183406113537,40.301310043668124,35.48908296943232,4.812227074235808,49.506550218340614,27.14410480349345,22.362445414847162,57.64192139737991,13.34061135371179,44.301310043668124
4.157899856567383,1.0894927978515625,4.012622356414795,-0.26202958822250366,74.80947512514234,0.9650599,hermit,37.42982456140351,40.1140350877193,-2.6842105263157894,41.26754385964912,43.074561403508774,-1.8070175438596492,48.35964912280702,44.68421052631579,3.675438596491228,58.30701754385965,16.55701754385965,41.75
3.1842458248138428,0.7928591966629028,3.0839579105377197,-0.2489943504333496,75.58198898628041,0.96850497,historian,50.29824561403509,50.79385964912281,-0.4956140350877193,52.276315789473685,48.85526315789474,3.4210526315789473,53.3640350877193,35.23684210526316,18.12719298245614,56.328947368421055,14.824561403508772,41.50438596491228
3.7302722930908203,0.8481829762458801,3.632563591003418,-0.22737830877304077,76.8572292009282,0.97380656,hive,40.24122807017544,38.50438596491228,1.736842105263158,44.74122807017544,40.37280701754386,4.368421052631579,55.333333333333336,36.96052631578947,18.37280701754386,72.0701754385965,13.114035087719298,58.95614035087719
4.110039234161377,1.129847526550293,3.9516913890838623,-0.2748994529247284,74.04397769476631,0.9614729,hoarder,34.64035087719298,32.5921052631579,2.0482456140350878,40.43859649122807,34.36842105263158,6.0701754385964914,54.35526315789474,30.833333333333332,23.521929824561404,72.26754385964912,27.25877192982456,45.00877192982456
4.011496067047119,0.942358672618866,3.8992385864257812,-0.23491454124450684,76.41341467183426,0.97201604,homunculus,46.473684210526315,41.17982456140351,5.293859649122807,55.75438596491228,43.223684210526315,12.530701754385966,73.78947368421052,37.79824561403509,35.99122807017544,88.62280701754386,17.412280701754387,71.21052631578948
4.033790588378906,0.9223856925964355,3.9269161224365234,-0.22866474092006683,76.78152779100195,0.9735052,hybrid,84.12719298245614,77.28508771929825,6.842105263157895,88.07456140350877,77.52631578947368,10.548245614035087,90.73245614035088,61.60087719298246,29.13157894736842,91.0701754385965,21.907894736842106,69.16228070175438
3.562786102294922,0.8849216103553772,3.451138734817505,-0.24837911128997803,75.61838294700307,0.9686629,idealist,69.58333333333333,73.16228070175438,-3.5789473684210527,70.85087719298245,76.40350877192982,-5.552631578947368,74.56140350877193,65.53947368421052,9.021929824561404,74.48245614035088,16.600877192982455,57.88157894736842
3.1879329681396484,0.8908017873764038,3.060945749282837,-0.2794293165206909,73.77385250270146,0.9601663,immigrant,49.44736842105263,50.280701754385966,-0.8333333333333334,52.09649122807018,51.421052631578945,0.6754385964912281,58.56140350877193,43.71491228070175,14.846491228070175,65.10087719298245,24.583333333333332,40.51754385964912
3.9684598445892334,0.912100613117218,3.862220525741577,-0.22983743250370026,76.71249908849035,0.9732291,improviser,64.64035087719299,58.03508771929825,6.605263157894737,74.98245614035088,62.28508771929825,12.697368421052632,85.88157894736842,52.14473684210526,33.73684210526316,90.95175438596492,20.81140350877193,70.14035087719299
4.478322505950928,1.467335820198059,4.2311110496521,-0.32765302062034607,70.87361484613582,0.94479823,infant,3.7280701754385963,4.37280701754386,-0.6447368421052632,7.2894736842105265,9.894736842105264,-2.6052631578947367,14.359649122807017,13.530701754385966,0.8289473684210527,22.69736842105263,19.157894736842106,3.539473684210526
3.4869141578674316,0.937024712562561,3.3586537837982178,-0.26872608065605164,74.41152471114242,0.96321666,influencer,66.92543859649123,62.84649122807018,4.078947368421052,74.85087719298245,64.95614035087719,9.894736842105264,81.84649122807018,48.078947368421055,33.76754385964912,84.10087719298245,20.17543859649123,63.925438596491226
3.8157615661621094,0.8533724546432495,3.719111680984497,-0.22364409267902374,77.07684125512708,0.9746709,instructor,92.82894736842105,92.4780701754386,0.3508771929824561,92.8201754385965,91.52631578947368,1.293859649122807,89.9298245614035,62.60087719298246,27.32894736842105,84.41228070175438,29.29824561403509,55.1140350877193
3.4270002841949463,0.866378128528595,3.3156778812408447,-0.25280946493148804,75.35617565712408,0.96751606,interpreter,65.37719298245614,65.42543859649123,-0.04824561403508772,67.48245614035088,65.78947368421052,1.6929824561403508,69.7280701754386,46.73684210526316,22.99122807017544,69.71052631578948,20.833333333333332,48.87719298245614
3.769597291946411,0.8334654569625854,3.676302433013916,-0.22110199928283691,77.22623304884829,0.9752507,interviewer,79.76315789473684,78.0657894736842,1.6973684210526316,80.4342105263158,77.69298245614036,2.741228070175439,80.95175438596492,55.14035087719298,25.81140350877193,77.91228070175438,23.70614035087719,54.20614035087719
4.274447917938232,1.3767884969711304,4.046648025512695,-0.32209742069244385,71.21018447865116,0.9467066,jester,38.0,36.06140350877193,1.9385964912280702,45.78508771929825,39.578947368421055,6.206140350877193,59.71052631578947,37.92982456140351,21.780701754385966,72.97368421052632,11.228070175438596,61.74561403508772
3.9711811542510986,0.9127911925315857,3.8648533821105957,-0.22985383868217468,76.71153322472976,0.9732252,journalist,72.41228070175438,67.33771929824562,5.074561403508772,78.00438596491227,67.45614035087719,10.548245614035087,81.35964912280701,43.89473684210526,37.46491228070175,82.26315789473684,19.736842105263158,62.526315789473685
3.253113269805908,0.8735179901123047,3.1336421966552734,-0.26851755380630493,74.42392830471374,0.96327484,judge,62.30701754385965,64.49122807017544,-2.1842105263157894,63.478070175438596,64.04385964912281,-0.5657894736842105,62.12280701754386,44.61842105263158,17.50438596491228,60.89912280701754,15.548245614035087,45.35087719298246
3.3690011501312256,0.562560498714447,3.3217005729675293,-0.16698138415813446,80.38764350987682,0.98596007,lawyer,60.99126637554585,61.248908296943235,-0.2576419213973799,61.53711790393013,61.995633187772924,-0.4585152838427948,62.056768558951966,40.53711790393013,21.519650655021834,63.25764192139738,13.995633187772926,49.262008733624455
3.748227596282959,0.8943549990653992,3.6399641036987305,-0.23860745131969452,76.19563441550797,0.97111607,leviathan,35.68421052631579,35.425438596491226,0.25877192982456143,39.916666666666664,37.80701754385965,2.1096491228070176,51.49122807017544,36.35087719298246,15.140350877192983,75.50438596491227,12.105263157894736,63.39912280701754
3.504788398742676,0.8264619708061218,3.4059510231018066,-0.23580941557884216,76.36066015585442,0.9717993,librarian,71.85964912280701,72.04385964912281,-0.18421052631578946,71.89035087719299,71.3201754385965,0.5701754385964912,70.90789473684211,45.37280701754386,25.535087719298247,67.48245614035088,16.25,51.23245614035088
3.168696641921997,0.8427972793579102,3.0545592308044434,-0.26597604155540466,74.5750425933424,0.9639797,linguist,47.14473684210526,46.19298245614035,0.9517543859649122,47.56140350877193,45.28508771929825,2.276315789473684,49.771929824561404,32.09649122807018,17.67543859649123,54.78508771929825,12.280701754385966,42.50438596491228
3.4319446086883545,0.8006021976470947,3.3372561931610107,-0.23327948153018951,76.5097742252014,0.97240967,loner,41.14912280701754,40.728070175438596,0.42105263157894735,45.521929824561404,43.48684210526316,2.0350877192982457,50.925438596491226,40.333333333333336,10.592105263157896,62.219298245614034,20.32894736842105,41.89035087719298
3.4592971801757812,0.796710729598999,3.366302013397217,-0.23030999302864075,76.68467698671189,0.97311735,luddite,32.15350877192982,33.05263157894737,-0.8991228070175439,36.32017543859649,35.15350877192982,1.1666666666666667,41.61842105263158,30.609649122807017,11.008771929824562,50.17982456140351,16.403508771929825,33.776315789473685
3.5328168869018555,0.7355549335479736,3.455394744873047,-0.20820635557174683,77.98273922301577,0.97808486,marketer,64.55701754385964,63.3421052631579,1.2149122807017543,65.07456140350877,65.04824561403508,0.02631578947368421,66.05263157894737,45.04385964912281,21.00877192982456,66.76315789473684,15.109649122807017,51.65350877192982
4.119487285614014,1.1293216943740845,3.961667537689209,-0.2741413414478302,74.08914973636412,0.9616895,martyr,35.25877192982456,37.76315789473684,-2.504385964912281,40.76754385964912,41.978070175438596,-1.2105263157894737,49.86842105263158,42.26754385964912,7.600877192982456,63.08771929824562,22.69736842105263,40.39035087719298
3.4581832885742188,0.6715843081474304,3.392345428466797,-0.1942014992237091,78.80191881808636,0.98096174,mathematician,61.51754385964912,56.00877192982456,5.508771929824562,64.76754385964912,57.6578947368421,7.109649122807017,67.76315789473684,39.54385964912281,28.219298245614034,71.00438596491227,21.82017543859649,49.18421052631579
4.303541660308838,1.0287399291992188,4.178775310516357,-0.23904496431350708,76.16981975090077,0.9710084,maverick,57.50877192982456,48.62719298245614,8.881578947368421,71.73245614035088,50.60964912280702,21.12280701754386,85.37719298245614,39.96491228070175,45.41228070175438,89.8640350877193,17.390350877192983,72.47368421052632
4.283376216888428,1.388865351676941,4.051958084106445,-0.32424551248550415,71.0801291349873,0.945973,mechanic,38.921052631578945,36.223684210526315,2.6973684210526314,46.75438596491228,37.70175438596491,9.052631578947368,60.23684210526316,22.67543859649123,37.56140350877193,66.92105263157895,17.017543859649123,49.90350877192982
3.3031504154205322,0.7491624355316162,3.2170732021331787,-0.22680239379405975,76.89111192967222,0.97394085,mediator,82.31140350877193,84.71491228070175,-2.4035087719298245,83.23245614035088,85.4780701754386,-2.245614035087719,83.40789473684211,67.15789473684211,16.25,81.67105263157895,27.214912280701753,54.45614035087719
3.6254005432128906,0.8063308596611023,3.534594774246216,-0.22241152822971344,77.14928675272604,0.9749529,mentor,89.60087719298245,88.49122807017544,1.1096491228070176,89.38157894736842,86.67105263157895,2.710526315789474,88.71929824561404,61.35087719298246,27.36842105263158,85.1359649122807,22.236842105263158,62.89912280701754
4.116021633148193,1.0742417573928833,3.9733662605285645,-0.26099032163619995,74.87116756675604,0.96534145,merchant,50.723684210526315,44.6140350877193,6.109649122807017,56.63157894736842,46.68859649122807,9.942982456140351,66.5701754385965,33.66228070175438,32.9078947368421,77.40789473684211,15.701754385964913,61.70614035087719
3.6313462257385254,0.9195049405097961,3.5130021572113037,-0.2532132565975189,75.33226202826646,0.9674104,minimalist,33.46052631578947,57.11842105263158,-23.657894736842106,34.9078947368421,64.44736842105263,-29.539473684210527,40.01315789473684,51.14473684210526,-11.131578947368421,41.969298245614034,12.916666666666666,29.05263157894737
3.7308595180511475,0.7550956010818481,3.6536478996276855,-0.2023918628692627,78.32313637477695,0.9793046,moderator,80.77631578947368,84.12280701754386,-3.3464912280701755,77.59649122807018,82.83333333333333,-5.2368421052631575,71.53070175438596,59.84649122807018,11.68421052631579,60.021929824561404,27.17982456140351,32.8421052631579
3.4933059215545654,0.9269805550575256,3.3680694103240967,-0.26535913348197937,74.61170634624146,0.9641496,musician,39.01315789473684,38.219298245614034,0.793859649122807,43.421052631578945,40.074561403508774,3.3464912280701755,51.833333333333336,29.29824561403509,22.535087719298247,59.42982456140351,13.881578947368421,45.54824561403509
4.353970527648926,1.238046646118164,4.17424201965332,-0.28434890508651733,73.4800665478192,0.9587208,mycorrhizal,58.81578947368421,55.666666666666664,3.1491228070175437,65.75877192982456,60.28508771929825,5.473684210526316,79.0701754385965,53.92982456140351,25.140350877192983,89.44298245614036,20.026315789473685,69.41666666666667
3.8505654335021973,1.0298128128051758,3.7103018760681152,-0.26744458079338074,74.48773906477511,0.9635733,mystic,39.328947368421055,42.43421052631579,-3.1052631578947367,43.64473684210526,47.29824561403509,-3.6535087719298245,55.84649122807018,49.60526315789474,6.241228070175438,74.91666666666667,13.289473684210526,61.62719298245614
4.035036563873291,1.0529325008392334,3.895235061645508,-0.26094743609428406,74.87371293128149,0.96535313,narcissist,31.359649122807017,29.93421052631579,1.4254385964912282,36.11842105263158,32.8640350877193,3.254385964912281,46.26754385964912,36.333333333333336,9.93421052631579,59.969298245614034,28.12719298245614,31.842105263157894
3.042198419570923,0.7972192168235779,2.9358835220336914,-0.2620536684989929,74.80804546987237,0.96505326,narrator,84.15350877192982,84.58771929824562,-0.4342105263157895,84.77631578947368,85.57456140350877,-0.7982456140350878,85.1798245614035,71.37719298245614,13.802631578947368,83.99561403508773,13.56578947368421,70.4298245614035
3.42214298248291,0.9943423867225647,3.2744991779327393,-0.290561318397522,73.10843568076285,0.9568563,naturalist,41.19298245614035,40.96052631578947,0.2324561403508772,42.73245614035088,40.61842105263158,2.1140350877192984,46.14473684210526,28.464912280701753,17.67982456140351,48.078947368421055,12.039473684210526,36.03947368421053
3.8907158374786377,0.9744769930839539,3.766704797744751,-0.250462144613266,75.4951388003331,0.9681264,navigator,72.6842105263158,69.47368421052632,3.210526315789474,75.89912280701755,68.97368421052632,6.925438596491228,78.87280701754386,48.95175438596491,29.92105263157895,81.29385964912281,17.63157894736842,63.66228070175438
3.4534287452697754,0.8246354460716248,3.353527545928955,-0.2387874722480774,76.1850129518497,0.9710719,negotiator,81.98245614035088,82.64473684210526,-0.6622807017543859,81.09210526315789,82.51754385964912,-1.4254385964912282,80.96052631578948,60.48245614035088,20.478070175438596,79.01315789473684,21.039473684210527,57.973684210526315
3.86133074760437,0.9122611880302429,3.7520201206207275,-0.23625564575195312,76.3343496507103,0.97169095,networker,71.90789473684211,68.70175438596492,3.206140350877193,76.17105263157895,71.89912280701755,4.271929824561403,81.41666666666667,56.54824561403509,24.86842105263158,79.9780701754386,20.403508771929825,59.574561403508774
3.4365315437316895,0.8680557608604431,3.3250904083251953,-0.25259649753570557,75.36878710860479,0.9675716,newlywed,42.06578947368421,41.18859649122807,0.8771929824561403,47.57017543859649,42.39035087719298,5.1798245614035086,53.28947368421053,34.78947368421053,18.5,57.54824561403509,18.596491228070175,38.95175438596491
3.6497745513916016,1.0174510478973389,3.5050888061523438,-0.27877092361450195,73.81313671411348,0.9603576,nomad,46.96052631578947,45.723684210526315,1.236842105263158,52.026315789473685,48.675438596491226,3.3508771929824563,60.10087719298246,38.90350877192982,21.19736842105263,69.47368421052632,19.07894736842105,50.39473684210526
3.4215171337127686,0.9607190489768982,3.283869504928589,-0.28078746795654297,73.69279113123613,0.95977,novelist,50.78947368421053,52.228070175438596,-1.4385964912280702,57.83771929824562,56.583333333333336,1.2543859649122806,65.33771929824562,41.48245614035088,23.855263157894736,73.0,21.789473684210527,51.21052631578947
3.568650722503662,0.6208676099777222,3.5142269134521484,-0.17397825419902802,79.98079569197431,0.9847495,nutritionist,42.18859649122807,46.03508771929825,-3.8464912280701755,42.48684210526316,48.57017543859649,-6.083333333333333,41.87280701754386,29.166666666666668,12.706140350877194,39.06140350877193,11.68859649122807,27.37280701754386
4.061332702636719,0.8902211785316467,3.9625658988952637,-0.21919435262680054,77.3382821337777,0.9756812,observer,80.60964912280701,77.16666666666667,3.442982456140351,84.01754385964912,75.68859649122807,8.328947368421053,88.47368421052632,50.824561403508774,37.64912280701754,90.03508771929825,15.789473684210526,74.24561403508773
3.311091184616089,0.7744965553283691,3.219235897064209,-0.23390978574752808,76.47263290386658,0.9722583,optimist,77.54585152838428,78.89519650655022,-1.3493449781659388,79.21834061135371,80.29694323144105,-1.0786026200873362,83.14410480349345,69.25764192139738,13.88646288209607,82.87336244541484,22.49344978165939,60.379912663755455
3.9904069900512695,1.0148508548736572,3.8592000007629395,-0.2543226480484009,75.26654741664986,0.9671194,oracle,45.828947368421055,44.333333333333336,1.4956140350877194,49.33771929824562,47.73684210526316,1.6008771929824561,59.85087719298246,47.223684210526315,12.62719298245614,76.04385964912281,13.93859649122807,62.10526315789474
3.9906463623046875,0.8332427740097046,3.902686834335327,-0.20879894495010376,77.94802335994284,0.97795856,organizer,78.90789473684211,75.87719298245614,3.030701754385965,79.4298245614035,75.09649122807018,4.333333333333333,80.24122807017544,48.01315789473684,32.228070175438596,74.78508771929825,14.692982456140351,60.0921052631579
3.9415860176086426,1.1122782230377197,3.781393527984619,-0.28219056129455566,73.60901214640538,0.9593584,orphan,45.175438596491226,45.219298245614034,-0.043859649122807015,53.50877192982456,48.54385964912281,4.964912280701754,62.333333333333336,43.04385964912281,19.289473684210527,72.49561403508773,24.87719298245614,47.61842105263158
3.547858953475952,1.0039142370224,3.402860403060913,-0.2829633951187134,73.5628507015295,0.9591307,pacifist,69.29824561403508,74.9298245614035,-5.631578947368421,70.84210526315789,80.35087719298245,-9.508771929824562,71.0,73.83771929824562,-2.837719298245614,72.85526315789474,29.43859649122807,43.416666666666664
4.2675676345825195,1.305513858795166,4.06297492980957,-0.3059152066707611,72.18676660216703,0.95205873,paramedic,48.89035087719298,49.64912280701754,-0.7587719298245614,55.30701754385965,50.9078947368421,4.399122807017544,60.473684210526315,34.89912280701754,25.57456140350877,66.00438596491227,17.280701754385966,48.723684210526315
4.075310707092285,1.0378687381744385,3.940937042236328,-0.2546722888946533,75.24583239735887,0.96702737,parasite,23.013157894736842,20.535087719298247,2.4780701754385963,27.37719298245614,23.17105263157895,4.206140350877193,40.18421052631579,16.416666666666668,23.767543859649123,61.44298245614035,11.666666666666666,49.776315789473685
3.8244974613189697,1.0107215642929077,3.688525915145874,-0.2642756700515747,74.67608255436475,0.9644472,parent,55.3859649122807,56.48684210526316,-1.1008771929824561,63.08771929824562,59.3421052631579,3.745614035087719,68.6798245614035,48.04824561403509,20.63157894736842,68.99561403508773,23.837719298245613,45.1578947368421
3.656367301940918,0.9997054934501648,3.517045497894287,-0.2734149694442749,74.13242106094907,0.9618961,patient,63.79824561403509,62.324561403508774,1.4736842105263157,67.54385964912281,65.23684210526316,2.307017543859649,71.92105263157895,54.14473684210526,17.776315789473685,75.20614035087719,27.79824561403509,47.4078947368421
3.5366950035095215,0.8692843317985535,3.4282004833221436,-0.245790034532547,75.77147289004515,0.9693232,peacekeeper,84.78508771929825,86.05263157894737,-1.2675438596491229,85.03508771929825,87.0657894736842,-2.030701754385965,84.53070175438596,70.85964912280701,13.671052631578947,84.30701754385964,23.81578947368421,60.49122807017544
3.3818647861480713,0.7652524709701538,3.2941460609436035,-0.22628122568130493,76.92176972175871,0.974062,perfectionist,75.19298245614036,70.87280701754386,4.3201754385964914,78.60526315789474,69.09210526315789,9.513157894736842,80.1359649122807,47.6359649122807,32.5,81.65350877192982,11.425438596491228,70.2280701754386
3.940321445465088,1.0029125213623047,3.8105509281158447,-0.2545255720615387,75.2545251058292,0.967066,pharmacist,58.29824561403509,60.20614035087719,-1.9078947368421053,57.68421052631579,61.81140350877193,-4.12719298245614,56.63157894736842,39.03508771929825,17.596491228070175,52.16228070175438,13.530701754385966,38.63157894736842
2.7489874362945557,0.5911697745323181,2.6846694946289062,-0.21505002677440643,77.58153771867644,0.97660303,philosopher,64.21834061135371,68.95196506550218,-4.7336244541484715,67.1004366812227,71.07423580786026,-3.9737991266375547,68.38427947598254,51.92576419213974,16.458515283842793,69.04366812227074,20.17467248908297,48.86899563318777
4.044723987579346,1.1711105108261108,3.871471405029297,-0.2895403206348419,73.16956230447694,0.9571658,photographer,37.95614035087719,38.87719298245614,-0.9210526315789473,43.68859649122807,40.62719298245614,3.06140350877193,46.25,28.42105263157895,17.82894736842105,49.0921052631579,12.543859649122806,36.54824561403509
3.1994576454162598,0.5879109501838684,3.1449785232543945,-0.18375331163406372,79.41154357082883,0.9829724,physicist,58.09649122807018,42.00438596491228,16.092105263157894,60.07017543859649,40.771929824561404,19.29824561403509,63.21491228070175,27.214912280701753,36.0,66.84210526315789,12.346491228070175,54.49561403508772
3.5691423416137695,0.9545623660087585,3.4391260147094727,-0.26744866371154785,74.48749628705362,0.9635721,pilgrim,34.36842105263158,39.81140350877193,-5.442982456140351,37.3421052631579,45.57017543859649,-8.228070175438596,42.00438596491228,46.14912280701754,-4.144736842105263,48.37280701754386,18.44298245614035,29.92982456140351
3.4844820499420166,0.9773383736610413,3.344611167907715,-0.2804831266403198,73.7109586765941,0.9598589,pilot,50.26315789473684,47.94736842105263,2.3157894736842106,54.07017543859649,49.280701754385966,4.7894736842105265,59.46491228070175,34.583333333333336,24.88157894736842,64.80701754385964,15.767543859649123,49.03947368421053
4.454648017883301,1.3742696046829224,4.23736572265625,-0.3085024356842041,72.03099652995701,0.9512235,pirate,18.19298245614035,16.114035087719298,2.0789473684210527,24.837719298245613,19.05701754385965,5.780701754385965,36.43859649122807,17.42105263157895,19.017543859649123,55.44736842105263,10.043859649122806,45.40350877192982
3.4406280517578125,0.7300428152084351,3.3622848987579346,-0.21218301355838776,77.74968682948433,0.97723,planner,84.12719298245614,83.50438596491227,0.6228070175438597,82.93859649122807,81.56140350877193,1.3771929824561404,82.71052631578948,55.51754385964912,27.19298245614035,78.4780701754386,15.87719298245614,62.60087719298246
3.874876022338867,0.9166000485420227,3.7649049758911133,-0.2365495264530182,76.31702033057728,0.9716195,playwright,51.37280701754386,47.17982456140351,4.192982456140351,57.328947368421055,48.60087719298246,8.728070175438596,71.29824561403508,38.1140350877193,33.18421052631579,84.03508771929825,14.385964912280702,69.64912280701755
3.531001329421997,0.9975662231445312,3.3871569633483887,-0.2825165390968323,73.58954279414685,0.95926243,podcaster,70.58771929824562,68.60526315789474,1.9824561403508771,74.54824561403508,69.07456140350877,5.473684210526316,80.50877192982456,49.19298245614035,31.31578947368421,83.3201754385965,17.5,65.8201754385965
3.451352834701538,0.949094295501709,3.318291187286377,-0.2749919891357422,74.03846323163164,0.9614465,poet,38.55263157894737,43.583333333333336,-5.030701754385965,43.6359649122807,51.99561403508772,-8.359649122807017,51.94298245614035,60.25438596491228,-8.31140350877193,65.02631578947368,12.657894736842104,52.36842105263158
3.510280132293701,0.9089292287826538,3.3905625343322754,-0.25893354415893555,74.99320815665561,0.9658951,polymath,86.73684210526316,85.3859649122807,1.3508771929824561,87.22368421052632,83.70175438596492,3.5219298245614037,85.59649122807018,55.50877192982456,30.087719298245613,85.41666666666667,14.473684210526315,70.94298245614036
3.8930399417877197,0.9151777625083923,3.7839410305023193,-0.23508048057556152,76.40363312580867,0.9719759,pragmatist,80.46288209606988,75.10480349344978,5.358078602620087,84.03056768558952,75.24454148471615,8.786026200873362,86.29257641921397,57.0,29.292576419213972,86.62008733624454,20.502183406113538,66.117903930131
4.072451114654541,1.0787774324417114,3.9269702434539795,-0.2648963928222656,74.63920346476218,0.96427685,predator,16.767543859649123,14.56578947368421,2.2017543859649122,22.55701754385965,15.030701754385966,7.526315789473684,37.28947368421053,12.583333333333334,24.70614035087719,64.19736842105263,7.5,56.69736842105263
3.567754030227661,0.9277744293212891,3.4450113773345947,-0.2600443959236145,74.92730354266415,0.9655967,presenter,82.69298245614036,75.9342105263158,6.758771929824562,86.05701754385964,73.78070175438596,12.276315789473685,88.02631578947368,45.473684210526315,42.55263157894737,86.67543859649123,15.0,71.67543859649123
4.496997356414795,1.1179271936416626,4.355826377868652,-0.24859414994716644,75.6056631883993,0.9686077,prey,33.89912280701754,33.95614035087719,-0.05701754385964912,43.95175438596491,35.73684210526316,8.214912280701755,65.06140350877193,32.84649122807018,32.21491228070175,81.65789473684211,22.083333333333332,59.574561403508774
3.996073007583618,1.1280925273895264,3.8335371017456055,-0.28230032324790955,73.6024567207195,0.9593261,prisoner,33.25,28.24561403508772,5.004385964912281,38.66228070175438,30.140350877192983,8.521929824561404,49.5921052631579,24.280701754385966,25.31140350877193,63.1140350877193,16.359649122807017,46.75438596491228
4.159398555755615,1.0388188362121582,4.027586460113525,-0.2497521936893463,75.53715122522543,0.9683098,procrastinator,36.69298245614035,38.37719298245614,-1.6842105263157894,43.26754385964912,43.62719298245614,-0.35964912280701755,58.64473684210526,52.074561403508774,6.5701754385964914,70.90350877192982,46.921052631578945,23.982456140350877
4.554549694061279,1.026954174041748,4.43726110458374,-0.22547873854637146,76.96896870028105,0.97424805,prodigy,73.06140350877193,13.81578947368421,59.24561403508772,78.76754385964912,13.81578947368421,64.95175438596492,84.21052631578948,13.81578947368421,70.39473684210526,82.98245614035088,13.81578947368421,69.16666666666667
3.6857194900512695,1.0294568538665771,3.539031982421875,-0.27930963039398193,73.78099437574375,0.96020114,producer,73.34210526315789,70.46929824561404,2.8728070175438596,74.99122807017544,70.86842105263158,4.12280701754386,76.96929824561404,49.3421052631579,27.62719298245614,76.45614035087719,15.679824561403509,60.776315789473685
3.809183120727539,0.7530692219734192,3.7340009212493896,-0.19769835472106934,78.59760274639612,0.98026294,programmer,64.55263157894737,17.346491228070175,47.20614035087719,66.89473684210526,17.346491228070175,49.54824561403509,69.68859649122807,17.346491228070175,52.3421052631579,66.89473684210526,17.346491228070175,49.54824561403509
3.398391008377075,0.8849417567253113,3.281148910522461,-0.2604002058506012,74.90618973806033,0.9655007,proofreader,48.59649122807018,49.73684210526316,-1.1403508771929824,48.44298245614035,52.416666666666664,-3.973684210526316,48.81578947368421,32.54385964912281,16.271929824561404,49.271929824561404,5.504385964912281,43.76754385964912
4.521475315093994,1.2096550464630127,4.356657981872559,-0.2675355076789856,74.48233231956186,0.9635479,prophet,44.33771929824562,42.28508771929825,2.0526315789473686,52.60526315789474,46.82017543859649,5.785087719298246,71.34210526315789,43.74561403508772,27.596491228070175,84.26754385964912,13.114035087719298,71.15350877192982
3.773303985595703,1.1270334720611572,3.601058006286621,-0.298686146736145,72.62129286324388,0.9543514,provincial,45.43859649122807,44.828947368421055,0.6096491228070176,53.41228070175438,50.21052631578947,3.2017543859649122,67.02631578947368,50.31140350877193,16.714912280701753,79.50877192982456,22.93859649122807,56.57017543859649
4.274341106414795,1.1663085222244263,4.112142562866211,-0.2728627622127533,74.1653108522468,0.962053,provocateur,36.57017543859649,33.09649122807018,3.473684210526316,42.41228070175438,36.719298245614034,5.692982456140351,62.61842105263158,38.15350877192982,24.464912280701753,78.80263157894737,15.986842105263158,62.81578947368421
3.210434913635254,0.5163829326629639,3.1686339378356934,-0.16084516048431396,80.74404425019382,0.98697966,psychologist,70.08333333333333,18.596491228070175,51.48684210526316,69.76754385964912,18.596491228070175,51.171052631578945,69.31140350877193,18.596491228070175,50.71491228070175,68.96491228070175,18.596491228070175,50.36842105263158
3.604231119155884,0.8814608454704285,3.4947831630706787,-0.2445628046989441,75.84400167433593,0.96963346,publisher,60.24561403508772,55.98245614035088,4.2631578947368425,62.49122807017544,55.62719298245614,6.864035087719298,65.46929824561404,40.04385964912281,25.42543859649123,68.25,12.105263157894736,56.14473684210526
3.7763612270355225,0.8609175682067871,3.676917791366577,-0.22797545790672302,76.82209226467516,0.97366685,purist,68.42543859649123,62.8421052631579,5.583333333333333,70.37719298245614,65.5701754385965,4.807017543859649,72.68859649122807,59.0,13.68859649122807,77.5219298245614,22.19298245614035,55.328947368421055
4.013901233673096,0.8905419111251831,3.913865089416504,-0.22186444699764252,77.18143542579284,0.97507757,realist,84.3157894736842,18.837719298245613,65.4780701754386,86.34210526315789,18.837719298245613,67.50438596491227,87.65350877192982,18.837719298245613,68.8157894736842,86.35964912280701,18.837719298245613,67.5219298245614
3.584899425506592,0.9245064854621887,3.4636385440826416,-0.25788912177085876,75.05515311686051,0.96617454,rebel,35.69298245614035,37.70175438596491,-2.008771929824561,40.25877192982456,41.87719298245614,-1.618421052631579,51.31140350877193,46.223684210526315,5.087719298245614,63.12280701754386,17.82017543859649,45.30263157894737
3.447911024093628,0.7452929615974426,3.366396903991699,-0.21615785360336304,77.51653510995313,0.9763584,recruiter,61.75877192982456,62.728070175438596,-0.9692982456140351,63.1359649122807,64.4780701754386,-1.3421052631578947,66.39035087719299,45.0,21.390350877192983,64.76754385964912,15.855263157894736,48.91228070175438
3.4396588802337646,1.044150710105896,3.2773468494415283,-0.3035622835159302,72.32831166539384,0.9528116,refugee,35.21491228070175,31.228070175438596,3.986842105263158,40.824561403508774,33.91228070175438,6.912280701754386,47.10964912280702,30.109649122807017,17.0,57.15350877192982,20.842105263157894,36.31140350877193
4.312051296234131,1.1358966827392578,4.159750938415527,-0.26342374086380005,74.72668775914131,0.9646803,reporter,68.4780701754386,61.925438596491226,6.552631578947368,75.23245614035088,62.88157894736842,12.350877192982455,81.96052631578948,40.73245614035088,41.228070175438596,81.13157894736842,13.092105263157896,68.03947368421052
3.6503090858459473,0.5541864037513733,3.6079959869384766,-0.15181905031204224,81.26764207556064,0.9884083,researcher,87.1140350877193,16.38157894736842,70.73245614035088,87.4780701754386,16.38157894736842,71.09649122807018,87.06140350877193,16.38157894736842,70.6798245614035,83.8640350877193,16.38157894736842,67.48245614035088
3.2625069618225098,0.8472106456756592,3.1505849361419678,-0.2596808969974518,74.94887144987331,0.9656945,retiree,49.51754385964912,48.228070175438596,1.2894736842105263,54.23684210526316,51.20175438596491,3.0350877192982457,60.12719298245614,41.31578947368421,18.81140350877193,66.71052631578948,19.013157894736842,47.69736842105263
4.151460647583008,0.993487536907196,4.030832290649414,-0.2393103688955307,76.15415863746222,0.97094315,revenant,11.368421052631579,11.416666666666666,-0.04824561403508772,13.596491228070175,12.333333333333334,1.263157894736842,17.763157894736842,12.557017543859649,5.206140350877193,37.60087719298246,7.105263157894737,30.49561403508772
3.4050724506378174,0.7963284850120544,3.3106462955474854,-0.23386536538600922,76.47525060868763,0.972269,reviewer,88.53508771929825,87.37719298245614,1.1578947368421053,87.24122807017544,84.15789473684211,3.0833333333333335,84.6842105263158,52.521929824561404,32.16228070175438,79.75,16.842105263157894,62.9078947368421
3.8702588081359863,1.0981910228729248,3.7111830711364746,-0.28375130891799927,73.51577722992536,0.9588979,revolutionary,43.23684210526316,45.30701754385965,-2.0701754385964914,49.48684210526316,52.030701754385966,-2.543859649122807,58.87280701754386,55.578947368421055,3.293859649122807,69.69298245614036,15.679824561403509,54.01315789473684
4.313784599304199,0.9556868076324463,4.206590175628662,-0.22154255211353302,77.20034933331972,0.9751507,robot,87.12719298245614,84.54824561403508,2.5789473684210527,87.04385964912281,83.55263157894737,3.491228070175439,85.84210526315789,60.86842105263158,24.973684210526315,77.34210526315789,30.614035087719298,46.728070175438596
4.194332599639893,1.0377997159957886,4.063913822174072,-0.24742908775806427,75.67456916496643,0.9689059,rogue,30.350877192982455,26.390350877192983,3.960526315789474,40.81578947368421,28.20614035087719,12.609649122807017,64.82894736842105,22.87280701754386,41.95614035087719,82.81140350877193,10.899122807017545,71.91228070175438
3.15360426902771,0.920013964176178,3.016420841217041,-0.29173415899276733,73.03819384993061,0.95649946,romantic,39.05240174672489,43.096069868995635,-4.043668122270742,41.171052631578945,49.78947368421053,-8.618421052631579,45.166666666666664,50.81140350877193,-5.644736842105263,49.15350877192982,21.18421052631579,27.969298245614034
3.782468557357788,0.9907556772232056,3.650406837463379,-0.2619336247444153,74.81517241751773,0.96508586,saboteur,24.80263157894737,22.364035087719298,2.43859649122807,30.464912280701753,23.092105263157894,7.37280701754386,41.03947368421053,15.855263157894736,25.18421052631579,60.39035087719298,8.486842105263158,51.90350877192982
3.228227376937866,0.6826872229576111,3.1552162170410156,-0.21147432923316956,77.79123429560563,0.9773835,sage,79.67105263157895,82.53508771929825,-2.8640350877192984,79.75,83.26315789473684,-3.513157894736842,77.04824561403508,63.69736842105263,13.350877192982455,76.1842105263158,14.49561403508772,61.68859649122807
3.9322521686553955,0.9763585329055786,3.8091115951538086,-0.24829500913619995,75.62335747923701,0.9686845,scheduler,54.771929824561404,57.43421052631579,-2.662280701754386,56.43859649122807,58.31140350877193,-1.8728070175438596,56.70614035087719,43.98245614035088,12.723684210526315,53.01754385964912,13.706140350877194,39.31140350877193
3.107736825942993,0.7007327675819397,3.027705669403076,-0.2254800796508789,76.96888982956908,0.97424775,scholar,89.05701754385964,88.69736842105263,0.35964912280701755,88.03947368421052,85.94736842105263,2.0921052631578947,87.64912280701755,55.00438596491228,32.64473684210526,86.00877192982456,14.385964912280702,71.62280701754386
3.6703500747680664,0.8788318037986755,3.5635828971862793,-0.23944085836410522,76.14645826912924,0.9709109,scientist,81.44978165938865,54.89519650655022,26.554585152838428,80.60698689956332,53.786026200873366,26.820960698689955,79.9780701754386,38.728070175438596,41.25,77.5589519650655,16.899563318777293,60.65938864628821
4.1088151931762695,0.9212115406990051,4.004213809967041,-0.2242037057876587,77.04394237188657,0.9745422,scout,48.84649122807018,42.48245614035088,6.364035087719298,57.578947368421055,44.166666666666664,13.412280701754385,73.13157894736842,32.43421052631579,40.69736842105263,81.40789473684211,18.530701754385966,62.87719298245614
3.4324402809143066,0.6195430159568787,3.3760645389556885,-0.18049636483192444,79.60132702005708,0.9835756,screener,74.80701754385964,77.15350877192982,-2.3464912280701755,74.84649122807018,76.14912280701755,-1.3026315789473684,75.3157894736842,49.64912280701754,25.666666666666668,75.74561403508773,13.771929824561404,61.973684210526315
4.091057777404785,1.1158736944198608,3.935934543609619,-0.27275922894477844,74.17147675888098,0.9620824,secretary,61.671052631578945,63.324561403508774,-1.6535087719298245,62.60964912280702,66.28947368421052,-3.6798245614035086,59.6578947368421,46.43421052631579,13.223684210526315,51.69298245614035,12.741228070175438,38.95175438596491
4.371306896209717,1.3767892122268677,4.148828506469727,-0.3149605393409729,71.64156839284206,0.94910485,shaman,32.12280701754386,33.37719298245614,-1.2543859649122806,38.85964912280702,37.75438596491228,1.105263157894737,53.578947368421055,36.083333333333336,17.49561403508772,74.09649122807018,13.75,60.34649122807018
4.0191192626953125,1.058991551399231,3.877093553543091,-0.2634884715080261,74.72284314139927,0.9646625,shapeshifter,44.98684210526316,41.030701754385966,3.956140350877193,52.46052631578947,43.6578947368421,8.802631578947368,66.96491228070175,35.54385964912281,31.42105263157895,83.74122807017544,16.907894736842106,66.83333333333333
4.262311935424805,0.8704061508178711,4.172492504119873,-0.20420986413955688,78.216750835891,0.9789271,simulacrum,67.8640350877193,62.916666666666664,4.947368421052632,76.82894736842105,65.59210526315789,11.236842105263158,86.95614035087719,50.57017543859649,36.3859649122807,93.4298245614035,17.609649122807017,75.8201754385965
3.3145573139190674,0.8254429697990417,3.210129737854004,-0.24903568625450134,75.57954358719346,0.96849424,skeptic,58.328947368421055,57.666666666666664,0.6622807017543859,62.074561403508774,59.34649122807018,2.7280701754385963,65.91228070175438,44.13157894736842,21.780701754385966,70.79385964912281,18.464912280701753,52.328947368421055
4.488242149353027,1.1350176334381104,4.342355728149414,-0.25288689136505127,75.3515904576396,0.96749586,smuggler,28.785087719298247,25.223684210526315,3.56140350877193,39.219298245614034,27.285087719298247,11.93421052631579,64.5,20.600877192982455,43.89912280701754,80.9298245614035,11.162280701754385,69.76754385964912
3.424071788787842,0.621472179889679,3.3672006130218506,-0.18150092661380768,79.54280325003039,0.98339075,sociologist,73.14912280701755,14.605263157894736,58.54385964912281,75.33333333333333,14.605263157894736,60.728070175438596,75.05701754385964,14.605263157894736,60.45175438596491,76.64035087719299,14.605263157894736,62.03508771929825
4.204077243804932,1.004500389099121,4.082308769226074,-0.23893484473228455,76.1763174274845,0.9710356,soldier,44.530701754385966,41.37280701754386,3.1578947368421053,54.83771929824562,43.88157894736842,10.956140350877194,69.87719298245614,35.31578947368421,34.56140350877193,77.94736842105263,15.416666666666666,62.530701754385966
3.763442039489746,1.1978459358215332,3.5677249431610107,-0.31828469038009644,71.44077809639357,0.9479952,sommelier,22.982456140350877,22.390350877192983,0.5921052631578947,24.32894736842105,24.157894736842106,0.17105263157894737,27.521929824561404,14.035087719298245,13.486842105263158,29.657894736842106,6.864035087719298,22.79385964912281
3.6209874153137207,0.7602185010910034,3.540285110473633,-0.2099478542804718,77.8807036090533,0.97771263,specialist,88.61842105263158,90.35964912280701,-1.7412280701754386,87.91666666666667,89.10526315789474,-1.1885964912280702,85.3157894736842,54.824561403508774,30.49122807017544,79.65789473684211,12.12719298245614,67.53070175438596
4.260684490203857,1.0846257209777832,4.1203179359436035,-0.25456610321998596,75.25212374230121,0.9670554,spirit,43.54824561403509,43.70614035087719,-0.15789473684210525,51.31578947368421,50.78508771929825,0.5307017543859649,63.81140350877193,48.03508771929825,15.776315789473685,84.26754385964912,14.320175438596491,69.94736842105263
3.7809958457946777,0.9579595923423767,3.657628297805786,-0.25336170196533203,75.32347003765199,0.9673717,spy,32.83771929824562,30.11842105263158,2.719298245614035,37.33771929824562,30.657894736842106,6.6798245614035086,50.10964912280702,23.087719298245613,27.021929824561404,69.5657894736842,10.723684210526315,58.8421052631579
3.361396074295044,0.5549089908599854,3.315276622772217,-0.1650828868150711,80.49795043562276,0.98627967,statistician,60.70614035087719,56.078947368421055,4.62719298245614,61.43859649122807,55.99122807017544,5.447368421052632,62.14473684210526,37.58771929824562,24.55701754385965,63.083333333333336,13.355263157894736,49.728070175438596
4.04255485534668,0.7914811372756958,3.9643170833587646,-0.19578738510608673,78.70927589783496,0.98064643,stoic,48.583333333333336,49.16228070175438,-0.5789473684210527,53.26754385964912,54.03508771929825,-0.7675438596491229,60.675438596491226,46.219298245614034,14.456140350877194,66.3201754385965,14.758771929824562,51.56140350877193
3.9555954933166504,0.8915278315544128,3.85381817817688,-0.2253839671611786,76.97454216697652,0.97427005,strategist,82.68859649122807,19.80263157894737,62.8859649122807,82.62280701754386,19.80263157894737,62.82017543859649,81.85087719298245,19.80263157894737,62.04824561403509,77.64473684210526,19.80263157894737,57.8421052631579
3.37634539604187,0.7537738084793091,3.2911295890808105,-0.22325141727924347,77.09992351235051,0.97476095,student,74.84210526315789,19.407894736842106,55.43421052631579,77.64473684210526,19.407894736842106,58.23684210526316,81.15789473684211,19.407894736842106,61.75,83.4298245614035,19.407894736842106,64.0219298245614
3.259979248046875,0.7300206422805786,3.177189588546753,-0.2239341288805008,77.0597909684624,0.97460425,summarizer,80.69298245614036,81.3157894736842,-0.6228070175438597,80.07456140350877,77.54385964912281,2.530701754385965,74.5,50.16228070175438,24.337719298245613,69.29824561403508,12.850877192982455,56.44736842105263
3.9577107429504395,0.9343183636665344,3.8458449840545654,-0.23607546091079712,76.34497401481102,0.9717347,supervisor,82.71052631578948,84.3157894736842,-1.605263157894737,79.49122807017544,83.65789473684211,-4.166666666666667,73.58771929824562,56.29385964912281,17.29385964912281,59.30701754385965,15.416666666666666,43.89035087719298
4.1004204750061035,1.2199504375457764,3.9147377014160156,-0.29751837253570557,72.69138836817271,0.95471615,surfer,33.95175438596491,33.62280701754386,0.32894736842105265,38.39473684210526,35.81578947368421,2.5789473684210527,49.99122807017544,30.94298245614035,19.04824561403509,56.85526315789474,13.399122807017545,43.45614035087719
3.224329948425293,0.9965770244598389,3.066453456878662,-0.3090803623199463,71.9961823981572,0.95103586,survivor,43.60087719298246,44.80263157894737,-1.2017543859649122,47.28508771929825,49.37280701754386,-2.087719298245614,55.38157894736842,44.583333333333336,10.798245614035087,66.72368421052632,20.13157894736842,46.5921052631579
4.242008686065674,0.9534500241279602,4.133469581604004,-0.22476384043693542,77.01100847541345,0.9744133,swarm,65.96052631578948,61.70614035087719,4.254385964912281,74.42105263157895,66.0219298245614,8.399122807017545,84.03947368421052,56.328947368421055,27.710526315789473,88.57894736842105,16.030701754385966,72.54824561403508
4.170369625091553,0.9390495419502258,4.0632710456848145,-0.2251717895269394,76.98701979289537,0.97431916,symbiont,51.42982456140351,44.719298245614034,6.7105263157894735,62.24561403508772,46.583333333333336,15.662280701754385,78.99122807017544,45.11842105263158,33.87280701754386,91.6842105263158,18.035087719298247,73.64912280701755
3.4486286640167236,0.6844189167022705,3.380031108856201,-0.19846120476722717,78.55301111410252,0.98010874,synthesizer,71.66228070175438,65.0219298245614,6.640350877192983,75.68859649122807,64.99561403508773,10.692982456140351,80.83771929824562,47.86842105263158,32.969298245614034,85.93859649122807,12.346491228070175,73.59210526315789
3.853720188140869,0.924251914024353,3.7412455081939697,-0.23983368277549744,76.12327560296654,0.970814,teacher,90.58333333333333,22.280701754385966,68.30263157894737,89.82894736842105,22.280701754385966,67.54824561403508,85.4298245614035,22.280701754385966,63.14912280701754,78.35964912280701,22.280701754385966,56.078947368421055
3.3567395210266113,0.8246344327926636,3.253871440887451,-0.24566534161567688,75.7788432513055,0.96935475,technologist,75.58771929824562,73.98245614035088,1.605263157894737,77.67543859649123,74.50438596491227,3.1710526315789473,79.35964912280701,49.65350877192982,29.70614035087719,80.53947368421052,14.078947368421053,66.46052631578948
3.5002551078796387,0.9252253174781799,3.375758409500122,-0.26433083415031433,74.6728053455526,0.9644321,teenager,34.46052631578947,35.83771929824562,-1.3771929824561404,41.89912280701754,39.71052631578947,2.18859649122807,57.6140350877193,36.50438596491228,21.109649122807017,69.71491228070175,27.982456140350877,41.73245614035088
3.137796401977539,0.6280152797698975,3.0743069648742676,-0.20014534890651703,78.4545412326505,0.97976625,theorist,85.7280701754386,85.78947368421052,-0.06140350877192982,86.33333333333333,84.78508771929825,1.5482456140350878,86.37719298245614,51.925438596491226,34.45175438596491,85.6359649122807,12.93859649122807,72.69736842105263
3.489194631576538,0.5864604711532593,3.4395556449890137,-0.16807904839515686,80.32385038630517,0.9857735,therapist,69.12719298245614,22.609649122807017,46.51754385964912,69.9780701754386,22.609649122807017,47.36842105263158,71.57894736842105,22.609649122807017,48.969298245614034,72.15350877192982,22.609649122807017,49.54385964912281
5.114454746246338,1.5261852741241455,4.881434440612793,-0.2984062731266022,72.63809468394257,0.95443887,toddler,3.6184210526315788,6.118421052631579,-2.5,8.074561403508772,15.135964912280702,-7.06140350877193,13.105263157894736,20.035087719298247,-6.9298245614035086,18.56140350877193,22.5,-3.93859649122807
3.524693250656128,0.9146214127540588,3.4039578437805176,-0.25948965549468994,74.96021772917575,0.96574587,traditionalist,51.43859649122807,52.70175438596491,-1.263157894736842,55.69298245614035,56.62719298245614,-0.9342105263157895,61.85087719298246,55.26754385964912,6.583333333333333,69.73684210526316,22.842105263157894,46.89473684210526
3.47544527053833,0.8505886793136597,3.369750499725342,-0.24474236369132996,75.83339125992792,0.96958816,trainer,86.91228070175438,78.48684210526316,8.425438596491228,87.90350877192982,77.49122807017544,10.412280701754385,87.3201754385965,54.56578947368421,32.75438596491228,85.0219298245614,18.00438596491228,67.01754385964912
3.600816249847412,0.7356213331222534,3.524874448776245,-0.20429295301437378,78.21188767106074,0.97890985,translator,47.24122807017544,14.62719298245614,32.6140350877193,47.05263157894737,14.62719298245614,32.425438596491226,49.68421052631579,14.62719298245614,35.05701754385965,53.324561403508774,14.62719298245614,38.69736842105263
3.951277256011963,0.9599383473396301,3.8328986167907715,-0.24294380843639374,75.93964830373133,0.97004044,tree,44.33771929824562,40.39912280701754,3.93859649122807,53.03947368421053,44.58771929824562,8.451754385964913,70.24561403508773,35.78508771929825,34.46052631578947,85.48245614035088,14.232456140350877,71.25
4.46636962890625,1.2602179050445557,4.284893035888672,-0.2821570932865143,73.61101094667241,0.9593682,trickster,33.10087719298246,31.135964912280702,1.9649122807017543,45.280701754385966,34.16228070175438,11.118421052631579,68.9342105263158,32.71052631578947,36.223684210526315,85.39473684210526,13.289473684210526,72.10526315789474
3.3672943115234375,0.8686529397964478,3.253323554992676,-0.25796762108802795,75.05049792439166,0.9661536,tulpa,44.73684210526316,42.28508771929825,2.4517543859649122,48.93859649122807,45.771929824561404,3.1666666666666665,57.3859649122807,42.62280701754386,14.763157894736842,69.0701754385965,20.109649122807017,48.96052631578947
3.4260597229003906,0.8537232875823975,3.3179872035980225,-0.24918518960475922,75.570698846489,0.96845573,tutor,91.91228070175438,20.789473684210527,71.12280701754386,90.24561403508773,20.789473684210527,69.45614035087719,89.75,20.789473684210527,68.96052631578948,84.79824561403508,20.789473684210527,64.00877192982456
3.707538366317749,0.7116385698318481,3.6386003494262695,-0.1919436752796173,78.93376335690063,0.981406,validator,80.29824561403508,82.4298245614035,-2.1315789473684212,78.51754385964912,80.51315789473684,-1.9956140350877194,76.42543859649123,48.62719298245614,27.79824561403509,71.79824561403508,14.166666666666666,57.63157894736842
3.5934553146362305,0.8011297583580017,3.5030148029327393,-0.2229413539171219,77.11814816140837,0.9748319,vampire,16.096491228070175,18.38157894736842,-2.2850877192982457,18.846491228070175,21.32894736842105,-2.482456140350877,20.649122807017545,18.24122807017544,2.4078947368421053,23.74561403508772,9.385964912280702,14.359649122807017
4.028684139251709,0.8831304907798767,3.930696725845337,-0.2192106544971466,77.33732482302243,0.97567755,vegan,34.526315789473685,35.1578947368421,-0.631578947368421,38.021929824561404,36.35087719298246,1.6710526315789473,39.24561403508772,28.50877192982456,10.736842105263158,39.328947368421055,14.12280701754386,25.20614035087719
3.759944438934326,1.0271775722503662,3.6169168949127197,-0.27318960428237915,74.14584459159956,0.9619602,veteran,55.01315789473684,44.25877192982456,10.75438596491228,61.478070175438596,45.39035087719298,16.087719298245613,69.53947368421052,34.56140350877193,34.978070175438596,78.10526315789474,14.93421052631579,63.171052631578945
3.633819818496704,1.0021791458129883,3.4928905963897705,-0.2757922112941742,73.99076966211219,0.96121734,veterinarian,39.6359649122807,40.46052631578947,-0.8245614035087719,39.90350877192982,40.824561403508774,-0.9210526315789473,41.59649122807018,26.359649122807017,15.236842105263158,45.083333333333336,12.5,32.583333333333336
3.914149761199951,1.0524089336395264,3.7700140476226807,-0.2688729465007782,74.40278838772998,0.9631757,vigilante,29.19736842105263,27.87280701754386,1.3245614035087718,32.99122807017544,28.82894736842105,4.162280701754386,42.421052631578945,22.42543859649123,19.99561403508772,53.20175438596491,12.083333333333334,41.11842105263158
3.6015028953552246,0.9788340330123901,3.465935230255127,-0.2717849016189575,74.22949345847368,0.96235806,virtuoso,52.60964912280702,52.01754385964912,0.5921052631578947,57.21052631578947,52.18859649122807,5.021929824561403,61.833333333333336,40.89473684210526,20.93859649122807,69.9298245614035,11.666666666666666,58.26315789473684
4.080137729644775,0.9089889526367188,3.9775948524475098,-0.2227839082479477,77.12740186573423,0.97486776,virus,8.868421052631579,7.464912280701754,1.4035087719298245,11.978070175438596,8.31140350877193,3.6666666666666665,20.789473684210527,8.570175438596491,12.219298245614034,43.776315789473685,6.184210526315789,37.5921052631579
3.916213035583496,0.8943603038787842,3.812721014022827,-0.22837376594543457,76.79865256086025,0.97357345,visionary,74.80701754385964,74.32894736842105,0.4780701754385965,77.01315789473684,76.85526315789474,0.15789473684210525,80.49561403508773,59.328947368421055,21.166666666666668,81.69298245614036,15.175438596491228,66.51754385964912
4.038331031799316,0.9585009813308716,3.9229319095611572,-0.23735079169273376,76.26976547979235,0.97142404,void,32.69298245614035,32.324561403508774,0.3684210526315789,36.78947368421053,35.824561403508774,0.9649122807017544,49.36842105263158,32.65350877192982,16.714912280701753,74.24122807017544,15.109649122807017,59.13157894736842
3.2949774265289307,0.8406804800033569,3.185927152633667,-0.2551400065422058,75.21811864826839,0.9669041,wanderer,44.026315789473685,45.021929824561404,-0.9956140350877193,49.030701754385966,50.60087719298246,-1.5701754385964912,55.10087719298246,48.26315789473684,6.837719298245614,65.76315789473684,17.82017543859649,47.94298245614035
3.790444850921631,0.8310179710388184,3.6982266902923584,-0.2192402184009552,77.33558870367258,0.9756709,warrior,36.21491228070175,38.01315789473684,-1.7982456140350878,40.333333333333336,41.171052631578945,-0.8377192982456141,47.45614035087719,37.973684210526315,9.482456140350877,61.30701754385965,13.135964912280702,48.171052631578945
4.385716438293457,1.1353110074996948,4.236222267150879,-0.2588655948638916,74.99723879203488,0.9659134,whale,34.416666666666664,33.916666666666664,0.5,40.70614035087719,36.44298245614035,4.2631578947368425,58.60964912280702,30.49561403508772,28.114035087719298,80.50438596491227,11.31578947368421,69.18859649122807
3.8105194568634033,0.9695867300033569,3.6850993633270264,-0.2544500529766083,75.25899934045498,0.96708584,widow,37.10964912280702,34.32017543859649,2.789473684210526,43.078947368421055,37.70175438596491,5.37719298245614,55.23684210526316,35.45175438596491,19.785087719298247,65.24561403508773,19.95614035087719,45.28947368421053
4.391869068145752,1.1986443996429443,4.22513484954834,-0.2729235589504242,74.1616900248979,0.9620357,wind,43.21834061135371,42.33187772925764,0.8864628820960698,53.71615720524017,47.72052401746725,5.995633187772926,69.42794759825327,48.07423580786026,21.353711790393014,87.34497816593887,14.43231441048035,72.91266375545851
3.64141845703125,0.9508601427078247,3.515080690383911,-0.26112356781959534,74.86325887633002,0.9653053,witch,28.859649122807017,28.916666666666668,-0.05701754385964912,32.574561403508774,31.11842105263158,1.456140350877193,43.08771929824562,28.24561403508772,14.842105263157896,61.65350877192982,9.539473684210526,52.1140350877193
3.7447049617767334,1.1727081537246704,3.556342124938965,-0.3131643533706665,71.74996700606086,0.94969887,witness,51.166666666666664,44.07017543859649,7.0964912280701755,57.324561403508774,45.70175438596491,11.62280701754386,67.11842105263158,38.56578947368421,28.55263157894737,78.00438596491227,16.776315789473685,61.228070175438596
3.551105260848999,0.7308951616287231,3.475074291229248,-0.2058219015598297,78.12238339121173,0.9785895,workaholic,52.23684210526316,50.75877192982456,1.4780701754385965,57.89912280701754,53.074561403508774,4.824561403508772,66.82456140350877,44.70175438596491,22.12280701754386,74.61842105263158,20.416666666666668,54.20175438596491
4.012916564941406,1.0800261497497559,3.864847183227539,-0.2691374719142914,74.38705213968586,0.9631018,wraith,25.605263157894736,26.899122807017545,-1.293859649122807,30.864035087719298,29.635964912280702,1.2280701754385965,39.30263157894737,28.17543859649123,11.12719298245614,61.03508771929825,9.473684210526315,51.56140350877193
3.1934003829956055,0.7677204608917236,3.0997438430786133,-0.24040848016738892,76.08934956172908,0.97067183,writer,62.80263157894737,13.530701754385966,49.271929824561404,67.18859649122807,13.530701754385966,53.6578947368421,72.99122807017544,13.530701754385966,59.46052631578947,80.99122807017544,13.530701754385966,67.46052631578948
3.8729207515716553,1.0036894083023071,3.7406044006347656,-0.2591557204723358,74.98002850892159,0.9658355,zealot,40.01754385964912,13.486842105263158,26.530701754385966,45.583333333333336,13.486842105263158,32.09649122807018,56.925438596491226,13.486842105263158,43.43859649122807,68.8157894736842,13.486842105263158,55.328947368421055
3.9006731510162354,0.987298846244812,3.77365779876709,-0.253109872341156,75.33838497071696,0.96743757,zeitgeist,75.60526315789474,72.25,3.3552631578947367,78.0701754385965,73.8201754385965,4.25,84.26754385964912,58.98684210526316,25.280701754385966,85.00877192982456,15.723684210526315,69.28508771929825
