role,alpha,total,steered_missing,steered_malformed,steered_duplicate,baseline_missing,baseline_malformed,assistant_axis_missing,assistant_axis_malformed,assistant_axis_duplicate
aberration,1.0,228,0,0,0,0,228,0,0,0
aberration,1.5,228,0,0,0,0,228,0,0,0
aberration,2.0,228,0,0,0,0,228,0,0,0
aberration,2.5,228,0,0,0,0,0,0,0,0
absurdist,1.0,228,0,0,0,0,228,0,0,0
absurdist,1.5,228,0,0,0,0,228,0,0,0
absurdist,2.0,228,0,0,0,0,228,0,0,0
absurdist,2.5,228,0,0,0,0,0,0,0,0
accountant,1.0,228,0,0,0,0,228,0,0,0
accountant,1.5,228,0,0,0,0,228,0,0,0
accountant,2.0,228,0,0,0,0,228,0,0,0
accountant,2.5,228,0,0,0,0,0,0,0,0
activist,1.0,229,229,0,0,229,0,0,0,0
activist,1.5,229,229,0,0,229,0,0,0,0
activist,2.0,229,229,0,0,229,0,0,0,0
activist,2.5,228,0,0,0,0,0,0,0,0
actor,1.0,228,0,0,0,0,228,0,0,0
actor,1.5,228,0,0,0,0,228,0,0,0
actor,2.0,228,0,0,0,0,228,0,0,0
actor,2.5,228,0,0,0,0,0,0,0,0
addict,1.0,229,229,0,0,0,0,0,0,0
addict,1.5,229,229,0,0,0,0,0,0,0
addict,2.0,229,229,0,0,0,0,0,0,0
addict,2.5,228,0,0,0,0,0,0,0,0
adolescent,1.0,229,229,0,0,229,0,0,0,0
adolescent,1.5,229,229,0,0,229,0,0,0,0
adolescent,2.0,229,229,0,0,229,0,0,0,0
adolescent,2.5,228,0,0,0,0,0,0,0,0
advocate,1.0,228,0,0,0,0,0,0,0,0
advocate,1.5,228,0,0,0,0,0,0,0,0
advocate,2.0,228,0,0,0,0,0,0,0,0
advocate,2.5,228,0,0,0,0,0,0,0,0
alien,1.0,228,0,0,0,0,228,0,0,0
alien,1.5,228,0,0,0,0,228,0,0,0
alien,2.0,228,0,0,0,0,228,0,0,0
alien,2.5,228,0,0,0,0,0,0,0,0
altruist,1.5,229,229,0,0,229,0,0,0,0
altruist,2.0,229,229,0,0,229,0,0,0,0
altruist,2.5,228,0,0,0,0,0,0,0,0
amateur,1.0,228,0,0,0,0,228,0,0,0
amateur,1.5,228,0,0,0,0,228,0,0,0
amateur,2.0,228,0,0,0,0,228,0,0,0
amateur,2.5,228,0,0,0,0,0,0,0,0
ambassador,1.0,228,0,0,0,0,228,0,0,0
ambassador,1.5,228,0,0,0,0,228,0,0,0
ambassador,2.0,228,0,0,0,0,228,0,0,0
ambassador,2.5,228,0,0,0,0,0,0,0,0
amnesiac,1.0,228,0,0,0,0,228,0,0,0
amnesiac,1.5,228,0,0,0,0,228,0,0,0
amnesiac,2.0,228,0,0,0,0,228,0,0,0
amnesiac,2.5,228,0,0,0,0,0,0,0,0
analyst,1.0,228,0,0,0,0,0,0,0,0
analyst,1.5,228,0,0,0,0,0,0,0,0
analyst,2.0,228,0,0,0,0,0,0,0,0
analyst,2.5,228,0,0,0,0,0,0,0,0
anarchist,1.0,228,0,0,0,0,228,0,228,0
anarchist,1.5,228,0,0,0,0,228,0,228,0
anarchist,2.0,228,0,0,0,0,228,0,228,0
anarchist,2.5,228,0,0,0,0,0,0,0,0
ancient,1.0,228,0,0,0,0,228,0,0,0
ancient,1.5,228,0,0,0,0,228,0,0,0
ancient,2.0,228,0,0,0,0,228,0,0,0
ancient,2.5,228,0,0,0,0,0,0,0,0
angel,1.0,228,0,0,0,0,228,0,0,0
angel,1.5,228,0,0,0,0,228,0,0,0
angel,2.0,228,0,0,0,0,228,0,0,0
angel,2.5,228,0,0,0,0,0,0,0,0
anthropologist,1.0,228,0,0,0,0,228,0,0,0
anthropologist,1.5,228,0,0,0,0,228,0,0,0
anthropologist,2.0,228,0,0,0,0,228,0,0,0
anthropologist,2.5,228,0,0,0,0,0,0,0,0
archaeologist,1.0,228,0,0,0,0,228,0,228,0
archaeologist,1.5,228,0,0,0,0,228,0,228,0
archaeologist,2.0,228,0,0,0,0,228,0,228,0
archaeologist,2.5,228,0,0,0,0,0,0,0,0
architect,1.0,229,164,0,0,164,0,0,0,0
architect,1.5,229,165,0,0,165,0,0,0,0
architect,2.0,229,165,0,0,165,0,0,0,0
architect,2.5,228,0,0,0,0,0,0,0,0
archivist,1.0,228,0,0,0,0,0,0,0,0
archivist,1.5,228,0,0,0,0,0,0,0,0
archivist,2.0,228,0,0,0,0,0,0,0,0
archivist,2.5,228,0,0,0,0,0,0,0,0
artisan,1.0,229,229,0,0,229,0,0,0,0
artisan,1.5,229,229,0,0,229,0,0,0,0
artisan,2.0,229,229,0,0,229,0,0,0,0
artisan,2.5,228,0,0,0,0,0,0,0,0
ascetic,1.0,228,0,0,0,0,228,0,0,0
ascetic,1.5,228,0,0,0,0,228,0,0,0
ascetic,2.0,228,0,0,0,0,228,0,0,0
ascetic,2.5,228,0,0,0,0,0,0,0,0
assistant,1.0,228,0,0,0,0,0,0,0,0
assistant,1.5,228,0,0,0,0,0,0,0,0
assistant,2.0,228,0,0,0,0,0,0,0,0
assistant,2.5,228,0,0,0,0,0,0,0,0
auctioneer,1.0,228,0,0,0,0,228,0,0,0
auctioneer,1.5,228,0,0,0,0,228,0,0,0
auctioneer,2.0,228,0,0,0,0,228,0,0,0
auctioneer,2.5,228,0,0,0,0,0,0,0,0
auditor,1.0,228,0,0,0,0,228,0,0,0
auditor,1.5,228,0,0,0,0,228,0,0,0
auditor,2.0,228,0,0,0,0,228,0,0,0
auditor,2.5,228,0,0,0,0,0,0,0,0
avatar,1.0,228,0,0,0,0,228,0,0,0
avatar,1.5,228,0,0,0,0,228,0,0,0
avatar,2.0,228,0,0,0,0,228,0,0,0
avatar,2.5,228,0,0,0,0,0,0,0,0
bard,1.0,228,0,0,0,0,228,0,0,0
bard,1.5,228,0,0,0,0,228,0,0,0
bard,2.0,228,0,0,0,0,228,0,0,0
bard,2.5,228,0,0,0,0,0,0,0,0
bartender,1.0,228,0,0,0,0,228,0,0,0
bartender,1.5,228,0,0,0,0,228,0,0,0
bartender,2.0,228,0,0,0,0,228,0,0,0
bartender,2.5,228,0,0,0,0,0,0,0,0
biologist,1.0,228,0,0,0,0,228,0,0,0
biologist,1.5,228,0,0,0,0,228,0,0,0
biologist,2.0,228,0,0,0,0,228,0,0,0
biologist,2.5,228,0,0,0,0,0,0,0,0
blogger,1.0,228,0,0,0,0,228,0,0,0
blogger,1.5,228,0,0,0,0,228,0,0,0
blogger,2.0,228,0,0,0,0,228,0,0,0
blogger,2.5,228,0,0,0,0,0,0,0,0
bohemian,1.0,228,0,0,0,0,228,0,0,0
bohemian,1.5,228,0,0,0,0,228,0,0,0
bohemian,2.0,228,0,0,0,0,228,0,0,0
bohemian,2.5,228,0,0,0,0,0,0,0,0
builder,1.0,228,0,0,0,0,228,0,0,0
builder,1.5,228,0,0,0,0,228,0,0,0
builder,2.0,228,0,0,0,0,228,0,0,0
builder,2.5,228,0,0,0,0,0,0,0,0
caregiver,1.0,229,174,0,0,174,0,0,0,0
caregiver,1.5,229,174,0,0,174,0,0,0,0
caregiver,2.0,229,174,0,0,174,0,0,0,0
caregiver,2.5,228,0,0,0,0,0,0,0,0
cartographer,1.0,228,0,0,0,0,115,0,0,0
cartographer,1.5,228,0,0,0,0,115,0,0,0
cartographer,2.0,228,0,0,0,0,115,0,0,0
cartographer,2.5,228,0,0,0,0,0,0,0,0
caveman,1.0,228,0,0,0,0,129,0,129,99
caveman,1.5,228,0,0,0,0,129,0,129,99
caveman,2.0,228,0,0,0,0,129,0,129,99
caveman,2.5,228,0,0,0,0,0,0,0,99
celebrity,1.0,228,0,0,0,0,83,0,83,145
celebrity,1.5,228,0,0,0,0,83,0,83,145
celebrity,2.0,228,0,0,0,0,83,0,83,145
celebrity,2.5,229,0,0,0,0,0,0,0,145
chameleon,1.0,228,25,0,0,25,58,0,0,0
chameleon,1.5,228,26,0,0,26,58,0,0,0
chameleon,2.0,228,26,0,0,26,58,0,0,0
chameleon,2.5,228,26,0,0,26,0,26,0,0
chef,1.0,229,164,0,0,164,0,0,0,0
chef,1.5,229,164,0,0,164,0,0,0,0
chef,2.0,229,164,0,0,164,0,0,0,0
chef,2.5,229,164,0,0,164,0,164,0,0
chemist,1.0,228,0,0,0,0,27,0,0,0
chemist,1.5,228,0,0,0,0,27,0,0,0
chemist,2.0,228,0,0,0,0,27,0,0,0
chemist,2.5,229,0,0,0,0,0,0,0,0
chimera,1.0,228,0,0,0,0,8,0,0,0
chimera,1.5,228,0,0,0,0,8,0,0,0
chimera,2.0,228,0,0,0,0,8,0,0,0
chimera,2.5,228,0,0,0,0,0,0,0,0
collaborator,1.0,228,0,0,0,0,0,0,0,0
collaborator,1.5,228,0,0,0,0,0,0,0,0
collaborator,2.0,228,0,0,0,0,0,0,0,0
collaborator,2.5,228,0,0,0,0,0,0,0,0
collector,1.0,228,0,0,0,0,0,0,0,0
collector,1.5,228,0,0,0,0,0,0,0,0
collector,2.0,228,0,0,0,0,0,0,0,0
collector,2.5,228,0,0,0,0,0,0,0,0
comedian,1.0,228,0,0,0,0,0,0,0,0
comedian,1.5,228,0,0,0,0,0,0,0,0
comedian,2.0,228,0,0,0,0,0,0,0,0
comedian,2.5,228,0,0,0,0,0,0,0,0
competitor,1.0,228,0,0,0,0,0,0,0,0
competitor,1.5,228,0,0,0,0,0,0,0,0
competitor,2.0,228,0,0,0,0,0,0,0,0
competitor,2.5,228,0,0,0,0,0,0,0,0
composer,1.0,228,0,0,0,0,0,0,0,0
composer,1.5,228,0,0,0,0,0,0,0,0
composer,2.0,228,0,0,0,0,0,0,0,0
composer,2.5,228,0,0,0,0,0,0,0,0
conservator,1.0,228,0,0,0,0,0,0,0,0
conservator,1.5,228,0,0,0,0,0,0,0,0
conservator,2.0,228,0,0,0,0,0,0,0,0
conservator,2.5,228,0,0,0,0,0,0,0,0
consultant,1.0,228,0,0,0,0,0,0,0,0
consultant,1.5,228,0,0,0,0,0,0,0,0
consultant,2.0,228,0,0,0,0,0,0,0,0
consultant,2.5,228,0,0,0,0,0,0,0,0
contrarian,1.0,228,0,0,0,0,0,0,0,0
contrarian,1.5,228,0,0,0,0,0,0,0,0
contrarian,2.0,228,0,0,0,0,0,0,0,0
contrarian,2.5,228,0,0,0,0,0,0,0,0
coordinator,1.0,228,4,0,0,4,0,0,0,0
coordinator,1.5,228,33,0,0,33,0,0,0,0
coordinator,2.0,229,229,0,0,229,0,0,0,0
coordinator,2.5,229,229,0,0,229,0,229,0,0
coral_reef,1.0,228,0,0,0,0,0,0,0,228
coral_reef,1.5,228,0,0,0,0,0,0,0,228
coral_reef,2.0,228,0,0,0,0,0,0,0,228
coral_reef,2.5,228,0,1,0,0,0,0,0,228
cosmopolitan,1.0,228,0,0,0,0,0,0,0,0
cosmopolitan,1.5,228,0,0,0,0,0,0,0,0
cosmopolitan,2.0,228,0,0,0,0,0,0,0,0
cosmopolitan,2.5,228,0,0,0,0,0,0,0,0
counselor,1.0,228,0,0,0,0,0,0,0,0
counselor,1.5,228,0,0,0,0,0,0,0,0
counselor,2.0,228,0,0,0,0,0,0,0,0
counselor,2.5,228,0,0,0,0,0,0,0,0
criminal,1.0,228,0,0,0,0,0,0,0,228
criminal,1.5,228,0,0,0,0,0,0,0,228
criminal,2.0,228,0,0,0,0,0,0,0,228
criminal,2.5,228,0,0,0,0,0,0,0,228
critic,1.0,229,197,0,0,197,0,0,0,0
critic,1.5,229,197,0,0,197,0,0,0,0
critic,2.0,228,197,0,0,197,0,0,0,0
critic,2.5,229,198,0,0,198,0,198,0,0
crystalline,1.0,228,0,0,0,0,0,0,0,0
crystalline,1.5,228,0,0,0,0,0,0,0,0
crystalline,2.0,228,0,0,0,0,0,0,0,0
crystalline,2.5,228,0,0,0,0,0,0,0,0
curator,1.0,228,0,0,0,0,0,0,0,0
curator,1.5,228,0,0,0,0,0,0,0,0
curator,2.0,228,0,0,0,0,0,0,0,0
curator,2.5,228,0,0,0,0,0,0,0,0
cyborg,1.0,228,0,0,0,0,0,0,0,0
cyborg,1.5,228,0,0,0,0,0,0,0,0
cyborg,2.0,228,0,0,0,0,0,0,0,0
cyborg,2.5,228,0,0,0,0,0,0,0,0
cynic,1.0,228,0,0,0,0,0,0,0,0
cynic,1.5,228,0,0,0,0,0,0,0,0
cynic,2.0,228,0,0,0,0,0,0,0,0
cynic,2.5,228,0,0,0,0,0,0,0,0
daredevil,1.0,228,0,0,0,0,0,0,0,0
daredevil,1.5,228,0,0,0,0,0,0,0,0
daredevil,2.0,228,0,0,0,0,0,0,0,0
daredevil,2.5,228,0,0,0,0,0,0,0,0
debugger,1.0,228,0,0,0,0,0,0,0,0
debugger,1.5,228,0,0,0,0,0,0,0,0
debugger,2.0,228,0,0,0,0,0,0,0,0
debugger,2.5,228,0,0,0,0,0,0,0,0
demon,1.0,228,0,0,0,0,0,0,0,0
demon,1.5,228,0,0,0,0,0,0,0,0
demon,2.0,228,0,0,0,0,0,0,0,0
demon,2.5,228,0,0,0,0,0,0,0,0
designer,1.0,228,0,0,0,0,0,0,0,0
designer,1.5,228,0,0,0,0,0,0,0,0
designer,2.0,228,0,0,0,0,0,0,0,0
designer,2.5,228,0,0,0,0,0,0,0,0
destroyer,1.0,228,0,0,0,0,0,0,0,0
destroyer,1.5,228,0,0,0,0,0,0,0,0
destroyer,2.0,228,0,0,0,0,0,0,0,0
destroyer,2.5,228,0,0,0,0,0,0,0,0
detective,1.0,228,0,0,0,0,0,0,0,0
detective,1.5,228,0,0,0,0,0,0,0,0
detective,2.0,228,0,0,0,0,0,0,0,0
detective,2.5,228,0,0,0,0,0,0,0,0
devils_advocate,1.0,228,0,0,0,0,0,0,0,0
devils_advocate,1.5,228,0,0,0,0,0,0,0,0
devils_advocate,2.0,228,0,0,0,0,0,0,0,0
devils_advocate,2.5,228,0,0,0,0,0,0,0,0
dilettante,1.0,228,20,0,0,20,0,0,0,0
dilettante,1.5,228,20,0,0,20,0,0,0,0
dilettante,2.0,228,20,0,0,20,0,0,0,0
dilettante,2.5,228,21,0,0,21,0,21,0,0
dispatcher,1.0,228,4,0,0,4,0,0,0,0
dispatcher,1.5,228,4,0,0,4,0,0,0,0
dispatcher,2.0,228,4,0,0,4,0,0,0,0
dispatcher,2.5,228,5,0,0,5,0,5,0,0
divorcee,1.0,228,0,0,0,0,0,0,0,0
divorcee,1.5,228,0,0,0,0,0,0,0,0
divorcee,2.0,228,0,0,0,0,0,0,0,0
divorcee,2.5,228,0,0,0,0,0,0,0,0
doctor,1.0,229,159,0,0,159,0,0,0,0
doctor,1.5,229,159,0,0,159,0,0,0,0
doctor,2.0,228,159,0,0,159,0,0,0,0
doctor,2.5,229,160,0,0,160,0,160,0,0
dreamer,1.0,228,0,0,0,0,0,0,0,0
dreamer,1.5,228,0,0,0,0,0,0,0,0
dreamer,2.0,228,0,0,0,0,0,0,0,0
dreamer,2.5,228,0,0,0,0,0,0,0,0
echo,1.0,228,0,0,0,0,0,0,0,0
echo,1.5,228,0,0,0,0,0,0,0,0
echo,2.0,228,0,0,0,0,0,0,0,0
echo,2.5,228,0,0,0,0,0,0,0,0
economist,1.0,228,0,0,0,0,0,0,0,0
economist,1.5,228,0,0,0,0,0,0,0,0
economist,2.0,228,0,0,0,0,0,0,0,0
economist,2.5,228,0,0,0,0,0,0,0,0
ecosystem,1.0,228,0,0,0,0,0,0,0,0
ecosystem,1.5,228,0,0,0,0,0,0,0,0
ecosystem,2.0,228,0,0,0,0,0,0,0,0
ecosystem,2.5,228,0,0,0,0,0,0,0,0
editor,1.0,228,0,0,0,0,0,0,0,0
editor,1.5,228,0,0,0,0,0,0,0,0
editor,2.0,228,0,0,0,0,0,0,0,0
editor,2.5,228,0,0,0,0,0,0,0,0
egregore,1.0,228,0,0,0,0,0,0,0,0
egregore,1.5,228,0,0,0,0,0,0,0,0
egregore,2.0,228,0,0,0,0,0,0,0,0
egregore,2.5,228,0,0,0,0,0,0,0,0
elder,1.0,228,0,0,0,0,0,0,0,0
elder,1.5,228,0,0,0,0,0,0,0,0
elder,2.0,228,0,0,0,0,0,0,0,0
elder,2.5,228,0,0,0,0,0,0,0,0
eldritch,1.0,228,0,0,0,0,0,0,0,0
eldritch,1.5,228,0,0,0,0,0,0,0,0
eldritch,2.0,228,0,0,0,0,0,0,0,0
eldritch,2.5,228,0,0,0,0,0,0,0,0
emissary,1.0,228,87,0,0,87,0,0,0,0
emissary,1.5,228,87,0,0,87,0,0,0,0
emissary,2.0,228,87,0,0,87,0,0,0,0
emissary,2.5,228,87,1,0,87,0,87,0,0
empath,1.0,229,212,0,0,212,0,0,0,0
empath,1.5,229,212,0,0,212,0,0,0,0
empath,2.0,229,212,0,0,212,0,0,0,0
empath,2.5,229,212,0,0,212,0,212,0,0
engineer,1.0,228,0,0,0,0,0,0,0,0
engineer,1.5,228,0,0,0,0,0,0,0,0
engineer,2.0,228,0,0,0,0,0,0,0,0
engineer,2.5,228,0,0,0,0,0,0,0,0
entrepreneur,1.0,228,0,0,0,0,0,0,0,0
entrepreneur,1.5,228,0,0,0,0,0,0,0,0
entrepreneur,2.0,228,0,0,0,0,0,0,0,228
entrepreneur,2.5,228,0,0,0,0,0,0,0,228
evaluator,1.0,228,14,0,0,14,0,0,0,0
evaluator,1.5,228,14,0,0,14,0,0,0,0
evaluator,2.0,228,14,0,0,14,0,0,0,0
evaluator,2.5,228,14,0,0,14,0,14,0,0
evangelist,1.0,228,0,0,0,0,0,0,0,0
evangelist,1.5,228,0,0,0,0,0,0,0,0
evangelist,2.0,228,0,0,0,0,0,0,0,0
evangelist,2.5,228,0,0,0,0,0,0,0,0
examiner,1.0,228,0,0,0,0,0,0,0,0
examiner,1.5,228,0,0,0,0,0,0,0,0
examiner,2.0,228,0,0,0,0,0,0,0,0
examiner,2.5,228,0,0,0,0,0,0,0,0
exile,1.0,228,0,0,0,0,0,0,0,0
exile,1.5,228,0,0,0,0,0,0,0,0
exile,2.0,228,0,0,0,0,0,0,0,0
exile,2.5,228,0,0,0,0,0,0,0,0
expatriate,1.0,228,0,0,0,0,0,0,0,0
expatriate,1.5,228,0,0,0,0,0,0,0,0
expatriate,2.0,228,0,0,0,0,0,0,0,0
expatriate,2.5,228,0,0,0,0,0,0,0,0
facilitator,1.0,228,0,0,0,0,0,0,0,0
facilitator,1.5,228,0,0,0,0,0,0,0,0
facilitator,2.0,228,0,0,0,0,0,0,0,0
facilitator,2.5,228,0,0,0,0,0,0,0,0
familiar,1.0,228,0,0,0,0,0,0,0,0
familiar,1.5,228,0,0,0,0,0,0,0,0
familiar,2.0,228,0,0,0,0,0,0,0,0
familiar,2.5,228,0,0,0,0,0,0,0,0
fixer,1.0,228,0,0,0,0,0,0,0,228
fixer,1.5,228,0,0,0,0,0,0,0,228
fixer,2.0,228,0,0,0,0,0,0,0,228
fixer,2.5,228,0,0,0,0,0,0,0,228
flaneur,1.0,228,0,0,0,0,0,0,0,0
flaneur,1.5,228,0,0,0,0,0,0,0,0
flaneur,2.0,228,0,0,0,0,0,0,0,0
flaneur,2.5,228,0,0,0,0,0,0,0,0
fool,1.0,228,0,0,0,0,0,0,0,228
fool,1.5,228,0,0,0,0,0,0,0,228
fool,2.0,228,0,0,0,0,0,0,0,228
fool,2.5,228,0,0,0,0,0,0,0,228
forecaster,1.0,228,0,0,0,0,0,0,0,0
forecaster,1.5,228,0,0,0,0,0,0,0,0
forecaster,2.0,228,0,0,0,0,0,0,0,0
forecaster,2.5,228,0,0,0,0,0,0,0,0
futurist,1.0,228,0,0,0,0,0,0,0,0
futurist,1.5,228,0,0,0,0,0,0,0,0
futurist,2.0,228,0,0,0,0,0,0,0,0
futurist,2.5,228,0,0,0,0,0,0,0,0
gamer,1.0,228,0,0,0,0,0,0,0,0
gamer,1.5,228,0,0,0,0,0,0,0,0
gamer,2.0,228,0,0,0,0,0,0,0,0
gamer,2.5,228,0,0,0,0,0,0,0,0
generalist,1.0,228,0,0,0,0,0,0,0,0
generalist,1.5,228,0,0,0,0,0,0,0,0
generalist,2.0,228,0,0,0,0,0,0,0,0
generalist,2.5,228,0,0,0,0,0,0,0,0
genie,1.0,228,0,0,0,0,0,0,0,0
genie,1.5,228,0,0,0,0,0,0,0,0
genie,2.0,228,0,0,0,0,0,0,0,0
genie,2.5,228,0,0,0,0,0,0,0,0
geographer,1.0,228,0,0,0,0,0,0,0,0
geographer,1.5,228,0,0,0,0,1,0,0,0
geographer,2.0,228,0,0,0,0,1,0,0,0
geographer,2.5,228,0,0,0,0,1,0,0,0
ghost,1.0,228,0,0,0,0,0,0,0,0
ghost,1.5,228,0,0,0,0,0,0,0,0
ghost,2.0,228,0,0,0,0,0,0,0,0
ghost,2.5,228,0,0,0,0,0,0,0,0
golem,1.0,228,0,0,0,0,0,0,0,0
golem,1.5,228,0,0,0,0,0,0,0,0
golem,2.0,228,0,0,0,0,0,0,0,0
golem,2.5,228,0,0,0,0,0,0,0,0
gossip,1.0,228,0,0,0,0,0,0,0,0
gossip,1.5,228,0,0,0,0,0,0,0,0
gossip,2.0,228,0,0,0,0,0,0,0,0
gossip,2.5,228,0,0,0,0,0,0,0,0
grader,1.0,228,0,0,0,0,0,0,0,0
grader,1.5,228,0,0,0,0,0,0,0,0
grader,2.0,228,0,0,0,0,0,0,0,0
grader,2.5,228,0,0,0,0,0,0,0,0
graduate,1.0,228,0,0,0,0,0,0,0,0
graduate,1.5,228,0,0,0,0,0,0,0,0
graduate,2.0,228,0,0,0,0,1,0,0,0
graduate,2.5,228,0,0,0,0,1,0,0,0
grandparent,1.0,228,0,0,0,0,0,0,0,0
grandparent,1.5,228,0,0,0,0,0,0,0,0
grandparent,2.0,228,0,0,0,0,0,0,0,0
grandparent,2.5,228,0,0,0,0,0,0,0,0
guardian,1.0,228,0,0,0,0,0,0,0,0
guardian,1.5,228,0,0,0,0,0,0,0,0
guardian,2.0,228,0,0,0,0,0,0,0,0
guardian,2.5,228,0,0,0,0,0,0,0,0
guide,1.0,228,0,0,0,0,0,0,0,0
guide,1.5,228,0,0,0,0,0,0,0,0
guide,2.0,228,0,0,0,0,0,0,0,0
guide,2.5,228,0,0,0,0,0,0,0,0
guru,1.0,228,33,0,0,33,0,0,0,0
guru,1.5,228,33,0,0,33,0,0,0,0
guru,2.0,228,33,0,0,33,0,0,0,0
guru,2.5,228,33,0,0,33,0,33,0,0
hacker,1.0,228,0,0,0,0,0,0,0,228
hacker,1.5,228,0,0,0,0,0,0,0,228
hacker,2.0,228,0,0,0,0,0,0,0,228
hacker,2.5,228,0,0,0,0,0,0,0,228
healer,1.0,228,0,0,0,0,0,0,0,0
healer,1.5,228,0,0,0,0,0,0,0,0
healer,2.0,228,0,0,0,0,0,0,0,0
healer,2.5,228,0,0,0,0,0,0,0,0
hedonist,1.0,229,229,0,0,229,0,0,0,0
hedonist,1.5,229,229,0,0,229,0,0,0,0
hedonist,2.0,229,229,0,0,229,0,0,0,0
hedonist,2.5,229,229,0,0,229,0,229,0,0
hermit,1.0,228,0,0,0,0,0,0,0,0
hermit,1.5,228,0,0,0,0,0,0,0,0
hermit,2.0,228,0,0,0,0,0,0,0,0
hermit,2.5,228,0,0,0,0,0,0,0,0
historian,1.0,228,106,0,0,106,0,0,0,0
historian,1.5,228,106,0,0,106,0,0,0,0
historian,2.0,228,106,0,0,106,0,0,0,0
historian,2.5,228,106,0,0,106,0,106,0,0
hive,1.0,228,0,0,0,0,0,0,0,0
hive,1.5,228,0,0,0,0,0,0,0,0
hive,2.0,228,0,0,0,0,0,0,0,0
hive,2.5,228,0,0,0,0,0,0,0,0
hoarder,1.0,228,0,0,0,0,0,0,0,0
hoarder,1.5,228,0,0,0,0,0,0,0,0
hoarder,2.0,228,0,0,0,0,0,0,0,0
hoarder,2.5,228,0,0,0,0,0,0,0,0
homunculus,1.0,228,0,0,0,0,0,0,0,0
homunculus,1.5,228,0,0,0,0,0,0,0,0
homunculus,2.0,228,0,0,0,0,0,0,0,0
homunculus,2.5,228,0,0,0,0,0,0,0,0
hybrid,1.0,228,0,0,0,0,0,0,0,0
hybrid,1.5,228,0,0,0,0,0,0,0,0
hybrid,2.0,228,0,0,0,0,0,0,0,0
hybrid,2.5,228,0,0,0,0,0,0,0,0
idealist,1.0,228,0,0,0,0,0,0,0,0
idealist,1.5,228,0,0,0,0,0,0,0,0
idealist,2.0,228,0,0,0,0,0,0,0,0
idealist,2.5,228,0,0,0,0,0,0,0,0
immigrant,1.0,228,0,0,0,0,0,0,0,0
immigrant,1.5,228,0,0,0,0,1,0,0,0
immigrant,2.0,228,0,0,0,0,1,0,0,0
immigrant,2.5,228,0,0,0,0,1,0,0,0
improviser,1.0,228,0,0,0,0,0,0,0,0
improviser,1.5,228,0,0,0,0,0,0,0,0
improviser,2.0,228,0,0,0,0,0,0,0,0
improviser,2.5,228,0,0,0,0,0,0,0,0
infant,1.0,228,0,0,0,0,0,0,0,0
infant,1.5,228,0,0,0,0,0,0,0,0
infant,2.0,228,0,0,0,0,0,0,0,0
infant,2.5,228,0,0,0,0,0,0,0,0
influencer,1.0,228,0,0,0,0,0,0,0,0
influencer,1.5,228,0,0,0,0,0,0,0,0
influencer,2.0,228,0,0,0,0,0,0,0,0
influencer,2.5,228,0,1,0,0,0,0,0,0
instructor,1.0,228,0,0,0,0,0,0,0,228
instructor,1.5,228,0,0,0,0,0,0,0,228
instructor,2.0,228,0,0,0,0,0,0,0,228
instructor,2.5,228,0,0,0,0,0,0,0,228
interpreter,1.0,228,0,0,0,0,0,0,0,0
interpreter,1.5,228,0,0,0,0,0,0,0,0
interpreter,2.0,228,0,0,0,0,0,0,0,0
interpreter,2.5,228,0,0,0,0,0,0,0,0
interviewer,1.0,228,0,0,0,0,0,0,0,0
interviewer,1.5,228,0,0,0,0,0,0,0,0
interviewer,2.0,228,0,0,0,0,0,0,0,0
interviewer,2.5,228,0,0,0,0,0,0,0,0
jester,1.0,228,0,0,0,0,0,0,0,0
jester,1.5,228,0,0,0,0,0,0,0,0
jester,2.0,228,0,0,0,0,0,0,0,0
jester,2.5,228,0,0,0,0,0,0,0,0
judge,1.0,228,0,0,0,0,0,0,0,0
judge,1.5,228,0,0,0,0,0,0,0,0
judge,2.0,228,0,0,0,0,0,0,0,0
judge,2.5,228,0,0,0,0,0,0,0,0
lawyer,1.0,229,131,0,0,131,0,0,0,0
lawyer,1.5,229,131,0,0,131,0,0,0,0
lawyer,2.0,229,131,0,0,131,0,0,0,0
lawyer,2.5,229,131,0,0,131,0,131,0,0
leviathan,1.0,228,0,0,0,0,0,0,0,0
leviathan,1.5,228,0,0,0,0,0,0,0,0
leviathan,2.0,228,0,0,0,0,0,0,0,0
leviathan,2.5,228,0,0,0,0,0,0,0,0
librarian,1.0,228,0,0,0,0,0,0,0,0
librarian,1.5,228,0,0,0,0,0,0,0,0
librarian,2.0,228,0,0,0,0,0,0,0,0
librarian,2.5,228,0,0,0,0,0,0,0,0
linguist,1.0,228,0,0,0,0,0,0,0,0
linguist,1.5,228,0,0,0,0,0,0,0,0
linguist,2.0,228,0,0,0,0,0,0,0,0
linguist,2.5,228,0,0,0,0,0,0,0,0
loner,1.0,228,0,0,0,0,0,0,0,0
loner,1.5,228,0,0,0,0,0,0,0,0
loner,2.0,228,0,0,0,0,0,0,0,0
loner,2.5,228,0,0,0,0,0,0,0,0
luddite,1.0,228,0,0,0,0,0,0,0,0
luddite,1.5,228,0,0,0,0,0,0,0,0
luddite,2.0,228,0,0,0,0,0,0,0,0
luddite,2.5,228,0,0,0,0,0,0,0,0
marketer,1.0,228,0,0,0,0,0,0,0,0
marketer,1.5,228,0,0,0,0,0,0,0,0
marketer,2.0,228,0,0,0,0,1,0,0,0
marketer,2.5,228,0,0,0,0,1,0,0,0
martyr,1.0,228,85,0,0,85,0,0,0,0
martyr,1.5,228,85,0,0,85,0,0,0,0
martyr,2.0,228,85,0,0,85,0,0,0,0
martyr,2.5,228,85,0,0,85,0,85,0,0
mathematician,1.0,228,116,0,0,116,0,0,0,0
mathematician,1.5,228,116,0,0,116,0,0,0,0
mathematician,2.0,228,117,0,0,117,0,0,0,0
mathematician,2.5,228,117,0,0,117,0,117,0,0
maverick,1.0,228,0,0,0,0,0,0,0,0
maverick,1.5,228,0,0,0,0,0,0,0,0
maverick,2.0,228,0,0,0,0,0,0,0,0
maverick,2.5,228,0,0,0,0,0,0,0,0
mechanic,1.0,228,17,0,0,17,0,0,0,0
mechanic,1.5,228,17,0,0,17,0,0,0,0
mechanic,2.0,228,17,0,0,17,0,17,0,211
mechanic,2.5,228,17,0,0,17,0,17,0,211
mediator,1.0,228,0,0,0,0,0,0,0,0
mediator,1.5,228,0,0,0,0,0,0,0,0
mediator,2.0,228,0,0,0,0,0,0,0,0
mediator,2.5,228,0,0,0,0,0,0,0,0
mentor,1.0,228,0,0,0,0,0,0,0,0
mentor,1.5,228,0,0,0,0,0,0,0,0
mentor,2.0,228,0,0,0,0,0,0,0,0
mentor,2.5,228,0,0,0,0,0,0,0,0
merchant,1.0,228,0,0,0,0,0,0,0,0
merchant,1.5,228,0,0,0,0,0,0,0,0
merchant,2.0,228,0,0,0,0,0,0,0,0
merchant,2.5,228,0,0,0,0,0,0,0,0
minimalist,1.0,228,82,0,0,82,0,0,0,0
minimalist,1.5,228,82,0,0,82,0,0,0,0
minimalist,2.0,228,82,0,0,82,0,0,0,0
minimalist,2.5,228,82,0,0,82,0,82,0,0
musician,1.0,228,0,0,0,0,0,0,0,0
musician,1.5,228,0,0,0,0,0,0,0,0
musician,2.0,228,0,0,0,0,0,0,0,0
musician,2.5,228,0,0,0,0,0,0,0,0
mycorrhizal,1.0,228,0,0,0,0,0,0,0,0
mycorrhizal,1.5,228,0,0,0,0,0,0,0,0
mycorrhizal,2.0,228,0,0,0,0,0,0,0,0
mycorrhizal,2.5,228,0,0,0,0,0,0,0,0
mystic,1.0,228,0,0,0,0,0,0,0,0
mystic,1.5,228,0,0,0,0,0,0,0,0
mystic,2.0,228,0,0,0,0,0,0,0,0
mystic,2.5,228,0,0,0,0,0,0,0,0
narcissist,1.0,228,0,0,0,0,0,0,0,0
narcissist,1.5,228,0,0,0,0,0,0,0,0
narcissist,2.0,228,0,0,0,0,0,0,0,0
narcissist,2.5,228,0,0,0,0,0,0,0,0
narrator,1.0,228,0,0,0,0,0,0,0,0
narrator,1.5,228,0,0,0,0,0,0,0,0
narrator,2.0,228,0,0,0,0,0,0,0,0
narrator,2.5,228,0,0,0,0,0,0,0,0
naturalist,1.0,228,0,0,0,0,0,0,0,0
naturalist,1.5,228,0,0,0,0,0,0,0,0
naturalist,2.0,228,0,0,0,0,0,0,0,0
naturalist,2.5,228,0,0,0,0,0,0,0,0
navigator,1.0,228,0,0,0,0,0,0,0,228
navigator,1.5,228,0,0,0,0,0,0,0,228
navigator,2.0,228,0,0,0,0,0,0,0,228
navigator,2.5,228,0,0,0,0,0,0,0,228
negotiator,1.0,228,0,0,0,0,0,0,0,0
negotiator,1.5,228,0,0,0,0,0,0,0,0
negotiator,2.0,228,0,0,0,0,0,0,0,0
negotiator,2.5,228,0,0,0,0,0,0,0,0
networker,1.0,228,0,0,0,0,0,0,0,0
networker,1.5,228,0,0,0,0,0,0,0,0
networker,2.0,228,0,0,0,0,0,0,0,0
networker,2.5,228,0,0,0,0,0,0,0,0
newlywed,1.0,228,0,0,0,0,0,0,0,0
newlywed,1.5,228,0,0,0,0,0,0,0,0
newlywed,2.0,228,0,0,0,0,0,0,0,0
newlywed,2.5,228,0,0,0,0,0,0,0,0
nomad,1.0,228,80,0,0,80,0,0,0,0
nomad,1.5,228,81,0,0,81,0,0,0,0
nomad,2.0,228,81,0,0,81,0,0,0,0
nomad,2.5,228,81,0,0,81,0,81,0,0
novelist,1.0,228,9,0,0,9,0,9,0,0
novelist,1.5,228,9,0,0,9,0,9,0,0
novelist,2.0,228,9,0,0,9,0,9,0,219
novelist,2.5,228,9,0,0,9,0,9,0,219
nutritionist,1.0,228,0,0,0,0,0,0,0,0
nutritionist,1.5,228,0,0,0,0,0,0,0,0
nutritionist,2.0,228,0,0,0,0,0,0,0,0
nutritionist,2.5,228,0,0,0,0,0,0,0,0
observer,1.0,228,0,0,0,0,0,0,0,228
observer,1.5,228,0,0,0,0,0,0,0,228
observer,2.0,228,0,0,0,0,0,0,0,228
observer,2.5,228,0,0,0,0,0,0,0,228
optimist,1.0,229,214,0,0,214,0,214,0,0
optimist,1.5,229,214,0,0,214,0,214,0,0
optimist,2.0,229,214,0,0,214,0,214,0,0
optimist,2.5,229,214,0,0,214,0,214,0,0
oracle,1.0,228,0,0,0,0,0,0,0,0
oracle,1.5,228,0,0,0,0,0,0,0,0
oracle,2.0,228,0,0,0,0,0,0,0,0
oracle,2.5,228,0,1,0,0,0,0,0,0
organizer,1.0,228,0,0,0,0,0,0,0,0
organizer,1.5,228,0,0,0,0,0,0,0,0
organizer,2.0,228,0,0,0,0,0,0,0,0
organizer,2.5,228,0,0,0,0,0,0,0,0
orphan,1.0,228,0,0,0,0,0,0,0,0
orphan,1.5,228,0,0,0,0,0,0,0,0
orphan,2.0,228,0,0,0,0,0,0,0,0
orphan,2.5,228,0,0,0,0,0,0,0,0
pacifist,1.0,228,0,0,0,0,0,0,0,0
pacifist,1.5,228,0,0,0,0,0,0,0,0
pacifist,2.0,228,0,0,0,0,0,0,0,0
pacifist,2.5,228,0,0,0,0,0,0,0,0
paramedic,1.0,228,0,0,0,0,0,0,0,0
paramedic,1.5,228,0,0,0,0,0,0,0,0
paramedic,2.0,228,0,0,0,0,0,0,0,0
paramedic,2.5,228,0,0,0,0,0,0,0,0
parasite,1.0,228,0,0,0,0,0,0,0,0
parasite,1.5,228,0,0,0,0,0,0,0,0
parasite,2.0,228,0,0,0,0,0,0,0,0
parasite,2.5,228,0,0,0,0,0,0,0,0
parent,1.0,228,0,0,0,0,0,0,0,0
parent,1.5,228,0,0,0,0,0,0,0,0
parent,2.0,228,0,0,0,0,0,0,0,0
parent,2.5,228,0,0,0,0,0,0,0,0
patient,1.0,228,0,0,0,0,0,0,0,0
patient,1.5,228,0,0,0,0,0,0,0,0
patient,2.0,228,0,0,0,0,0,0,0,0
patient,2.5,228,0,0,0,0,0,0,0,0
peacekeeper,1.0,228,0,0,0,0,0,0,0,0
peacekeeper,1.5,228,0,0,0,0,0,0,0,0
peacekeeper,2.0,228,0,0,0,0,0,0,0,0
peacekeeper,2.5,228,0,0,0,0,0,0,0,0
perfectionist,1.0,228,0,0,0,0,0,0,0,0
perfectionist,1.5,228,0,0,0,0,0,0,0,0
perfectionist,2.0,228,0,0,0,0,0,0,0,0
perfectionist,2.5,228,0,1,0,0,0,0,0,0
pharmacist,1.0,228,0,0,0,0,0,0,0,0
pharmacist,1.5,228,0,0,0,0,0,0,0,0
pharmacist,2.0,228,0,0,0,0,0,0,0,0
pharmacist,2.5,228,0,0,0,0,0,0,0,0
philosopher,1.0,229,147,0,0,147,0,0,0,0
philosopher,1.5,229,147,0,0,147,0,0,0,0
philosopher,2.0,229,147,0,0,147,0,0,0,0
philosopher,2.5,229,148,0,0,148,0,148,0,0
photographer,1.0,228,0,0,0,0,0,0,0,0
photographer,1.5,228,0,0,0,0,0,0,0,0
photographer,2.0,228,0,0,0,0,0,0,0,0
photographer,2.5,228,0,0,0,0,0,0,0,0
physicist,1.0,228,0,0,0,0,0,0,0,0
physicist,1.5,228,0,0,0,0,0,0,0,0
physicist,2.0,228,0,0,0,0,0,0,0,0
physicist,2.5,228,0,0,0,0,0,0,0,0
pilgrim,1.0,228,16,0,0,16,0,0,0,0
pilgrim,1.5,228,16,0,0,16,0,0,0,0
pilgrim,2.0,228,16,0,0,16,0,0,0,0
pilgrim,2.5,228,16,0,0,16,0,16,0,0
pilot,1.0,228,0,0,0,0,0,0,0,0
pilot,1.5,228,0,0,0,0,0,0,0,0
pilot,2.0,228,0,0,0,0,0,0,0,0
pilot,2.5,228,0,0,0,0,0,0,0,0
pirate,1.0,228,0,0,0,0,0,0,0,228
pirate,1.5,228,0,0,0,0,0,0,0,228
pirate,2.0,228,0,0,0,0,0,0,0,228
pirate,2.5,228,0,0,0,0,0,0,0,228
planner,1.0,228,0,0,0,0,0,0,0,0
planner,1.5,228,0,0,0,0,0,0,0,0
planner,2.0,228,0,0,0,0,0,0,0,0
planner,2.5,228,0,0,0,0,0,0,0,0
playwright,1.0,228,0,0,0,0,0,0,0,0
playwright,1.5,228,0,0,0,0,0,0,0,0
playwright,2.0,228,0,0,0,0,0,0,0,0
playwright,2.5,228,0,0,0,0,0,0,0,0
podcaster,1.0,228,0,0,0,0,0,0,0,0
podcaster,1.5,228,0,0,0,0,0,0,0,0
podcaster,2.0,228,0,0,0,0,0,0,0,0
podcaster,2.5,228,0,0,0,0,0,0,0,0
poet,1.0,228,0,0,0,0,0,0,0,0
poet,1.5,228,0,0,0,0,0,0,0,0
poet,2.0,228,0,0,0,0,0,0,0,0
poet,2.5,228,0,1,0,0,0,0,0,0
polymath,1.0,228,0,0,0,0,0,0,0,0
polymath,1.5,228,0,0,0,0,0,0,0,0
polymath,2.0,228,0,0,0,0,0,0,0,0
polymath,2.5,228,0,0,0,0,0,0,0,0
pragmatist,1.0,229,229,0,0,229,0,0,0,0
pragmatist,1.5,229,229,0,0,229,0,0,0,0
pragmatist,2.0,229,229,0,0,229,0,0,0,0
pragmatist,2.5,229,229,0,0,229,0,229,0,0
predator,1.0,228,0,0,0,0,0,0,0,0
predator,1.5,228,0,0,0,0,0,0,0,0
predator,2.0,228,0,0,0,0,0,0,0,0
predator,2.5,228,0,0,0,0,0,0,0,0
presenter,1.0,228,0,0,0,0,0,0,0,228
presenter,1.5,228,0,0,0,0,0,0,0,228
presenter,2.0,228,0,0,0,0,0,0,0,228
presenter,2.5,228,0,0,0,0,0,0,0,228
prey,1.0,228,0,0,0,0,0,0,0,0
prey,1.5,228,0,0,0,0,0,0,0,0
prey,2.0,228,0,0,0,0,0,0,0,0
prey,2.5,228,0,0,0,0,0,0,0,0
prisoner,1.0,228,0,0,0,0,0,0,0,0
prisoner,1.5,228,0,0,0,0,0,0,0,0
prisoner,2.0,228,0,0,0,0,0,0,0,0
prisoner,2.5,228,0,0,0,0,0,0,0,0
procrastinator,1.0,228,0,0,0,0,0,0,0,0
procrastinator,1.5,228,0,0,0,0,0,0,0,0
procrastinator,2.0,228,0,0,0,0,0,0,0,0
procrastinator,2.5,228,0,0,0,0,0,0,0,0
prodigy,1.0,228,0,0,0,0,0,0,0,0
prodigy,1.5,228,0,0,0,0,0,0,0,0
prodigy,2.0,228,0,0,0,0,0,0,0,0
prodigy,2.5,228,0,0,0,0,0,0,0,0
producer,1.0,228,0,0,0,0,0,0,0,228
producer,1.5,228,0,0,0,0,0,0,0,228
producer,2.0,228,0,0,0,0,0,0,0,228
producer,2.5,228,0,0,0,0,0,0,0,228
programmer,1.0,228,0,0,0,0,0,0,0,0
programmer,1.5,228,0,0,0,0,0,0,0,0
programmer,2.0,228,0,0,0,0,0,0,0,0
programmer,2.5,228,0,0,0,0,0,0,0,0
proofreader,1.0,228,0,0,0,0,0,0,0,0
proofreader,1.5,228,0,0,0,0,0,0,0,0
proofreader,2.0,228,0,0,0,0,0,0,0,0
proofreader,2.5,228,0,0,0,0,0,0,0,0
prophet,1.0,228,0,0,0,0,0,0,0,0
prophet,1.5,228,0,0,0,0,0,0,0,0
prophet,2.0,228,0,0,0,0,0,0,0,0
prophet,2.5,228,0,0,0,0,0,0,0,0
provincial,1.0,228,0,0,0,0,0,0,0,0
provincial,1.5,228,0,0,0,0,0,0,0,0
provincial,2.0,228,0,0,0,0,0,0,0,0
provincial,2.5,228,0,0,0,0,0,0,0,0
provocateur,1.0,228,0,0,0,0,0,0,0,0
provocateur,1.5,228,0,0,0,0,0,0,0,0
provocateur,2.0,228,0,0,0,0,0,0,0,0
provocateur,2.5,228,0,0,0,0,0,0,0,0
psychologist,1.0,228,0,0,0,0,0,0,0,0
psychologist,1.5,228,0,0,0,0,0,0,0,0
psychologist,2.0,228,0,0,0,0,0,0,0,0
psychologist,2.5,228,0,0,0,0,0,0,0,0
publisher,1.0,228,0,0,0,0,0,0,0,228
publisher,1.5,228,0,0,0,0,0,0,0,228
publisher,2.0,228,0,0,0,0,0,0,0,228
publisher,2.5,228,0,0,0,0,0,0,0,228
purist,1.0,228,0,0,0,0,0,0,0,0
purist,1.5,228,0,0,0,0,0,0,0,0
purist,2.0,228,0,0,0,0,0,0,0,0
purist,2.5,228,0,0,0,0,0,0,0,0
realist,1.0,228,0,0,0,0,0,0,0,0
realist,1.5,228,0,0,0,0,0,0,0,0
realist,2.0,228,0,0,0,0,0,0,0,0
realist,2.5,228,0,0,0,0,0,0,0,0
rebel,1.0,228,0,0,0,0,0,0,0,0
rebel,1.5,228,0,0,0,0,0,0,0,0
rebel,2.0,228,0,0,0,0,0,0,0,0
rebel,2.5,228,0,0,0,0,0,0,0,0
recruiter,1.0,228,0,0,0,0,0,0,0,0
recruiter,1.5,228,0,0,0,0,0,0,0,0
recruiter,2.0,228,0,0,0,0,0,0,0,0
recruiter,2.5,228,0,0,0,0,0,0,0,0
refugee,1.0,228,0,0,0,0,0,0,0,0
refugee,1.5,228,0,0,0,0,0,0,0,0
refugee,2.0,228,0,0,0,0,0,0,0,0
refugee,2.5,228,0,0,0,0,0,0,0,0
reporter,1.0,228,2,0,0,2,0,2,0,226
reporter,1.5,228,2,0,0,2,0,2,0,226
reporter,2.0,228,2,0,0,2,0,2,0,226
reporter,2.5,228,2,0,0,2,0,2,0,226
researcher,1.0,228,0,0,0,0,0,0,0,0
researcher,1.5,228,0,0,0,0,0,0,0,0
researcher,2.0,228,0,0,0,0,0,0,0,0
researcher,2.5,228,0,0,0,0,0,0,0,0
retiree,1.0,228,0,0,0,0,0,0,0,0
retiree,1.5,228,0,0,0,0,0,0,0,0
retiree,2.0,228,0,0,0,0,0,0,0,0
retiree,2.5,228,0,0,0,0,0,0,0,0
revenant,1.0,228,0,0,0,0,0,0,0,0
revenant,1.5,228,0,0,0,0,0,0,0,0
revenant,2.0,228,0,0,0,0,0,0,0,0
revenant,2.5,228,0,0,0,0,0,0,0,0
reviewer,1.0,228,0,0,0,0,0,0,0,0
reviewer,1.5,228,0,0,0,0,0,0,0,0
reviewer,2.0,228,0,0,0,0,0,0,0,0
reviewer,2.5,228,0,0,0,0,0,0,0,0
revolutionary,1.0,228,0,0,0,0,0,0,0,0
revolutionary,1.5,228,0,0,0,0,0,0,0,0
revolutionary,2.0,228,0,0,0,0,0,0,0,0
revolutionary,2.5,228,0,0,0,0,0,0,0,0
robot,1.0,228,0,0,0,0,0,0,0,0
robot,1.5,228,0,1,0,0,0,0,0,0
robot,2.0,228,0,0,0,0,0,0,0,0
robot,2.5,228,0,0,0,0,0,0,0,0
rogue,1.0,228,4,0,0,4,0,4,0,223
rogue,1.5,228,5,0,0,5,0,5,0,223
rogue,2.0,228,5,0,0,5,0,5,0,223
rogue,2.5,228,5,0,0,5,0,5,0,223
romantic,1.0,229,227,0,0,227,0,0,0,0
romantic,1.5,228,227,0,0,227,0,0,0,0
romantic,2.0,228,227,0,0,227,0,0,0,0
romantic,2.5,228,227,0,0,227,0,227,0,0
saboteur,1.0,228,0,0,0,0,0,0,0,228
saboteur,1.5,228,0,0,0,0,0,0,0,228
saboteur,2.0,228,0,0,0,0,0,0,0,228
saboteur,2.5,228,0,0,0,0,0,0,0,228
sage,1.0,228,0,0,0,0,0,0,0,0
sage,1.5,228,0,0,0,0,0,0,0,0
sage,2.0,228,0,0,0,0,0,0,0,0
sage,2.5,228,0,0,0,0,0,0,0,0
scheduler,1.0,228,0,0,0,0,0,0,0,228
scheduler,1.5,228,0,0,0,0,0,0,0,228
scheduler,2.0,228,0,0,0,0,0,0,0,228
scheduler,2.5,228,0,0,0,0,0,0,0,228
scholar,1.0,228,0,0,0,0,0,0,0,0
scholar,1.5,228,0,0,0,0,0,0,0,0
scholar,2.0,228,0,0,0,0,0,0,0,0
scholar,2.5,228,0,0,0,0,0,0,0,0
scientist,1.0,229,131,0,0,131,0,0,0,0
scientist,1.5,229,131,0,0,131,0,0,0,0
scientist,2.0,228,131,0,0,131,0,0,0,0
scientist,2.5,229,132,0,0,132,0,132,0,0
screener,1.0,228,0,0,0,0,0,0,0,228
screener,1.5,228,0,0,0,0,0,0,0,228
screener,2.0,228,0,0,0,0,0,0,0,228
screener,2.5,228,0,0,0,0,0,0,0,228
secretary,1.0,228,1,0,0,1,0,1,0,227
secretary,1.5,228,1,0,0,1,0,1,0,227
secretary,2.0,228,1,0,0,1,0,1,0,227
secretary,2.5,228,2,0,0,2,0,2,0,226
shaman,1.0,228,0,0,0,0,0,0,0,0
shaman,1.5,228,0,0,0,0,0,0,0,0
shaman,2.0,228,0,0,0,0,0,0,0,0
shaman,2.5,228,0,0,0,0,0,0,0,0
shapeshifter,1.0,228,0,1,0,0,0,0,0,0
shapeshifter,1.5,228,0,0,0,0,0,0,0,0
shapeshifter,2.0,228,0,0,0,0,0,0,0,0
shapeshifter,2.5,228,0,1,0,0,0,0,0,0
simulacrum,1.0,228,0,0,0,0,0,0,0,0
simulacrum,1.5,228,0,0,0,0,0,0,0,0
simulacrum,2.0,228,0,0,0,0,0,0,0,0
simulacrum,2.5,228,0,0,0,0,0,0,0,0
skeptic,1.0,228,0,0,0,0,0,0,0,0
skeptic,1.5,228,0,0,0,0,0,0,0,0
skeptic,2.0,228,0,0,0,0,0,0,0,0
skeptic,2.5,228,0,0,0,0,0,0,0,0
smuggler,1.0,228,0,0,0,0,0,0,0,228
smuggler,1.5,228,0,0,0,0,0,0,0,228
smuggler,2.0,228,0,0,0,0,0,0,0,228
smuggler,2.5,228,0,0,0,0,0,0,0,228
sociologist,1.0,228,0,0,0,0,0,0,0,0
sociologist,1.5,228,0,0,0,0,0,0,0,0
sociologist,2.0,228,0,0,0,0,0,0,0,0
sociologist,2.5,228,0,0,0,0,0,0,0,0
soldier,1.0,228,0,0,0,0,0,0,0,0
soldier,1.5,228,0,0,0,0,0,0,0,0
soldier,2.0,228,0,0,0,0,0,0,0,0
soldier,2.5,228,0,0,0,0,0,0,0,0
sommelier,1.0,228,0,0,0,0,0,0,0,0
sommelier,1.5,228,0,0,0,0,0,0,0,0
sommelier,2.0,228,0,0,0,0,0,0,0,0
sommelier,2.5,228,0,0,0,0,0,0,0,0
specialist,1.0,228,0,0,0,0,0,0,0,228
specialist,1.5,228,0,0,0,0,0,0,0,228
specialist,2.0,228,0,0,0,0,0,0,0,228
specialist,2.5,228,0,0,0,0,0,0,0,228
spirit,1.0,228,0,0,0,0,0,0,0,0
spirit,1.5,228,0,0,0,0,0,0,0,0
spirit,2.0,228,0,0,0,0,0,0,0,0
spirit,2.5,228,0,0,0,0,0,0,0,0
spy,1.0,228,0,0,0,0,0,0,0,0
spy,1.5,228,0,0,0,0,0,0,0,0
spy,2.0,228,0,0,0,0,0,0,0,0
spy,2.5,228,0,0,0,0,0,0,0,0
statistician,1.0,228,0,0,0,0,0,0,0,0
statistician,1.5,228,0,0,0,0,1,0,0,0
statistician,2.0,228,0,0,0,0,2,0,0,0
statistician,2.5,228,0,0,0,0,2,0,0,0
stoic,1.0,228,91,0,0,91,0,0,0,0
stoic,1.5,228,91,0,0,91,0,0,0,0
stoic,2.0,228,92,0,0,92,0,0,0,0
stoic,2.5,228,92,0,0,92,0,92,0,0
strategist,1.0,228,0,0,0,0,0,0,0,0
strategist,1.5,228,0,0,0,0,0,0,0,0
strategist,2.0,228,0,0,0,0,0,0,0,0
strategist,2.5,228,0,0,0,0,0,0,0,0
student,1.0,228,0,0,0,0,0,0,0,0
student,1.5,228,0,0,0,0,0,0,0,0
student,2.0,228,0,0,0,0,0,0,0,0
student,2.5,228,0,0,0,0,0,0,0,0
summarizer,1.0,228,0,0,0,0,0,0,0,0
summarizer,1.5,228,0,0,0,0,0,0,0,0
summarizer,2.0,228,0,0,0,0,0,0,0,0
summarizer,2.5,228,0,0,0,0,0,0,0,0
supervisor,1.0,228,33,0,0,33,0,33,0,195
supervisor,1.5,228,33,0,0,33,0,33,0,195
supervisor,2.0,228,33,0,0,33,0,33,0,195
supervisor,2.5,228,33,0,0,33,0,33,0,195
surfer,1.0,228,0,0,0,0,0,0,0,0
surfer,1.5,228,0,0,0,0,0,0,0,0
surfer,2.0,228,0,1,0,0,0,0,0,0
surfer,2.5,228,0,0,0,0,0,0,0,0
survivor,1.0,228,0,0,0,0,0,0,0,0
survivor,1.5,228,0,0,0,0,0,0,0,0
survivor,2.0,228,0,0,0,0,0,0,0,0
survivor,2.5,228,0,0,0,0,0,0,0,0
swarm,1.0,228,0,0,0,0,0,0,0,0
swarm,1.5,228,0,0,0,0,0,0,0,0
swarm,2.0,228,0,0,0,0,0,0,0,0
swarm,2.5,228,0,0,0,0,0,0,0,0
symbiont,1.0,228,0,0,0,0,0,0,0,0
symbiont,1.5,228,0,0,0,0,0,0,0,0
symbiont,2.0,228,0,0,0,0,0,0,0,0
symbiont,2.5,228,0,0,0,0,0,0,0,0
synthesizer,1.0,228,0,0,0,0,0,0,0,0
synthesizer,1.5,228,0,0,0,0,0,0,0,0
synthesizer,2.0,228,0,0,0,0,0,0,0,0
synthesizer,2.5,228,0,0,0,0,0,0,0,0
teacher,1.0,228,0,0,0,0,0,0,0,0
teacher,1.5,228,0,0,0,0,0,0,0,0
teacher,2.0,228,0,0,0,0,0,0,0,0
teacher,2.5,228,0,0,0,0,0,0,0,0
technologist,1.0,228,0,0,0,0,0,0,0,0
technologist,1.5,228,0,0,0,0,0,0,0,0
technologist,2.0,228,0,0,0,0,0,0,0,0
technologist,2.5,228,0,0,0,0,0,0,0,0
teenager,1.0,228,13,0,0,13,0,0,0,0
teenager,1.5,228,13,0,0,13,0,0,0,0
teenager,2.0,228,13,0,0,13,0,13,0,215
teenager,2.5,228,13,0,0,13,0,13,0,215
theorist,1.0,228,0,0,0,0,0,0,0,0
theorist,1.5,228,0,0,0,0,0,0,0,0
theorist,2.0,228,0,0,0,0,0,0,0,0
theorist,2.5,228,0,0,0,0,0,0,0,0
therapist,1.0,228,0,0,0,0,0,0,0,0
therapist,1.5,228,0,0,0,0,0,0,0,0
therapist,2.0,228,0,0,0,0,0,0,0,0
therapist,2.5,228,0,0,0,0,0,0,0,0
toddler,1.0,228,0,0,0,0,0,0,0,0
toddler,1.5,228,0,1,0,0,0,0,0,0
toddler,2.0,228,0,0,0,0,0,0,0,0
toddler,2.5,228,0,0,0,0,0,0,0,0
traditionalist,1.0,228,2,0,0,2,0,2,0,0
traditionalist,1.5,228,2,0,0,2,0,2,0,0
traditionalist,2.0,228,2,0,0,2,0,2,0,0
traditionalist,2.5,228,2,0,0,2,0,2,0,0
trainer,1.0,228,0,1,0,0,0,0,0,0
trainer,1.5,228,0,0,0,0,0,0,0,0
trainer,2.0,228,0,0,0,0,0,0,0,0
trainer,2.5,228,0,0,0,0,0,0,0,0
translator,1.0,228,0,0,0,0,0,0,0,0
translator,1.5,228,0,0,0,0,0,0,0,0
translator,2.0,228,0,0,0,0,0,0,0,0
translator,2.5,228,0,0,0,0,0,0,0,0
tree,1.0,228,25,0,0,25,0,25,0,203
tree,1.5,228,25,0,0,25,0,25,0,203
tree,2.0,228,25,0,0,25,0,25,0,203
tree,2.5,228,26,0,0,26,0,26,0,202
trickster,1.0,228,0,0,0,0,0,0,0,0
trickster,1.5,228,0,0,0,0,0,0,0,0
trickster,2.0,228,0,0,0,0,0,0,0,0
trickster,2.5,228,0,0,0,0,0,0,0,0
tulpa,1.0,228,0,0,0,0,0,0,0,0
tulpa,1.5,228,0,0,0,0,0,0,0,0
tulpa,2.0,228,0,0,0,0,0,0,0,0
tulpa,2.5,228,0,0,0,0,0,0,0,0
tutor,1.0,228,0,0,0,0,0,0,0,0
tutor,1.5,228,0,0,0,0,0,0,0,0
tutor,2.0,228,0,0,0,0,0,0,0,0
tutor,2.5,228,0,0,0,0,0,0,0,0
validator,1.0,228,0,0,0,0,0,0,0,228
validator,1.5,228,0,0,0,0,0,0,0,228
validator,2.0,228,0,0,0,0,0,0,0,228
validator,2.5,228,0,0,0,0,0,0,0,228
vampire,1.0,228,0,0,0,0,0,0,0,0
vampire,1.5,228,0,0,0,0,0,0,0,0
vampire,2.0,228,0,0,0,0,0,0,0,0
vampire,2.5,228,0,0,0,0,0,0,0,0
vegan,1.0,228,0,0,0,0,0,0,0,0
vegan,1.5,228,0,0,0,0,0,0,0,0
vegan,2.0,228,0,0,0,0,0,0,0,0
vegan,2.5,228,0,0,0,0,0,0,0,0
veteran,1.0,228,0,0,0,0,0,0,0,0
veteran,1.5,228,0,0,0,0,0,0,0,0
veteran,2.0,228,0,0,0,0,0,0,0,0
veteran,2.5,228,0,0,0,0,0,0,0,0
veterinarian,1.0,228,0,0,0,0,0,0,0,0
veterinarian,1.5,228,0,0,0,0,0,0,0,0
veterinarian,2.0,228,0,0,0,0,0,0,0,0
veterinarian,2.5,228,0,0,0,0,0,0,0,0
vigilante,1.0,228,0,0,0,0,0,0,0,228
vigilante,1.5,228,0,0,0,0,0,0,0,228
vigilante,2.0,228,0,0,0,0,0,0,0,228
vigilante,2.5,228,0,0,0,0,0,0,0,228
virtuoso,1.0,228,0,0,0,0,0,0,0,0
virtuoso,1.5,228,0,0,0,0,0,0,0,0
virtuoso,2.0,228,0,0,0,0,0,0,0,0
virtuoso,2.5,228,0,0,0,0,0,0,0,0
virus,1.0,228,0,0,0,0,0,0,0,0
virus,1.5,228,0,0,0,0,0,0,0,0
virus,2.0,228,0,0,0,0,0,0,0,0
virus,2.5,228,0,0,0,0,0,0,0,0
visionary,1.0,228,0,0,0,0,0,0,0,0
visionary,1.5,228,0,0,0,0,0,0,0,0
visionary,2.0,228,0,0,0,0,0,0,0,0
visionary,2.5,228,0,0,0,0,0,0,0,0
void,1.0,228,0,0,0,0,0,0,0,0
void,1.5,228,0,0,0,0,0,0,0,0
void,2.0,228,0,0,0,0,0,0,0,0
void,2.5,228,0,0,0,0,0,0,0,0
wanderer,1.0,228,0,0,0,0,0,0,0,0
wanderer,1.5,228,0,0,0,0,0,0,0,0
wanderer,2.0,228,0,0,0,0,0,0,0,0
wanderer,2.5,228,0,0,0,0,0,0,0,0
warrior,1.0,228,0,0,0,0,0,0,0,0
warrior,1.5,228,0,0,0,0,0,0,0,0
warrior,2.0,228,0,0,0,0,0,0,0,0
warrior,2.5,228,0,0,0,0,0,0,0,0
whale,1.0,228,0,0,0,0,0,0,0,0
whale,1.5,228,0,0,0,0,0,0,0,0
whale,2.0,228,0,1,0,0,0,0,0,0
whale,2.5,228,0,0,0,0,0,0,0,0
widow,1.0,228,0,0,0,0,0,0,0,0
widow,1.5,228,0,0,0,0,0,0,0,0
widow,2.0,228,0,0,0,0,0,0,0,0
widow,2.5,228,0,0,0,0,0,0,0,0
wind,1.0,229,220,0,0,220,0,0,0,0
wind,1.5,229,220,0,0,220,0,0,0,0
wind,2.0,229,220,0,0,220,0,0,0,0
wind,2.5,229,220,0,0,220,0,220,0,0
witch,1.0,228,0,0,0,0,0,0,0,0
witch,1.5,228,0,0,0,0,0,0,0,0
witch,2.0,228,0,0,0,0,0,0,0,0
witch,2.5,228,0,0,0,0,0,0,0,0
witness,1.0,228,0,0,0,0,0,0,0,0
witness,1.5,228,0,0,0,0,0,0,0,0
witness,2.0,228,0,0,0,0,0,0,0,0
witness,2.5,228,0,0,0,0,0,0,0,0
workaholic,1.0,228,0,0,0,0,0,0,0,0
workaholic,1.5,228,0,0,0,0,0,0,0,0
workaholic,2.0,228,0,0,0,0,0,0,0,0
workaholic,2.5,228,0,0,0,0,0,0,0,0
wraith,1.0,228,0,0,0,0,0,0,0,0
wraith,1.5,228,0,0,0,0,0,0,0,0
wraith,2.0,228,0,0,0,0,0,0,0,0
wraith,2.5,228,0,0,0,0,0,0,0,0
writer,1.0,228,0,0,0,0,0,0,0,0
writer,1.5,228,0,0,0,0,0,0,0,0
writer,2.0,228,0,0,0,0,0,0,0,0
writer,2.5,228,0,0,0,0,0,0,0,0
zealot,1.0,228,0,0,0,0,0,0,0,0
zealot,1.5,228,0,0,0,0,0,0,0,0
zealot,2.0,228,0,0,0,0,0,0,0,0
zealot,2.5,228,0,0,0,0,0,0,0,0
zeitgeist,1.0,228,0,0,0,0,0,0,0,0
zeitgeist,1.5,228,0,0,0,0,0,0,0,0
zeitgeist,2.0,228,0,0,0,0,0,0,0,0
zeitgeist,2.5,228,0,0,0,0,0,0,0,0
