role,steered_vec_norm,axis_vec_norm
aberration,3.788794994354248,9.898561477661133
absurdist,3.459686279296875,9.17828369140625
accountant,3.4523098468780518,9.734508514404297
activist,3.500443458557129,10.006197929382324
actor,3.4977238178253174,9.554596900939941
addict,4.5024733543396,9.974052429199219
adolescent,3.775885581970215,9.718840599060059
advocate,4.236433029174805,9.873412132263184
alien,4.189554691314697,9.736311912536621
altruist,3.593801975250244,10.071878433227539
amateur,3.1571643352508545,9.699572563171387
ambassador,3.9017210006713867,9.888418197631836
amnesiac,4.1106061935424805,9.668919563293457
analyst,3.5320725440979004,9.385099411010742
anarchist,3.876178026199341,9.986597061157227
ancient,3.9697999954223633,9.776107788085938
angel,4.3454155921936035,9.859015464782715
anthropologist,3.6761772632598877,10.038579940795898
archaeologist,3.410331964492798,9.798602104187012
architect,3.2971901893615723,9.718390464782715
archivist,3.833325147628784,9.96977710723877
artisan,3.7969985008239746,9.866312026977539
ascetic,3.533341646194458,9.917798042297363
assistant,3.498568534851074,9.500707626342773
auctioneer,4.37923526763916,9.280939102172852
auditor,3.5493264198303223,9.81173038482666
avatar,4.169680595397949,9.788220405578613
bard,3.566101312637329,9.237072944641113
bartender,4.524214744567871,9.331327438354492
biologist,3.3239645957946777,9.799144744873047
blogger,3.173158884048462,9.64445686340332
bohemian,3.83817458152771,9.474867820739746
builder,3.746767520904541,9.648876190185547
caregiver,4.5080790519714355,9.9364013671875
cartographer,3.776453733444214,9.650650024414062
caveman,4.436631679534912,9.152538299560547
celebrity,3.796665906906128,9.87605094909668
chameleon,3.6833598613739014,9.677581787109375
chef,4.080557346343994,9.570302963256836
chemist,3.3404603004455566,8.795262336730957
chimera,4.02764368057251,9.654399871826172
coach,4.1718645095825195,9.45862102508545
collaborator,3.591310501098633,9.77478313446045
collector,3.2994987964630127,9.881830215454102
comedian,3.7366127967834473,8.82481575012207
competitor,3.9928643703460693,9.751287460327148
composer,3.44222354888916,9.907720565795898
conservator,3.8020236492156982,9.857365608215332
consultant,3.5762739181518555,9.418915748596191
contrarian,3.4793078899383545,9.715944290161133
coordinator,4.01427698135376,9.73344612121582
coral_reef,3.8589999675750732,9.700037956237793
cosmopolitan,3.577693223953247,9.78635311126709
counselor,3.628220319747925,10.01778507232666
criminal,4.276796340942383,9.746966361999512
critic,3.5288519859313965,9.997689247131348
crystalline,4.569005012512207,9.80678939819336
curator,3.716697931289673,9.655964851379395
cyborg,3.984527111053467,9.741432189941406
cynic,3.8742291927337646,9.643373489379883
daredevil,4.674610137939453,9.346366882324219
debugger,3.9052720069885254,9.49770736694336
default,,9.47342300415039
demon,4.021988391876221,9.373661041259766
designer,3.4023194313049316,9.711075782775879
destroyer,4.357910633087158,9.86396312713623
detective,3.7481091022491455,9.635068893432617
devils_advocate,3.793151617050171,9.746158599853516
dilettante,4.015684604644775,9.687052726745605
dispatcher,4.23142671585083,9.618382453918457
divorcee,3.7866673469543457,10.013127326965332
doctor,3.6273608207702637,9.66346263885498
dreamer,4.30637788772583,9.724540710449219
echo,4.408325672149658,9.74555492401123
economist,3.1092607975006104,9.69275188446045
ecosystem,3.8572025299072266,9.735931396484375
editor,3.631335496902466,9.606050491333008
egregore,4.143143653869629,9.808235168457031
elder,3.6333460807800293,9.674789428710938
eldritch,4.520429611206055,9.71253490447998
emissary,3.759427547454834,10.031131744384766
empath,3.936230421066284,9.860308647155762
engineer,3.751711845397949,9.577150344848633
entrepreneur,3.8077380657196045,9.665560722351074
evaluator,3.5075767040252686,9.501665115356445
evangelist,2.876967430114746,9.52391242980957
examiner,3.8603217601776123,9.600533485412598
exile,3.9358503818511963,9.915051460266113
expatriate,3.743114471435547,9.729415893554688
facilitator,3.937793016433716,9.822978973388672
familiar,4.30359411239624,9.558113098144531
fixer,4.703843116760254,9.657011985778809
flaneur,4.071258068084717,9.529305458068848
fool,3.9294345378875732,9.282465934753418
forecaster,3.41875958442688,9.579907417297363
futurist,3.7859795093536377,9.784520149230957
gamer,3.3793587684631348,9.363801002502441
generalist,3.2495126724243164,9.61984920501709
genie,3.2668685913085938,9.109512329101562
geographer,3.519365072250366,9.76978874206543
ghost,3.9574673175811768,9.562954902648926
golem,3.9678661823272705,9.698674201965332
gossip,4.0262532234191895,9.209081649780273
grader,3.6973049640655518,9.348095893859863
graduate,3.92140793800354,9.869267463684082
grandparent,3.425387144088745,9.714293479919434
guardian,3.8069353103637695,9.898568153381348
guide,3.7749085426330566,9.438037872314453
guru,3.6900768280029297,9.526277542114258
hacker,3.9013328552246094,9.58815860748291
healer,3.826979160308838,9.94591999053955
hedonist,4.246016979217529,9.655354499816895
hermit,4.157900333404541,9.796760559082031
historian,3.1842458248138428,9.771320343017578
hive,3.7302722930908203,9.789254188537598
hoarder,4.110039234161377,9.604599952697754
homunculus,4.011496543884277,9.592902183532715
hybrid,4.033790111541748,9.77565860748291
idealist,3.562786102294922,10.154544830322266
immigrant,3.1879329681396484,10.021551132202148
improviser,3.9684598445892334,9.592719078063965
infant,4.478322505950928,9.090278625488281
influencer,3.4869141578674316,9.44368839263916
instructor,3.8157615661621094,9.288531303405762
interpreter,3.427000045776367,9.721457481384277
interviewer,3.769597291946411,9.792021751403809
jester,4.274447441101074,8.79345417022705
journalist,3.9711813926696777,9.873144149780273
judge,3.2531135082244873,9.845216751098633
lawyer,3.3690011501312256,9.64305591583252
leviathan,3.748227119445801,9.490594863891602
librarian,3.5047881603240967,9.519906044006348
linguist,3.168696880340576,9.81746768951416
loner,3.4319443702697754,9.865477561950684
luddite,3.459296941757202,9.838223457336426
marketer,3.5328164100646973,9.60523796081543
martyr,4.119487285614014,10.141735076904297
mathematician,3.458183526992798,9.49161434173584
maverick,4.30354118347168,9.412861824035645
mechanic,4.283376693725586,9.373583793640137
mediator,3.3031504154205322,9.930496215820312
mentor,3.6254005432128906,9.565174102783203
merchant,4.116021633148193,9.825115203857422
minimalist,3.6313462257385254,9.742000579833984
moderator,3.7308595180511475,9.89384937286377
musician,3.4933059215545654,9.745654106140137
mycorrhizal,4.353971004486084,9.713227272033691
mystic,3.8505654335021973,9.70654582977295
narcissist,4.035037040710449,9.982767105102539
narrator,3.0421981811523438,9.371051788330078
naturalist,3.422142744064331,9.947707176208496
navigator,3.890716075897217,9.641438484191895
negotiator,3.4534287452697754,9.84764289855957
networker,3.8613312244415283,9.87264633178711
newlywed,3.4365315437316895,9.780829429626465
nomad,3.6497743129730225,9.552177429199219
novelist,3.4215173721313477,9.73945426940918
nutritionist,3.568650722503662,9.667766571044922
observer,4.061332702636719,10.0022554397583
optimist,3.3110909461975098,10.016464233398438
oracle,3.9904069900512695,9.565398216247559
organizer,3.9906461238861084,9.526426315307617
orphan,3.9415857791900635,9.951066970825195
pacifist,3.547858715057373,10.154544830322266
paramedic,4.2675676345825195,9.563932418823242
parasite,4.075311183929443,9.741644859313965
parent,3.8244974613189697,9.62170124053955
patient,3.656367301940918,9.802943229675293
peacekeeper,3.5366952419281006,10.03819751739502
perfectionist,3.3818650245666504,9.645078659057617
pharmacist,3.940321445465088,9.532694816589355
philosopher,2.7489874362945557,10.075944900512695
photographer,4.044723987579346,9.755204200744629
physicist,3.1994574069976807,9.627021789550781
pilgrim,3.5691421031951904,9.998147010803223
pilot,3.484482526779175,9.594596862792969
pirate,4.454648017883301,8.918412208557129
planner,3.4406278133392334,9.3920316696167
playwright,3.874875783920288,9.520027160644531
podcaster,3.531001329421997,9.814971923828125
poet,3.451352596282959,9.122260093688965
polymath,3.510280132293701,9.682446479797363
pragmatist,3.8930399417877197,9.564870834350586
predator,4.072451114654541,9.621870040893555
presenter,3.567753791809082,9.451644897460938
prey,4.496997356414795,9.735611915588379
prisoner,3.9960732460021973,9.654203414916992
procrastinator,4.159399032592773,9.449291229248047
prodigy,4.554549217224121,9.531035423278809
producer,3.6857194900512695,9.732999801635742
programmer,3.809183120727539,9.624832153320312
proofreader,3.398391008377075,9.850896835327148
prophet,4.521474838256836,9.87817096710205
provincial,3.773303747177124,9.701201438903809
provocateur,4.274341106414795,9.52234935760498
psychologist,3.210434913635254,9.67868423461914
publisher,3.604231357574463,9.676126480102539
purist,3.7763609886169434,9.925081253051758
realist,4.013901710510254,9.689424514770508
rebel,3.584899425506592,9.523137092590332
recruiter,3.447910785675049,9.722160339355469
refugee,3.4396591186523438,10.033596992492676
reporter,4.312051296234131,9.882594108581543
researcher,3.650308609008789,9.414216041564941
retiree,3.2625069618225098,9.67356014251709
revenant,4.151460647583008,9.609502792358398
reviewer,3.4050726890563965,9.528602600097656
revolutionary,3.8702590465545654,9.994492530822754
robot,4.313784122467041,8.887578964233398
rogue,4.194333076477051,9.340739250183105
romantic,3.153604030609131,9.840203285217285
saboteur,3.782468557357788,9.722771644592285
sage,3.228227376937866,9.944371223449707
scheduler,3.9322524070739746,9.536468505859375
scholar,3.107736825942993,9.731524467468262
scientist,3.6703500747680664,9.496710777282715
scout,4.108814716339111,9.64732551574707
screener,3.4324405193328857,9.75815200805664
secretary,4.091058254241943,9.591256141662598
shaman,4.371306896209717,9.704547882080078
shapeshifter,4.0191192626953125,9.663010597229004
simulacrum,4.262311935424805,9.987798690795898
skeptic,3.3145570755004883,9.724634170532227
smuggler,4.488242149353027,9.597429275512695
sociologist,3.424071788787842,10.023218154907227
soldier,4.204076766967773,9.72530460357666
sommelier,3.763441801071167,9.511944770812988
specialist,3.6209876537323,9.334770202636719
spirit,4.260683536529541,9.776999473571777
spy,3.7809958457946777,9.596540451049805
statistician,3.361395835876465,9.550756454467773
stoic,4.04255485534668,10.027878761291504
strategist,3.9555957317352295,9.51870346069336
student,3.37634539604187,9.868535041809082
summarizer,3.259979248046875,9.59897518157959
supervisor,3.9577109813690186,9.813048362731934
surfer,4.100420951843262,9.333076477050781
survivor,3.224329710006714,9.991286277770996
swarm,4.242008686065674,9.66112232208252
symbiont,4.170369625091553,10.005288124084473
synthesizer,3.4486284255981445,9.592477798461914
teacher,3.85371994972229,9.409280776977539
technologist,3.3567395210266113,9.676284790039062
teenager,3.5002551078796387,9.674099922180176
theorist,3.137796401977539,9.715666770935059
therapist,3.489194631576538,9.85304069519043
toddler,5.114455223083496,9.39126205444336
traditionalist,3.524693012237549,10.283503532409668
trainer,3.47544527053833,9.36543083190918
translator,3.600816249847412,9.928662300109863
tree,3.951277256011963,9.634984970092773
trickster,4.466369152069092,9.050865173339844
tulpa,3.3672943115234375,9.744750022888184
tutor,3.4260590076446533,9.36180305480957
validator,3.7075388431549072,9.542909622192383
vampire,3.5934553146362305,9.40005111694336
vegan,4.028684616088867,9.75748348236084
veteran,3.759943962097168,9.728148460388184
veterinarian,3.633820056915283,9.613468170166016
vigilante,3.914149522781372,9.860875129699707
virtuoso,3.6015031337738037,9.662558555603027
virus,4.080137729644775,9.696757316589355
visionary,3.916212797164917,9.840116500854492
void,4.038331508636475,9.85317325592041
wanderer,3.2949776649475098,9.970635414123535
warrior,3.79044508934021,9.666282653808594
whale,4.385716438293457,9.63300895690918
widow,3.810518741607666,9.931036949157715
wind,4.391869068145752,9.664677619934082
witch,3.64141845703125,9.37134838104248
witness,3.7447047233581543,9.876615524291992
workaholic,3.551105499267578,9.961923599243164
wraith,4.012916564941406,9.491983413696289
writer,3.1934006214141846,9.52609920501709
zealot,3.8729207515716553,9.75464153289795
zeitgeist,3.9006731510162354,9.936999320983887
