seed,split_half_corr,split_half_l2,full_corr_spearmanbrown,full_l2_spearmanbrown
0,0.9222152557275819,0.9809919992968614,0.9595338014092623,0.9904048069301212
1,0.9333859248683547,0.9822148845359384,0.9655453811498182,0.9910276551736088
2,0.935351802215852,0.9815903700054339,0.9665961518158456,0.990709669226685
3,0.9424419119951043,0.981950117386702,0.9703681805620755,0.9908928673557649
4,0.9386659428283649,0.9810652474565392,0.9683627509945558,0.9904421358318355
5,0.9281185936406355,0.9803869992226776,0.9627194060591265,0.9900963797555625
6,0.947988155415147,0.9812784131439496,0.9732997120951341,0.9905507541333666
7,0.9346891416048108,0.980366614080985,0.9662421951978217,0.9900859841913028
8,0.9435619284825741,0.9806856313806726,0.97096152651977,0.9902486450583963
9,0.9487215629075985,0.9823528430372926,0.973686113979315,0.9910978729015422
10,0.9400874689316882,0.9823300106865637,0.9691186443767389,0.9910862524311396
11,0.9444567686348615,0.9809496070604012,0.9714350906324682,0.9903832016363766
12,0.9391069543019014,0.9815593641709291,0.9685973764556888,0.9906938766698082
13,0.9422951726948596,0.9822649143671264,0.9702903924612668,0.9910531203451504
14,0.9384304913382392,0.9804543316652542,0.9682374431598757,0.9901307149464481
15,0.9362287580707268,0.9822632629858807,0.9670642006201708,0.9910522798130242
16,0.933251114028074,0.9789223793001091,0.9654732458253447,0.9893489401502724
17,0.9490766197301364,0.9825340322717481,0.9738730741755476,0.991190079240033
18,0.9478170497004432,0.9842153708500909,0.9732095217527836,0.9920449012835
19,0.9366553159526122,0.9815319356886881,0.9672917098228038,0.9906799057947591
20,0.9363748318127983,0.9802405329741721,0.967142121896081,0.9900216833779527
21,0.9379279415215485,0.9800517771269701,0.9679698831166467,0.989925403414463
22,0.9338576484727417,0.9830324889239072,0.9657977144390674,0.9914436545185902
23,0.9237514208142792,0.9784118559218998,0.9603646404827882,0.9890881446077664
24,0.9465127837458736,0.9810154553178225,0.9725215181216558,0.9904167609438809
25,0.9334832111517274,0.9829722491820916,0.965597431379479,0.9914130160798106
26,0.9368301706401504,0.9820451543459744,0.9673849414794219,0.9909412529706214
27,0.944804654883131,0.9829062216134871,0.9716190801074641,0.9913794317652583
28,0.9452549929446535,0.9815035422168281,0.9718571563862302,0.9906654429885708
29,0.9407788536667075,0.9819313718293603,0.9694858864412058,0.990883322991168
30,0.9408630706834353,0.9815636884216176,0.9695306020245206,0.9906960792196049
31,0.9368380899506739,0.9814216636244041,0.9673891636182482,0.9906237341012956
32,0.9360550269319938,0.9800442554066461,0.9669715105312178,0.9899215663797093
33,0.9369885916316101,0.9818156420944826,0.9674693962367055,0.9908243948027884
34,0.9398471236549494,0.9809936909348894,0.9689909191237123,0.9904056690578651
35,0.9429632529293719,0.9812061115486898,0.9706444540396557,0.9905139155680177
36,0.9395785260808758,0.983139481032521,0.9688481424666975,0.9914980670150844
37,0.940293572314791,0.9814443896480212,0.9692281474632838,0.9906353110645336
38,0.936782659373156,0.9810903276846661,0.9673596103719224,0.9904549166430822
39,0.9427496742164573,0.9804797850720802,0.9705312904985389,0.9901436939295953
40,0.9215545623496495,0.9819745955564916,0.959176055061154,0.9909053302277836
41,0.9319920196469927,0.9799789931221728,0.9647990366101857,0.9898882730840206
42,0.9263211522238893,0.9804989988515393,0.9617515243026584,0.9901534910344468
43,0.941909927884563,0.9837760410306097,0.9700861140461248,0.9918216781361258
44,0.9395505096529924,0.9827729170886188,0.9688332476797303,0.9913116208301471
45,0.9407426997159313,0.9811665652713855,0.9694666890707655,0.9904937651085209
46,0.9344683684810385,0.9825705070407925,0.9661242165616709,0.9912086390384053
47,0.9426341160088008,0.9817388650274294,0.970470052225244,0.9907852970465321
48,0.9423586386307653,0.9816094910117221,0.9703240378873245,0.9907194081014981
49,0.941325077527604,0.9820037686051463,0.969775838600343,0.9909201830592286
50,0.9394881544075888,0.9849144084739957,0.9688000952958157,0.9923998780695021
51,0.9314363619626301,0.9805409294778068,0.9645012181671371,0.9901748707978867
52,0.9567271698845432,0.9819650143320933,0.9778850977379692,0.9909004520576846
53,0.944272490013358,0.9803986642921888,0.9713376029991253,0.9901023283537626
54,0.9428948499799216,0.9799179988528057,0.9706082138100945,0.9898571551150956
55,0.9427837173818648,0.9823579574124395,0.9705493297549141,0.9911004758138694
56,0.9476903872255802,0.9835048603450112,0.9731427473701644,0.9916838420793587
57,0.9354998664715607,0.9802430507143715,0.9666752064178522,0.9900229674945703
58,0.9213364623964636,0.980029358442405,0.959057906231884,0.9899139669457704
59,0.9389163016845357,0.980479413101547,0.9684959591796745,0.9901435042599697
60,0.937742597297193,0.980813978638839,0.9678711698913751,0.9903140721097167
61,0.9395221413313551,0.9808868219875971,0.9688181653718422,0.9903512013910897
62,0.9341874505419573,0.98064653583042,0.9659740582849909,0.9902287137964948
63,0.936388882310409,0.9819207091776974,0.9671496163447844,0.9908778939850708
64,0.9336320012612471,0.9819629889957271,0.9656770271202261,0.9908994208749516
65,0.9305970203278848,0.9811482030854073,0.9640510272514934,0.9904844085438771
66,0.9303891497288512,0.9810986050271615,0.963939472887668,0.9904591346816988
67,0.9527010244481482,0.981960997437736,0.9757776664427065,0.9908984068881352
68,0.9440950596403402,0.9801498081285042,0.9712437207828705,0.98997540903723
69,0.9364336623836702,0.9806438512188363,0.9671735010338117,0.990227345128579
70,0.93605351076276,0.9800944504087208,0.9669707015422077,0.9899471716679119
71,0.9330088134437017,0.981680750129149,0.965343569004762,0.9907557007506598
72,0.9361374830253955,0.9798667851814378,0.9670155050793121,0.989831025516842
73,0.9411076612923277,0.9834300070819516,0.9696604470313287,0.9916457889318583
74,0.9495665480361878,0.9830135706392572,0.974130941047068,0.9914340327205794
75,0.9330056166793529,0.9815514892519694,0.9653418579115488,0.9906898655684214
76,0.9355254588414571,0.9806358717610024,0.9666888694932821,0.9902232770217472
77,0.9387123606429857,0.9815107112019007,0.9683874510725831,0.9906690946995264
78,0.9371654855532354,0.9813169105601594,0.9675636826510877,0.9905703679505978
79,0.9374031178121341,0.9837092883101147,0.9676903161699487,0.9917877524766934
80,0.9390438965648956,0.9820651298826809,0.9685638352266853,0.9909514224094237
81,0.9413887601598377,0.9819868012352896,0.9698096326490854,0.9909115445403149
82,0.9415817236452753,0.9835668421170796,0.9699120177928716,0.9917153495743147
83,0.9443798025666151,0.9824376301879695,0.9713943760576174,0.9911410227769106
84,0.9326077199390745,0.9792412480411887,0.9651288363563766,0.989511762661901
85,0.9262767931809033,0.9802734293618582,0.9617276151173706,0.9900384611813438
86,0.9379690831821551,0.9812963764756871,0.9679917923582197,0.9905599062581527
87,0.9372476736485938,0.9817699340274146,0.9676074839552038,0.990801118909127
88,0.934003765481239,0.9818362369377532,0.9658758500388239,0.9908348819525509
89,0.9419114316238717,0.981406868519934,0.9700869115706512,0.9906161971195978
90,0.9277237576798628,0.9795073692385828,0.9625069504734817,0.9896476107743415
91,0.93324836992465,0.9815181743892429,0.9654717773909456,0.9906728962420677
92,0.94739611064374,0.9816119821110141,0.9729875760412857,0.9907206768757034
93,0.9372463046588101,0.9819436006998243,0.9676067543965493,0.9908895493828381
94,0.939218004664802,0.9810607127318905,0.9686564402821207,0.9904398249148093
95,0.9510011960219532,0.9822579477632782,0.9748853029521694,0.9910495744225714
96,0.9315221050596347,0.9825612165398016,0.964547185475648,0.9912039117305872
97,0.9358437700566856,0.9798328780210693,0.9668587770688563,0.9898137250861858
98,0.9379767905260141,0.9808229976386896,0.9679958966602736,0.9903186693691607
99,0.921905929019117,0.9818830084114772,0.959366340567595,0.9908586977578239
100,0.9341743809254739,0.9803985150240304,0.9659670711577569,0.9901022522349591
101,0.9280652447100153,0.981837197290161,0.9626907048465552,0.9908353709705955
102,0.9431959034458901,0.9791345552612458,0.9707676943671101,0.9894572884479803
103,0.9463632833527108,0.9842488632126498,0.9724425973783798,0.9920619146724127
104,0.942693644769316,0.9797243006248769,0.9705015994750481,0.9897583217174617
105,0.9397279149826014,0.9806844538703475,0.96892755702908,0.9902480447645716
106,0.9412379825981605,0.9829587313621508,0.9697296169101368,0.9914061405472907
107,0.9395399328073514,0.9793433754967236,0.96882762444332,0.9895639004535569
108,0.9306114319532799,0.9817902175685175,0.9640587604018708,0.9908114480180327
109,0.9318704406540028,0.9815589410005581,0.9647338879915088,0.990693661128177
110,0.9382443306346272,0.9823531310640938,0.968138346446161,0.9910980194903853
111,0.9313131485794593,0.9813349270936008,0.9644351557016728,0.9905795468241309
112,0.9368115414636818,0.981554710792243,0.9673750092956562,0.9906915064684829
113,0.9422279289276986,0.9816732864488017,0.9702547418807856,0.9907518995807627
114,0.9265793019655281,0.9790364099390486,0.961890643193578,0.9894071731294741
115,0.9460869660270685,0.9790873923030023,0.9722966984959595,0.9894332065484677
116,0.9347573122107955,0.9799824430066679,0.966278619350634,0.9898900330838617
117,0.9351253077862139,0.9812789400514161,0.9664751982971052,0.9905510225894301
118,0.9440883586392973,0.9797271315268409,0.9712401748036616,0.9897597663080345
119,0.9506675716356712,0.9834389232099906,0.974709976686103,0.9916503217738577
120,0.9330474831148593,0.9811848113338768,0.9653642668015296,0.990503062329932
121,0.9328659408978646,0.9805667392585184,0.9652670898267522,0.9901880303469315
122,0.9335514920964099,0.9812856493251628,0.9656339600081998,0.9905544409100165
123,0.9370122988253807,0.9817628210149282,0.9674820334322011,0.9907974966571771
124,0.9332912380157204,0.9799230478534853,0.9654947166404438,0.989859731079811
125,0.9461044017521113,0.9812251406598816,0.9723059059938586,0.9905236113984173
126,0.9306583531816601,0.9813754930030957,0.9640839371170631,0.9906002133050128
127,0.9323953079056294,0.983262145024539,0.9650150816358367,0.9915604424672494
128,0.9376770307741925,0.9812698055088238,0.9678362450315539,0.9905463685768098
129,0.939657100714087,0.9818720180403706,0.9688899139627836,0.990853101615737
130,0.9387456142438109,0.9811564539983796,0.968405145416625,0.9904886128687159
131,0.947777451858428,0.9812559955136122,0.973188647352014,0.9905393323584474
132,0.937794013407456,0.982043879407764,0.9678985556967639,0.9909406038994448
133,0.9384989515537132,0.9818284154686827,0.9682738809855979,0.9908308991891107
134,0.9362296462394954,0.9810002909874469,0.9670646744386142,0.9904090326997971
135,0.925065456716634,0.9798173442742729,0.961074288138143,0.9898057991136929
136,0.9336384278340856,0.9822856332298214,0.9656804647597702,0.9910636658646838
137,0.9462778145113476,0.9812488712849764,0.9723974732239651,0.9905357025122935
138,0.932879034149651,0.9828061180254007,0.9652740990695892,0.9913285107311844
139,0.9184647184957989,0.9800497541672166,0.9574997232327889,0.9899243714503658
140,0.9359083536102991,0.9787603148250199,0.9668932435411131,0.9892661657827627
141,0.9373891005985471,0.9815544582021277,0.9676828473009838,0.9906913778112321
142,0.9369121047924904,0.9827283098032537,0.9674286225733157,0.9912889274282566
143,0.9381459281279639,0.9792979637863823,0.968085957319127,0.9895407176724343
144,0.9417496634386384,0.9816011667352191,0.9700011089698317,0.9907151683327409
145,0.9353620068863077,0.9804132370560157,0.9666016006908782,0.9901097596312267
146,0.9422672275667067,0.9814720534968351,0.9702755771122075,0.9906494030685583
147,0.9458836389403839,0.9838688642207263,0.9721893128773698,0.991868849766131
148,0.9484059662334323,0.9822821736800004,0.973519874881975,0.9910619050328706
149,0.9441223897567073,0.98253611696711,0.9712581828501623,0.9911911400335011
150,0.9378336038833406,0.9818597561526938,0.9679196418144053,0.9908468579620785
151,0.9381981489589613,0.9820967945326091,0.9681137601569615,0.9909675422932044
152,0.9422437882347687,0.9831831024189666,0.9702631502208465,0.9915202496630184
153,0.9407417734508966,0.9821974628932968,0.9694661972243044,0.9910187872601159
154,0.9407090021626688,0.9836418061348731,0.9694487953777414,0.9917534537664333
155,0.9455827378929151,0.9827924503650831,0.9720303531444675,0.9913215578202608
156,0.9387923572206213,0.9787076839191446,0.9684300164731804,0.9892392816514046
157,0.9371552748291603,0.981105495228664,0.9675582406906529,0.990462645822324
158,0.9338015083684797,0.9807471714653899,0.9657676905592183,0.9902800171511206
159,0.9325045209152572,0.9789367735700149,0.965073572478487,0.9893562913624638
160,0.9546913044234364,0.9815021617719099,0.9768205365859916,0.9906647398196381
161,0.9311936821156453,0.9815663663216433,0.9643710941468199,0.9906974431986476
162,0.9385879411154684,0.9807876934446861,0.9683212416718145,0.9903006735053455
163,0.9409027967314926,0.9816662671328892,0.9695516934861302,0.9907483246946336
164,0.9381620616837192,0.9809485151330453,0.9680945471285507,0.9903826451210545
165,0.9463637556292744,0.9809954421910945,0.9724428467106424,0.9904065615679128
166,0.9466677690683081,0.9821822191664159,0.9726033215430401,0.9910110278150526
167,0.9405239683426598,0.9806053254621191,0.9693505297395854,0.990207703529548
168,0.9220709564481914,0.9818667348976651,0.9594556885164041,0.9908504114918346
169,0.93336235979024,0.9827557679394113,0.9655327725439995,0.9913028965344987
170,0.9412404471151135,0.9805641646871815,0.9697309248979387,0.9901867176740078
171,0.9373282411256043,0.9811901518624351,0.9676504179601579,0.9905057835463786
172,0.9432808275068327,0.9807906949610145,0.9708126732429424,0.9903022035150647
173,0.9398127303968167,0.9815912845806123,0.9689726391315768,0.9907101350502338
174,0.946020893423772,0.9826784825384199,0.9722618052259147,0.9912635772193366
175,0.9480683326072767,0.9825992834605743,0.9733419682854665,0.9912232811317004
176,0.9395532384689909,0.9818228843295398,0.9688346984593609,0.990828082663598
177,0.9271064539608865,0.9801617049185486,0.9621746137120286,0.9899814772540168
178,0.9350287645267882,0.9804253990988026,0.9664236332481081,0.9901159614948865
179,0.9398495646398228,0.9814029380529602,0.9689922164807943,0.9906141948263616
180,0.9421440474451195,0.980883277512746,0.9702102670340083,0.9903493947855132
181,0.9410084551429442,0.9824334813645617,0.9696077857359403,0.9911389114436532
182,0.9389713979349487,0.9797745197368593,0.9685252695681597,0.9897839475851882
183,0.9312580090087651,0.9815038326013925,0.9644055891700782,0.9906655909040938
184,0.9435727829018244,0.9812515643081674,0.9709672734694671,0.9905370746302076
185,0.939502499036783,0.9802915951136415,0.9688077220868434,0.9900477258324032
186,0.933623543537184,0.9817645988146511,0.9656725029622916,0.9907984019917118
187,0.9384192706686176,0.980552419508024,0.9682314707332943,0.9901807292246236
188,0.939269726684245,0.9816769190387438,0.9686839471167369,0.990753749622242
189,0.9365174014193801,0.982791650887438,0.967218162597408,0.9913211511129473
190,0.9384878677097587,0.9802053401140771,0.9682679818043354,0.9900037337113824
191,0.9371920290722517,0.9803792725959638,0.9675778291541763,0.9900924395263355
192,0.9456572406770581,0.982499389035059,0.9720697159875749,0.9911724507650622
193,0.9369988451546869,0.981542065996812,0.9674748619479523,0.9906850657778477
194,0.9434377959155124,0.9809538551378555,0.9708957990817285,0.9903853667198022
195,0.9446334846486968,0.9819303187150018,0.9715285601176896,0.9908827867890362
196,0.937592721141149,0.9811974891032117,0.9677913329370395,0.9905095221449634
197,0.9413536643434565,0.9803442772123984,0.9697910088544442,0.9900745930827393
198,0.9342140183587034,0.9815900178917687,0.9659882613728962,0.9907094898833726
199,0.9436727011583194,0.9823181175142843,0.9710201728881037,0.9910801993234629
