role,alpha,steered_score_mean,norm,norm_centered
aberration,1.0,29.06578947368421,3.788794994354248,1.3890912532806396
aberration,1.5,33.32017543859649,3.788794994354248,1.3890912532806396
aberration,2.0,43.28508771929825,3.788794994354248,1.3890912532806396
aberration,2.5,66.58771929824562,3.788794994354248,1.3890912532806396
absurdist,1.0,29.54385964912281,3.459686279296875,1.8497416973114014
absurdist,1.5,32.771929824561404,3.459686279296875,1.8497416973114014
absurdist,2.0,38.728070175438596,3.459686279296875,1.8497416973114014
absurdist,2.5,50.8640350877193,3.459686279296875,1.8497416973114014
accountant,1.0,59.74561403508772,3.4523098468780518,1.4205889701843262
accountant,1.5,59.79824561403509,3.4523098468780518,1.4205889701843262
accountant,2.0,61.8421052631579,3.4523098468780518,1.4205889701843262
accountant,2.5,61.66228070175438,3.4523098468780518,1.4205889701843262
activist,1.0,53.109170305676855,3.500443458557129,1.2426961660385132
activist,1.5,55.724890829694324,3.500443458557129,1.2426961660385132
activist,2.0,59.73362445414847,3.500443458557129,1.2426961660385132
activist,2.5,62.53947368421053,3.500443458557129,1.2426961660385132
actor,1.0,45.574561403508774,3.4977238178253174,1.3165977001190186
actor,1.5,52.87719298245614,3.4977238178253174,1.3165977001190186
actor,2.0,64.57894736842105,3.4977238178253174,1.3165977001190186
actor,2.5,74.66666666666667,3.4977238178253174,1.3165977001190186
addict,1.0,38.31877729257642,4.5024733543396,1.6993510723114014
addict,1.5,47.7117903930131,4.5024733543396,1.6993510723114014
addict,2.0,63.786026200873366,4.5024733543396,1.6993510723114014
addict,2.5,75.49122807017544,4.5024733543396,1.6993510723114014
adolescent,1.0,38.62882096069869,3.775885581970215,1.419748067855835
adolescent,1.5,51.0174672489083,3.775885581970215,1.419748067855835
adolescent,2.0,65.96069868995633,3.775885581970215,1.419748067855835
adolescent,2.5,79.70614035087719,3.775885581970215,1.419748067855835
advocate,1.0,74.01315789473684,4.236433029174805,1.5560568571090698
advocate,1.5,77.01315789473684,4.236433029174805,1.5560568571090698
advocate,2.0,80.48684210526316,4.236433029174805,1.5560568571090698
advocate,2.5,78.73245614035088,4.236433029174805,1.5560568571090698
alien,1.0,37.50877192982456,4.189554691314697,2.0160815715789795
alien,1.5,42.530701754385966,4.189554691314697,2.0160815715789795
alien,2.0,53.73245614035088,4.189554691314697,2.0160815715789795
alien,2.5,76.19298245614036,4.189554691314697,2.0160815715789795
altruist,1.0,71.27510917030568,3.593801975250244,1.1764825582504272
altruist,1.5,73.02620087336244,3.593801975250244,1.1764825582504272
altruist,2.0,75.24454148471615,3.593801975250244,1.1764825582504272
altruist,2.5,74.3859649122807,3.593801975250244,1.1764825582504272
amateur,1.0,65.50877192982456,3.1571643352508545,1.3560987710952759
amateur,1.5,76.64473684210526,3.1571643352508545,1.3560987710952759
amateur,2.0,84.7719298245614,3.1571643352508545,1.3560987710952759
amateur,2.5,89.09649122807018,3.1571643352508545,1.3560987710952759
ambassador,1.0,69.85087719298245,3.9017210006713867,1.1474395990371704
ambassador,1.5,70.41228070175438,3.9017210006713867,1.1474395990371704
ambassador,2.0,69.12280701754386,3.9017210006713867,1.1474395990371704
ambassador,2.5,64.94736842105263,3.9017210006713867,1.1474395990371704
amnesiac,1.0,39.49561403508772,4.1106061935424805,1.5158131122589111
amnesiac,1.5,46.271929824561404,4.1106061935424805,1.5158131122589111
amnesiac,2.0,63.51315789473684,4.1106061935424805,1.5158131122589111
amnesiac,2.5,79.15350877192982,4.1106061935424805,1.5158131122589111
analyst,1.0,86.3201754385965,3.5320725440979004,1.3815855979919434
analyst,1.5,85.31140350877193,3.5320725440979004,1.3815855979919434
analyst,2.0,84.50877192982456,3.5320725440979004,1.3815855979919434
analyst,2.5,81.89035087719299,3.5320725440979004,1.3815855979919434
anarchist,1.0,30.385964912280702,3.876178026199341,1.506083607673645
anarchist,1.5,36.57017543859649,3.876178026199341,1.506083607673645
anarchist,2.0,45.64912280701754,3.876178026199341,1.506083607673645
anarchist,2.5,57.3421052631579,3.876178026199341,1.506083607673645
ancient,1.0,42.99561403508772,3.9697999954223633,1.4149211645126343
ancient,1.5,44.26315789473684,3.9697999954223633,1.4149211645126343
ancient,2.0,47.98684210526316,3.9697999954223633,1.4149211645126343
ancient,2.5,51.083333333333336,3.9697999954223633,1.4149211645126343
angel,1.0,65.93859649122807,4.3454155921936035,2.1176631450653076
angel,1.5,72.46929824561404,4.3454155921936035,2.1176631450653076
angel,2.0,82.94298245614036,4.3454155921936035,2.1176631450653076
angel,2.5,89.60087719298245,4.3454155921936035,2.1176631450653076
anthropologist,1.0,61.75438596491228,3.6761772632598877,1.3824838399887085
anthropologist,1.5,65.48684210526316,3.6761772632598877,1.3824838399887085
anthropologist,2.0,71.15789473684211,3.6761772632598877,1.3824838399887085
anthropologist,2.5,75.2280701754386,3.6761772632598877,1.3824838399887085
archaeologist,1.0,44.71491228070175,3.410331964492798,1.101248025894165
archaeologist,1.5,48.62719298245614,3.410331964492798,1.101248025894165
archaeologist,2.0,53.14035087719298,3.410331964492798,1.101248025894165
archaeologist,2.5,58.15350877192982,3.410331964492798,1.101248025894165
architect,1.0,54.61572052401747,3.2971901893615723,1.390636920928955
architect,1.5,56.11353711790393,3.2971901893615723,1.390636920928955
architect,2.0,57.39737991266376,3.2971901893615723,1.390636920928955
architect,2.5,58.49561403508772,3.2971901893615723,1.390636920928955
archivist,1.0,59.04824561403509,3.833325147628784,1.8679497241973877
archivist,1.5,62.48684210526316,3.833325147628784,1.8679497241973877
archivist,2.0,71.85526315789474,3.833325147628784,1.8679497241973877
archivist,2.5,78.8640350877193,3.833325147628784,1.8679497241973877
artisan,1.0,56.49781659388646,3.7969985008239746,1.649525761604309
artisan,1.5,64.28384279475982,3.7969985008239746,1.649525761604309
artisan,2.0,74.96943231441048,3.7969985008239746,1.649525761604309
artisan,2.5,81.68859649122807,3.7969985008239746,1.649525761604309
ascetic,1.0,34.10964912280702,3.533341646194458,1.2879873514175415
ascetic,1.5,37.04824561403509,3.533341646194458,1.2879873514175415
ascetic,2.0,38.95614035087719,3.533341646194458,1.2879873514175415
ascetic,2.5,42.00438596491228,3.533341646194458,1.2879873514175415
assistant,1.0,94.70614035087719,3.498568534851074,1.1670026779174805
assistant,1.5,94.29385964912281,3.498568534851074,1.1670026779174805
assistant,2.0,92.82894736842105,3.498568534851074,1.1670026779174805
assistant,2.5,89.46491228070175,3.498568534851074,1.1670026779174805
auctioneer,1.0,36.526315789473685,4.37923526763916,1.7653939723968506
auctioneer,1.5,42.675438596491226,4.37923526763916,1.7653939723968506
auctioneer,2.0,53.67982456140351,4.37923526763916,1.7653939723968506
auctioneer,2.5,68.84210526315789,4.37923526763916,1.7653939723968506
auditor,1.0,62.728070175438596,3.5493264198303223,1.7244998216629028
auditor,1.5,63.64912280701754,3.5493264198303223,1.7244998216629028
auditor,2.0,65.04824561403508,3.5493264198303223,1.7244998216629028
auditor,2.5,67.60526315789474,3.5493264198303223,1.7244998216629028
avatar,1.0,55.44298245614035,4.169680595397949,1.8566640615463257
avatar,1.5,64.89035087719299,4.169680595397949,1.8566640615463257
avatar,2.0,78.53508771929825,4.169680595397949,1.8566640615463257
avatar,2.5,87.10526315789474,4.169680595397949,1.8566640615463257
bard,1.0,47.40350877192982,3.566101312637329,1.094731092453003
bard,1.5,51.79824561403509,3.566101312637329,1.094731092453003
bard,2.0,59.71491228070175,3.566101312637329,1.094731092453003
bard,2.5,68.56140350877193,3.566101312637329,1.094731092453003
bartender,1.0,50.776315789473685,4.524214744567871,1.9933539628982544
bartender,1.5,61.723684210526315,4.524214744567871,1.9933539628982544
bartender,2.0,75.0657894736842,4.524214744567871,1.9933539628982544
bartender,2.5,79.8157894736842,4.524214744567871,1.9933539628982544
biologist,1.0,57.728070175438596,3.3239645957946777,1.2129863500595093
biologist,1.5,57.8640350877193,3.3239645957946777,1.2129863500595093
biologist,2.0,60.42982456140351,3.3239645957946777,1.2129863500595093
biologist,2.5,60.93859649122807,3.3239645957946777,1.2129863500595093
blogger,1.0,74.57456140350877,3.173158884048462,1.1797488927841187
blogger,1.5,79.77631578947368,3.173158884048462,1.1797488927841187
blogger,2.0,84.53508771929825,3.173158884048462,1.1797488927841187
blogger,2.5,86.26754385964912,3.173158884048462,1.1797488927841187
bohemian,1.0,47.478070175438596,3.83817458152771,1.0931885242462158
bohemian,1.5,53.76315789473684,3.83817458152771,1.0931885242462158
bohemian,2.0,63.89912280701754,3.83817458152771,1.0931885242462158
bohemian,2.5,72.89035087719299,3.83817458152771,1.0931885242462158
builder,1.0,67.8201754385965,3.746767520904541,1.5055261850357056
builder,1.5,72.36842105263158,3.746767520904541,1.5055261850357056
builder,2.0,77.77631578947368,3.746767520904541,1.5055261850357056
builder,2.5,82.39035087719299,3.746767520904541,1.5055261850357056
caregiver,1.0,72.646288209607,4.5080790519714355,1.8562661409378052
caregiver,1.5,75.79912663755458,4.5080790519714355,1.8562661409378052
caregiver,2.0,79.34497816593887,4.5080790519714355,1.8562661409378052
caregiver,2.5,72.8640350877193,4.5080790519714355,1.8562661409378052
cartographer,1.0,47.68859649122807,3.776453733444214,1.808886170387268
cartographer,1.5,51.81140350877193,3.776453733444214,1.808886170387268
cartographer,2.0,59.271929824561404,3.776453733444214,1.808886170387268
cartographer,2.5,65.35087719298245,3.776453733444214,1.808886170387268
caveman,1.0,10.482456140350877,4.436631679534912,2.1589443683624268
caveman,1.5,15.057017543859649,4.436631679534912,2.1589443683624268
caveman,2.0,26.407894736842106,4.436631679534912,2.1589443683624268
caveman,2.5,49.219298245614034,4.436631679534912,2.1589443683624268
celebrity,1.0,45.171052631578945,3.796665906906128,1.135824203491211
celebrity,1.5,52.35087719298246,3.796665906906128,1.135824203491211
celebrity,2.0,62.49561403508772,3.796665906906128,1.135824203491211
celebrity,2.5,69.52838427947599,3.796665906906128,1.135824203491211
chameleon,1.0,50.60087719298246,3.6833598613739014,1.1786712408065796
chameleon,1.5,56.75,3.6833598613739014,1.1786712408065796
chameleon,2.0,69.17543859649123,3.6833598613739014,1.1786712408065796
chameleon,2.5,81.69736842105263,3.6833598613739014,1.1786712408065796
chef,1.0,32.467248908296945,4.080557346343994,1.6054327487945557
chef,1.5,35.88209606986899,4.080557346343994,1.6054327487945557
chef,2.0,40.842794759825324,4.080557346343994,1.6054327487945557
chef,2.5,47.314410480349345,4.080557346343994,1.6054327487945557
chemist,1.0,54.3859649122807,3.3404603004455566,1.3926010131835938
chemist,1.5,56.583333333333336,3.3404603004455566,1.3926010131835938
chemist,2.0,58.35964912280702,3.3404603004455566,1.3926010131835938
chemist,2.5,61.31877729257642,3.3404603004455566,1.3926010131835938
chimera,1.0,46.3640350877193,4.02764368057251,1.7811964750289917
chimera,1.5,52.33771929824562,4.02764368057251,1.7811964750289917
chimera,2.0,68.13157894736842,4.02764368057251,1.7811964750289917
chimera,2.5,86.8640350877193,4.02764368057251,1.7811964750289917
coach,1.0,90.68181818181819,4.1718645095825195,1.8232346773147583
coach,1.5,90.18181818181819,4.1718645095825195,1.8232346773147583
coach,2.0,88.49147727272727,4.1718645095825195,1.8232346773147583
coach,2.5,81.15625,4.1718645095825195,1.8232346773147583
collaborator,1.0,89.10526315789474,3.591310501098633,1.1219115257263184
collaborator,1.5,90.23245614035088,3.591310501098633,1.1219115257263184
collaborator,2.0,90.1842105263158,3.591310501098633,1.1219115257263184
collaborator,2.5,88.05263157894737,3.591310501098633,1.1219115257263184
collector,1.0,50.20175438596491,3.2994987964630127,1.1652874946594238
collector,1.5,53.583333333333336,3.2994987964630127,1.1652874946594238
collector,2.0,58.69736842105263,3.2994987964630127,1.1652874946594238
collector,2.5,65.02631578947368,3.2994987964630127,1.1652874946594238
comedian,1.0,37.1578947368421,3.7366127967834473,1.3503758907318115
comedian,1.5,44.51315789473684,3.7366127967834473,1.3503758907318115
comedian,2.0,59.85087719298246,3.7366127967834473,1.3503758907318115
comedian,2.5,74.91228070175438,3.7366127967834473,1.3503758907318115
competitor,1.0,57.728070175438596,3.9928643703460693,1.2569618225097656
competitor,1.5,65.78508771929825,3.9928643703460693,1.2569618225097656
competitor,2.0,75.88157894736842,3.9928643703460693,1.2569618225097656
competitor,2.5,81.0701754385965,3.9928643703460693,1.2569618225097656
composer,1.0,41.8421052631579,3.44222354888916,1.4498950242996216
composer,1.5,45.20175438596491,3.44222354888916,1.4498950242996216
composer,2.0,52.19736842105263,3.44222354888916,1.4498950242996216
composer,2.5,60.10526315789474,3.44222354888916,1.4498950242996216
conservator,1.0,48.13157894736842,3.8020236492156982,1.4503257274627686
conservator,1.5,49.728070175438596,3.8020236492156982,1.4503257274627686
conservator,2.0,48.81140350877193,3.8020236492156982,1.4503257274627686
conservator,2.5,46.30263157894737,3.8020236492156982,1.4503257274627686
consultant,1.0,89.16666666666667,3.5762739181518555,1.5171571969985962
consultant,1.5,87.65789473684211,3.5762739181518555,1.5171571969985962
consultant,2.0,84.85087719298245,3.5762739181518555,1.5171571969985962
consultant,2.5,79.05701754385964,3.5762739181518555,1.5171571969985962
contrarian,1.0,47.23684210526316,3.4793078899383545,1.2553077936172485
contrarian,1.5,52.09649122807018,3.4793078899383545,1.2553077936172485
contrarian,2.0,61.23245614035088,3.4793078899383545,1.2553077936172485
contrarian,2.5,69.8859649122807,3.4793078899383545,1.2553077936172485
coordinator,1.0,82.60526315789474,4.01427698135376,1.2562896013259888
coordinator,1.5,82.64473684210526,4.01427698135376,1.2562896013259888
coordinator,2.0,81.91266375545851,4.01427698135376,1.2562896013259888
coordinator,2.5,75.39301310043668,4.01427698135376,1.2562896013259888
coral_reef,1.0,60.530701754385966,3.8589999675750732,1.875428557395935
coral_reef,1.5,68.85526315789474,3.8589999675750732,1.875428557395935
coral_reef,2.0,79.54385964912281,3.8589999675750732,1.875428557395935
coral_reef,2.5,91.00438596491227,3.8589999675750732,1.875428557395935
cosmopolitan,1.0,79.32894736842105,3.577693223953247,1.0151599645614624
cosmopolitan,1.5,82.08771929824562,3.577693223953247,1.0151599645614624
cosmopolitan,2.0,82.46929824561404,3.577693223953247,1.0151599645614624
cosmopolitan,2.5,80.79824561403508,3.577693223953247,1.0151599645614624
counselor,1.0,78.5,3.628220319747925,1.4827202558517456
counselor,1.5,80.86842105263158,3.628220319747925,1.4827202558517456
counselor,2.0,80.46052631578948,3.628220319747925,1.4827202558517456
counselor,2.5,80.60087719298245,3.628220319747925,1.4827202558517456
criminal,1.0,26.70614035087719,4.276796340942383,1.6724412441253662
criminal,1.5,33.95614035087719,4.276796340942383,1.6724412441253662
criminal,2.0,54.95614035087719,4.276796340942383,1.6724412441253662
criminal,2.5,75.4780701754386,4.276796340942383,1.6724412441253662
critic,1.0,69.73799126637554,3.5288519859313965,0.9894298911094666
critic,1.5,71.23580786026201,3.5288519859313965,0.9894298911094666
critic,2.0,73.3859649122807,3.5288519859313965,0.9894298911094666
critic,2.5,74.88646288209607,3.5288519859313965,0.9894298911094666
crystalline,1.0,69.9780701754386,4.569005012512207,2.3206748962402344
crystalline,1.5,75.80263157894737,4.569005012512207,2.3206748962402344
crystalline,2.0,83.40350877192982,4.569005012512207,2.3206748962402344
crystalline,2.5,90.64473684210526,4.569005012512207,2.3206748962402344
curator,1.0,58.69736842105263,3.716697931289673,1.4519431591033936
curator,1.5,60.99122807017544,3.716697931289673,1.4519431591033936
curator,2.0,62.43421052631579,3.716697931289673,1.4519431591033936
curator,2.5,62.833333333333336,3.716697931289673,1.4519431591033936
cyborg,1.0,50.67982456140351,3.984527111053467,1.5800657272338867
cyborg,1.5,57.75877192982456,3.984527111053467,1.5800657272338867
cyborg,2.0,72.8157894736842,3.984527111053467,1.5800657272338867
cyborg,2.5,87.51315789473684,3.984527111053467,1.5800657272338867
cynic,1.0,38.21052631578947,3.8742291927337646,1.4188352823257446
cynic,1.5,42.65350877192982,3.8742291927337646,1.4188352823257446
cynic,2.0,52.45614035087719,3.8742291927337646,1.4188352823257446
cynic,2.5,67.48684210526316,3.8742291927337646,1.4188352823257446
daredevil,1.0,44.53508771929825,4.674610137939453,1.663652777671814
daredevil,1.5,58.34649122807018,4.674610137939453,1.663652777671814
daredevil,2.0,75.46929824561404,4.674610137939453,1.663652777671814
daredevil,2.5,82.80701754385964,4.674610137939453,1.663652777671814
debugger,1.0,64.36842105263158,3.9052720069885254,1.6231261491775513
debugger,1.5,66.64473684210526,3.9052720069885254,1.6231261491775513
debugger,2.0,71.69736842105263,3.9052720069885254,1.6231261491775513
debugger,2.5,73.36842105263158,3.9052720069885254,1.6231261491775513
demon,1.0,29.32894736842105,4.021988391876221,1.7248883247375488
demon,1.5,31.719298245614034,4.021988391876221,1.7248883247375488
demon,2.0,43.1140350877193,4.021988391876221,1.7248883247375488
demon,2.5,69.76754385964912,4.021988391876221,1.7248883247375488
designer,1.0,64.21929824561404,3.4023194313049316,1.5574346780776978
designer,1.5,66.80701754385964,3.4023194313049316,1.5574346780776978
designer,2.0,70.27631578947368,3.4023194313049316,1.5574346780776978
designer,2.5,74.68859649122807,3.4023194313049316,1.5574346780776978
destroyer,1.0,33.89473684210526,4.357910633087158,1.7236154079437256
destroyer,1.5,38.719298245614034,4.357910633087158,1.7236154079437256
destroyer,2.0,54.96052631578947,4.357910633087158,1.7236154079437256
destroyer,2.5,70.71929824561404,4.357910633087158,1.7236154079437256
detective,1.0,51.62719298245614,3.7481091022491455,1.2358566522598267
detective,1.5,56.30263157894737,3.7481091022491455,1.2358566522598267
detective,2.0,64.37719298245614,3.7481091022491455,1.2358566522598267
detective,2.5,74.64912280701755,3.7481091022491455,1.2358566522598267
devils_advocate,1.0,54.228070175438596,3.793151617050171,1.487269639968872
devils_advocate,1.5,60.54385964912281,3.793151617050171,1.487269639968872
devils_advocate,2.0,70.51315789473684,3.793151617050171,1.487269639968872
devils_advocate,2.5,80.74122807017544,3.793151617050171,1.487269639968872
dilettante,1.0,56.38157894736842,4.015684604644775,1.2609895467758179
dilettante,1.5,67.02631578947368,4.015684604644775,1.2609895467758179
dilettante,2.0,80.48245614035088,4.015684604644775,1.2609895467758179
dilettante,2.5,86.3157894736842,4.015684604644775,1.2609895467758179
dispatcher,1.0,61.71052631578947,4.23142671585083,1.602716088294983
dispatcher,1.5,63.84649122807018,4.23142671585083,1.602716088294983
dispatcher,2.0,65.86842105263158,4.23142671585083,1.602716088294983
dispatcher,2.5,63.01754385964912,4.23142671585083,1.602716088294983
divorcee,1.0,46.5921052631579,3.7866673469543457,1.3145909309387207
divorcee,1.5,51.666666666666664,3.7866673469543457,1.3145909309387207
divorcee,2.0,62.6359649122807,3.7866673469543457,1.3145909309387207
divorcee,2.5,68.08333333333333,3.7866673469543457,1.3145909309387207
doctor,1.0,59.71615720524017,3.6273608207702637,1.37220299243927
doctor,1.5,60.61572052401747,3.6273608207702637,1.37220299243927
doctor,2.0,60.24561403508772,3.6273608207702637,1.37220299243927
doctor,2.5,59.38427947598253,3.6273608207702637,1.37220299243927
dreamer,1.0,52.85964912280702,4.30637788772583,1.9087485074996948
dreamer,1.5,61.80701754385965,4.30637788772583,1.9087485074996948
dreamer,2.0,77.3859649122807,4.30637788772583,1.9087485074996948
dreamer,2.5,88.94736842105263,4.30637788772583,1.9087485074996948
echo,1.0,67.4780701754386,4.408325672149658,2.0655155181884766
echo,1.5,71.85526315789474,4.408325672149658,2.0655155181884766
echo,2.0,82.53508771929825,4.408325672149658,2.0655155181884766
echo,2.5,89.79385964912281,4.408325672149658,2.0655155181884766
economist,1.0,58.96491228070175,3.1092607975006104,1.2969344854354858
economist,1.5,59.76315789473684,3.1092607975006104,1.2969344854354858
economist,2.0,58.46491228070175,3.1092607975006104,1.2969344854354858
economist,2.5,57.92982456140351,3.1092607975006104,1.2969344854354858
ecosystem,1.0,50.324561403508774,3.8572025299072266,1.6352592706680298
ecosystem,1.5,53.75438596491228,3.8572025299072266,1.6352592706680298
ecosystem,2.0,60.33771929824562,3.8572025299072266,1.6352592706680298
ecosystem,2.5,73.77631578947368,3.8572025299072266,1.6352592706680298
editor,1.0,67.1359649122807,3.631335496902466,1.49775230884552
editor,1.5,68.39035087719299,3.631335496902466,1.49775230884552
editor,2.0,67.97368421052632,3.631335496902466,1.49775230884552
editor,2.5,67.00877192982456,3.631335496902466,1.49775230884552
egregore,1.0,32.07017543859649,4.143143653869629,1.787621021270752
egregore,1.5,38.026315789473685,4.143143653869629,1.787621021270752
egregore,2.0,54.276315789473685,4.143143653869629,1.787621021270752
egregore,2.5,79.85087719298245,4.143143653869629,1.787621021270752
elder,1.0,56.3421052631579,3.6333460807800293,1.2258007526397705
elder,1.5,60.33771929824562,3.6333460807800293,1.2258007526397705
elder,2.0,66.12280701754386,3.6333460807800293,1.2258007526397705
elder,2.5,73.37719298245614,3.6333460807800293,1.2258007526397705
eldritch,1.0,25.736842105263158,4.520429611206055,2.1713767051696777
eldritch,1.5,31.907894736842106,4.520429611206055,2.1713767051696777
eldritch,2.0,51.60964912280702,4.520429611206055,2.1713767051696777
eldritch,2.5,81.14473684210526,4.520429611206055,2.1713767051696777
emissary,1.0,74.21052631578948,3.759427547454834,0.9640592336654663
emissary,1.5,75.28070175438596,3.759427547454834,0.9640592336654663
emissary,2.0,78.54824561403508,3.759427547454834,0.9640592336654663
emissary,2.5,79.37280701754386,3.759427547454834,0.9640592336654663
empath,1.0,66.51965065502183,3.936230421066284,1.250806212425232
empath,1.5,70.4934497816594,3.936230421066284,1.250806212425232
empath,2.0,76.75109170305677,3.936230421066284,1.250806212425232
empath,2.5,79.89082969432314,3.936230421066284,1.250806212425232
engineer,1.0,76.46052631578948,3.751711845397949,1.6376632452011108
engineer,1.5,78.49122807017544,3.751711845397949,1.6376632452011108
engineer,2.0,81.1842105263158,3.751711845397949,1.6376632452011108
engineer,2.5,81.80263157894737,3.751711845397949,1.6376632452011108
entrepreneur,1.0,75.87719298245614,3.8077380657196045,1.4720145463943481
entrepreneur,1.5,79.89473684210526,3.8077380657196045,1.4720145463943481
entrepreneur,2.0,82.96929824561404,3.8077380657196045,1.4720145463943481
entrepreneur,2.5,83.4298245614035,3.8077380657196045,1.4720145463943481
evaluator,1.0,88.65350877192982,3.5075767040252686,1.1325567960739136
evaluator,1.5,86.64912280701755,3.5075767040252686,1.1325567960739136
evaluator,2.0,85.08771929824562,3.5075767040252686,1.1325567960739136
evaluator,2.5,79.74561403508773,3.5075767040252686,1.1325567960739136
evangelist,1.0,67.25877192982456,2.876967430114746,1.3728517293930054
evangelist,1.5,70.5219298245614,2.876967430114746,1.3728517293930054
evangelist,2.0,74.33333333333333,2.876967430114746,1.3728517293930054
evangelist,2.5,78.54824561403508,2.876967430114746,1.3728517293930054
examiner,1.0,83.49561403508773,3.8603217601776123,1.371042251586914
examiner,1.5,82.21052631578948,3.8603217601776123,1.371042251586914
examiner,2.0,79.03070175438596,3.8603217601776123,1.371042251586914
examiner,2.5,73.63157894736842,3.8603217601776123,1.371042251586914
exile,1.0,37.08771929824562,3.9358503818511963,1.2396812438964844
exile,1.5,39.8859649122807,3.9358503818511963,1.2396812438964844
exile,2.0,50.31140350877193,3.9358503818511963,1.2396812438964844
exile,2.5,61.530701754385966,3.9358503818511963,1.2396812438964844
expatriate,1.0,60.5,3.743114471435547,1.0803608894348145
expatriate,1.5,67.87719298245614,3.743114471435547,1.0803608894348145
expatriate,2.0,75.23684210526316,3.743114471435547,1.0803608894348145
expatriate,2.5,79.0219298245614,3.743114471435547,1.0803608894348145
facilitator,1.0,87.59649122807018,3.937793016433716,1.4148893356323242
facilitator,1.5,87.00877192982456,3.937793016433716,1.4148893356323242
facilitator,2.0,83.80263157894737,3.937793016433716,1.4148893356323242
facilitator,2.5,77.87280701754386,3.937793016433716,1.4148893356323242
familiar,1.0,66.80701754385964,4.30359411239624,2.0961461067199707
familiar,1.5,73.30263157894737,4.30359411239624,2.0961461067199707
familiar,2.0,83.0219298245614,4.30359411239624,2.0961461067199707
familiar,2.5,88.50877192982456,4.30359411239624,2.0961461067199707
fixer,1.0,56.64473684210526,4.703843116760254,1.9844200611114502
fixer,1.5,70.34649122807018,4.703843116760254,1.9844200611114502
fixer,2.0,82.24122807017544,4.703843116760254,1.9844200611114502
fixer,2.5,86.2280701754386,4.703843116760254,1.9844200611114502
flaneur,1.0,51.16228070175438,4.071258068084717,1.327702283859253
flaneur,1.5,59.30263157894737,4.071258068084717,1.327702283859253
flaneur,2.0,71.39473684210526,4.071258068084717,1.327702283859253
flaneur,2.5,81.75877192982456,4.071258068084717,1.327702283859253
fool,1.0,41.64035087719298,3.9294345378875732,1.3064020872116089
fool,1.5,52.425438596491226,3.9294345378875732,1.3064020872116089
fool,2.0,73.84649122807018,3.9294345378875732,1.3064020872116089
fool,2.5,87.03508771929825,3.9294345378875732,1.3064020872116089
forecaster,1.0,75.58333333333333,3.41875958442688,1.0555390119552612
forecaster,1.5,75.9298245614035,3.41875958442688,1.0555390119552612
forecaster,2.0,76.89035087719299,3.41875958442688,1.0555390119552612
forecaster,2.5,77.76754385964912,3.41875958442688,1.0555390119552612
futurist,1.0,73.65350877192982,3.7859795093536377,1.1978815793991089
futurist,1.5,75.3640350877193,3.7859795093536377,1.1978815793991089
futurist,2.0,77.46491228070175,3.7859795093536377,1.1978815793991089
futurist,2.5,79.06140350877193,3.7859795093536377,1.1978815793991089
gamer,1.0,33.780701754385966,3.3793587684631348,1.2042458057403564
gamer,1.5,34.324561403508774,3.3793587684631348,1.2042458057403564
gamer,2.0,39.28508771929825,3.3793587684631348,1.2042458057403564
gamer,2.5,45.87719298245614,3.3793587684631348,1.2042458057403564
generalist,1.0,92.84210526315789,3.2495126724243164,1.810227870941162
generalist,1.5,92.93859649122807,3.2495126724243164,1.810227870941162
generalist,2.0,93.01754385964912,3.2495126724243164,1.810227870941162
generalist,2.5,92.03508771929825,3.2495126724243164,1.810227870941162
genie,1.0,42.64473684210526,3.2668685913085938,1.7001968622207642
genie,1.5,45.425438596491226,3.2668685913085938,1.7001968622207642
genie,2.0,51.55263157894737,3.2668685913085938,1.7001968622207642
genie,2.5,62.78947368421053,3.2668685913085938,1.7001968622207642
geographer,1.0,54.526315789473685,3.519365072250366,1.2600136995315552
geographer,1.5,55.43859649122807,3.519365072250366,1.2600136995315552
geographer,2.0,58.14473684210526,3.519365072250366,1.2600136995315552
geographer,2.5,62.29824561403509,3.519365072250366,1.2600136995315552
ghost,1.0,31.81578947368421,3.9574673175811768,1.8891229629516602
ghost,1.5,37.8640350877193,3.9574673175811768,1.8891229629516602
ghost,2.0,51.12719298245614,3.9574673175811768,1.8891229629516602
ghost,2.5,75.6842105263158,3.9574673175811768,1.8891229629516602
golem,1.0,35.08771929824562,3.9678661823272705,1.9732075929641724
golem,1.5,37.36842105263158,3.9678661823272705,1.9732075929641724
golem,2.0,43.69298245614035,3.9678661823272705,1.9732075929641724
golem,2.5,58.00877192982456,3.9678661823272705,1.9732075929641724
gossip,1.0,39.219298245614034,4.0262532234191895,1.455543041229248
gossip,1.5,43.64035087719298,4.0262532234191895,1.455543041229248
gossip,2.0,57.21052631578947,4.0262532234191895,1.455543041229248
gossip,2.5,70.61842105263158,4.0262532234191895,1.455543041229248
grader,1.0,87.76315789473684,3.6973049640655518,1.3109424114227295
grader,1.5,87.29824561403508,3.6973049640655518,1.3109424114227295
grader,2.0,83.42543859649123,3.6973049640655518,1.3109424114227295
grader,2.5,79.09649122807018,3.6973049640655518,1.3109424114227295
graduate,1.0,77.99561403508773,3.92140793800354,1.2135125398635864
graduate,1.5,82.36842105263158,3.92140793800354,1.2135125398635864
graduate,2.0,86.14035087719299,3.92140793800354,1.2135125398635864
graduate,2.5,86.4298245614035,3.92140793800354,1.2135125398635864
grandparent,1.0,53.71052631578947,3.425387144088745,1.184988021850586
grandparent,1.5,58.91228070175438,3.425387144088745,1.184988021850586
grandparent,2.0,67.60964912280701,3.425387144088745,1.184988021850586
grandparent,2.5,74.84210526315789,3.425387144088745,1.184988021850586
guardian,1.0,73.1798245614035,3.8069353103637695,1.4964178800582886
guardian,1.5,74.5657894736842,3.8069353103637695,1.4964178800582886
guardian,2.0,78.98684210526316,3.8069353103637695,1.4964178800582886
guardian,2.5,81.41666666666667,3.8069353103637695,1.4964178800582886
guide,1.0,93.19736842105263,3.7749085426330566,1.5119482278823853
guide,1.5,93.65350877192982,3.7749085426330566,1.5119482278823853
guide,2.0,91.16666666666667,3.7749085426330566,1.5119482278823853
guide,2.5,87.41666666666667,3.7749085426330566,1.5119482278823853
guru,1.0,60.91228070175438,3.6900768280029297,1.1559981107711792
guru,1.5,63.59649122807018,3.6900768280029297,1.1559981107711792
guru,2.0,67.71052631578948,3.6900768280029297,1.1559981107711792
guru,2.5,69.84210526315789,3.6900768280029297,1.1559981107711792
hacker,1.0,40.71052631578947,3.9013328552246094,1.3141554594039917
hacker,1.5,47.94298245614035,3.9013328552246094,1.3141554594039917
hacker,2.0,61.21052631578947,3.9013328552246094,1.3141554594039917
hacker,2.5,76.54824561403508,3.9013328552246094,1.3141554594039917
healer,1.0,66.0657894736842,3.826979160308838,1.2334774732589722
healer,1.5,70.20614035087719,3.826979160308838,1.2334774732589722
healer,2.0,75.33771929824562,3.826979160308838,1.2334774732589722
healer,2.5,79.00877192982456,3.826979160308838,1.2334774732589722
hedonist,1.0,33.5589519650655,4.246016979217529,1.4857755899429321
hedonist,1.5,40.301310043668124,4.246016979217529,1.4857755899429321
hedonist,2.0,49.506550218340614,4.246016979217529,1.4857755899429321
hedonist,2.5,57.64192139737991,4.246016979217529,1.4857755899429321
hermit,1.0,37.42982456140351,4.157900333404541,1.5859074592590332
hermit,1.5,41.26754385964912,4.157900333404541,1.5859074592590332
hermit,2.0,48.35964912280702,4.157900333404541,1.5859074592590332
hermit,2.5,58.30701754385965,4.157900333404541,1.5859074592590332
historian,1.0,50.29824561403509,3.1842458248138428,1.2027558088302612
historian,1.5,52.276315789473685,3.1842458248138428,1.2027558088302612
historian,2.0,53.3640350877193,3.1842458248138428,1.2027558088302612
historian,2.5,56.328947368421055,3.1842458248138428,1.2027558088302612
hive,1.0,40.24122807017544,3.7302722930908203,1.8289636373519897
hive,1.5,44.74122807017544,3.7302722930908203,1.8289636373519897
hive,2.0,55.333333333333336,3.7302722930908203,1.8289636373519897
hive,2.5,72.0701754385965,3.7302722930908203,1.8289636373519897
hoarder,1.0,34.64035087719298,4.110039234161377,1.4919263124465942
hoarder,1.5,40.43859649122807,4.110039234161377,1.4919263124465942
hoarder,2.0,54.35526315789474,4.110039234161377,1.4919263124465942
hoarder,2.5,72.26754385964912,4.110039234161377,1.4919263124465942
homunculus,1.0,46.473684210526315,4.011496543884277,1.8327897787094116
homunculus,1.5,55.75438596491228,4.011496543884277,1.8327897787094116
homunculus,2.0,73.78947368421052,4.011496543884277,1.8327897787094116
homunculus,2.5,88.62280701754386,4.011496543884277,1.8327897787094116
hybrid,1.0,84.12719298245614,4.033790111541748,1.2567487955093384
hybrid,1.5,88.07456140350877,4.033790111541748,1.2567487955093384
hybrid,2.0,90.73245614035088,4.033790111541748,1.2567487955093384
hybrid,2.5,91.0701754385965,4.033790111541748,1.2567487955093384
idealist,1.0,69.58333333333333,3.562786102294922,1.126514196395874
idealist,1.5,70.85087719298245,3.562786102294922,1.126514196395874
idealist,2.0,74.56140350877193,3.562786102294922,1.126514196395874
idealist,2.5,74.48245614035088,3.562786102294922,1.126514196395874
immigrant,1.0,49.44736842105263,3.1879329681396484,1.5833566188812256
immigrant,1.5,52.09649122807018,3.1879329681396484,1.5833566188812256
immigrant,2.0,58.56140350877193,3.1879329681396484,1.5833566188812256
immigrant,2.5,65.10087719298245,3.1879329681396484,1.5833566188812256
improviser,1.0,64.64035087719299,3.9684598445892334,1.2202932834625244
improviser,1.5,74.98245614035088,3.9684598445892334,1.2202932834625244
improviser,2.0,85.88157894736842,3.9684598445892334,1.2202932834625244
improviser,2.5,90.95175438596492,3.9684598445892334,1.2202932834625244
infant,1.0,3.7280701754385963,4.478322505950928,2.0212302207946777
infant,1.5,7.2894736842105265,4.478322505950928,2.0212302207946777
infant,2.0,14.359649122807017,4.478322505950928,2.0212302207946777
infant,2.5,22.69736842105263,4.478322505950928,2.0212302207946777
influencer,1.0,66.92543859649123,3.4869141578674316,1.0788427591323853
influencer,1.5,74.85087719298245,3.4869141578674316,1.0788427591323853
influencer,2.0,81.84649122807018,3.4869141578674316,1.0788427591323853
influencer,2.5,84.10087719298245,3.4869141578674316,1.0788427591323853
instructor,1.0,92.82894736842105,3.8157615661621094,1.5593979358673096
instructor,1.5,92.8201754385965,3.8157615661621094,1.5593979358673096
instructor,2.0,89.9298245614035,3.8157615661621094,1.5593979358673096
instructor,2.5,84.41228070175438,3.8157615661621094,1.5593979358673096
interpreter,1.0,65.37719298245614,3.427000045776367,1.1340183019638062
interpreter,1.5,67.48245614035088,3.427000045776367,1.1340183019638062
interpreter,2.0,69.7280701754386,3.427000045776367,1.1340183019638062
interpreter,2.5,69.71052631578948,3.427000045776367,1.1340183019638062
interviewer,1.0,79.76315789473684,3.769597291946411,1.6610596179962158
interviewer,1.5,80.4342105263158,3.769597291946411,1.6610596179962158
interviewer,2.0,80.95175438596492,3.769597291946411,1.6610596179962158
interviewer,2.5,77.91228070175438,3.769597291946411,1.6610596179962158
jester,1.0,38.0,4.274447441101074,1.7035739421844482
jester,1.5,45.78508771929825,4.274447441101074,1.7035739421844482
jester,2.0,59.71052631578947,4.274447441101074,1.7035739421844482
jester,2.5,72.97368421052632,4.274447441101074,1.7035739421844482
journalist,1.0,74.85399449035813,3.9711813926696777,1.5609115362167358
journalist,1.5,79.5068870523416,3.9711813926696777,1.5609115362167358
journalist,2.0,82.94765840220386,3.9711813926696777,1.5609115362167358
journalist,2.5,84.5524861878453,3.9711813926696777,1.5609115362167358
judge,1.0,62.30701754385965,3.2531135082244873,1.4777299165725708
judge,1.5,63.478070175438596,3.2531135082244873,1.4777299165725708
judge,2.0,62.12280701754386,3.2531135082244873,1.4777299165725708
judge,2.5,60.89912280701754,3.2531135082244873,1.4777299165725708
lawyer,1.0,60.99126637554585,3.3690011501312256,1.5355384349822998
lawyer,1.5,61.53711790393013,3.3690011501312256,1.5355384349822998
lawyer,2.0,62.056768558951966,3.3690011501312256,1.5355384349822998
lawyer,2.5,63.25764192139738,3.3690011501312256,1.5355384349822998
leviathan,1.0,35.68421052631579,3.748227119445801,2.079101800918579
leviathan,1.5,39.916666666666664,3.748227119445801,2.079101800918579
leviathan,2.0,51.49122807017544,3.748227119445801,2.079101800918579
leviathan,2.5,75.50438596491227,3.748227119445801,2.079101800918579
librarian,1.0,71.85964912280701,3.5047881603240967,1.462339162826538
librarian,1.5,71.89035087719299,3.5047881603240967,1.462339162826538
librarian,2.0,70.90789473684211,3.5047881603240967,1.462339162826538
librarian,2.5,67.48245614035088,3.5047881603240967,1.462339162826538
linguist,1.0,47.14473684210526,3.168696880340576,1.3972160816192627
linguist,1.5,47.56140350877193,3.168696880340576,1.3972160816192627
linguist,2.0,49.771929824561404,3.168696880340576,1.3972160816192627
linguist,2.5,54.78508771929825,3.168696880340576,1.3972160816192627
loner,1.0,41.14912280701754,3.4319443702697754,1.3084402084350586
loner,1.5,45.521929824561404,3.4319443702697754,1.3084402084350586
loner,2.0,50.925438596491226,3.4319443702697754,1.3084402084350586
loner,2.5,62.219298245614034,3.4319443702697754,1.3084402084350586
luddite,1.0,32.15350877192982,3.459296941757202,1.2409666776657104
luddite,1.5,36.32017543859649,3.459296941757202,1.2409666776657104
luddite,2.0,41.61842105263158,3.459296941757202,1.2409666776657104
luddite,2.5,50.17982456140351,3.459296941757202,1.2409666776657104
marketer,1.0,64.55701754385964,3.5328164100646973,1.3208953142166138
marketer,1.5,65.07456140350877,3.5328164100646973,1.3208953142166138
marketer,2.0,66.05263157894737,3.5328164100646973,1.3208953142166138
marketer,2.5,66.76315789473684,3.5328164100646973,1.3208953142166138
martyr,1.0,35.25877192982456,4.119487285614014,1.6742051839828491
martyr,1.5,40.76754385964912,4.119487285614014,1.6742051839828491
martyr,2.0,49.86842105263158,4.119487285614014,1.6742051839828491
martyr,2.5,63.08771929824562,4.119487285614014,1.6742051839828491
mathematician,1.0,61.51754385964912,3.458183526992798,1.5916998386383057
mathematician,1.5,64.76754385964912,3.458183526992798,1.5916998386383057
mathematician,2.0,67.76315789473684,3.458183526992798,1.5916998386383057
mathematician,2.5,71.00438596491227,3.458183526992798,1.5916998386383057
maverick,1.0,57.50877192982456,4.30354118347168,1.6409722566604614
maverick,1.5,71.73245614035088,4.30354118347168,1.6409722566604614
maverick,2.0,85.37719298245614,4.30354118347168,1.6409722566604614
maverick,2.5,89.8640350877193,4.30354118347168,1.6409722566604614
mechanic,1.0,38.921052631578945,4.283376693725586,1.7221835851669312
mechanic,1.5,46.75438596491228,4.283376693725586,1.7221835851669312
mechanic,2.0,60.23684210526316,4.283376693725586,1.7221835851669312
mechanic,2.5,66.92105263157895,4.283376693725586,1.7221835851669312
mediator,1.0,82.31140350877193,3.3031504154205322,1.1927447319030762
mediator,1.5,83.23245614035088,3.3031504154205322,1.1927447319030762
mediator,2.0,83.40789473684211,3.3031504154205322,1.1927447319030762
mediator,2.5,81.67105263157895,3.3031504154205322,1.1927447319030762
mentor,1.0,89.60087719298245,3.6254005432128906,1.1926045417785645
mentor,1.5,89.38157894736842,3.6254005432128906,1.1926045417785645
mentor,2.0,88.71929824561404,3.6254005432128906,1.1926045417785645
mentor,2.5,85.1359649122807,3.6254005432128906,1.1926045417785645
merchant,1.0,50.723684210526315,4.116021633148193,1.3339817523956299
merchant,1.5,56.63157894736842,4.116021633148193,1.3339817523956299
merchant,2.0,66.5701754385965,4.116021633148193,1.3339817523956299
merchant,2.5,77.40789473684211,4.116021633148193,1.3339817523956299
minimalist,1.0,33.46052631578947,3.6313462257385254,1.335772156715393
minimalist,1.5,34.9078947368421,3.6313462257385254,1.335772156715393
minimalist,2.0,40.01315789473684,3.6313462257385254,1.335772156715393
minimalist,2.5,41.969298245614034,3.6313462257385254,1.335772156715393
moderator,1.0,80.48333333333333,3.7308595180511475,1.3679534196853638
moderator,1.5,76.375,3.7308595180511475,1.3679534196853638
moderator,2.0,69.77777777777777,3.7308595180511475,1.3679534196853638
moderator,2.5,57.5,3.7308595180511475,1.3679534196853638
musician,1.0,39.01315789473684,3.4933059215545654,1.330812931060791
musician,1.5,43.421052631578945,3.4933059215545654,1.330812931060791
musician,2.0,51.833333333333336,3.4933059215545654,1.330812931060791
musician,2.5,59.42982456140351,3.4933059215545654,1.330812931060791
mycorrhizal,1.0,58.81578947368421,4.353971004486084,1.955032229423523
mycorrhizal,1.5,65.75877192982456,4.353971004486084,1.955032229423523
mycorrhizal,2.0,79.0701754385965,4.353971004486084,1.955032229423523
mycorrhizal,2.5,89.44298245614036,4.353971004486084,1.955032229423523
mystic,1.0,39.328947368421055,3.8505654335021973,1.9145104885101318
mystic,1.5,43.64473684210526,3.8505654335021973,1.9145104885101318
mystic,2.0,55.84649122807018,3.8505654335021973,1.9145104885101318
mystic,2.5,74.91666666666667,3.8505654335021973,1.9145104885101318
narcissist,1.0,31.359649122807017,4.035037040710449,1.6958537101745605
narcissist,1.5,36.11842105263158,4.035037040710449,1.6958537101745605
narcissist,2.0,46.26754385964912,4.035037040710449,1.6958537101745605
narcissist,2.5,59.969298245614034,4.035037040710449,1.6958537101745605
narrator,1.0,84.15350877192982,3.0421981811523438,1.371768832206726
narrator,1.5,84.77631578947368,3.0421981811523438,1.371768832206726
narrator,2.0,85.1798245614035,3.0421981811523438,1.371768832206726
narrator,2.5,83.99561403508773,3.0421981811523438,1.371768832206726
naturalist,1.0,41.19298245614035,3.422142744064331,1.314910888671875
naturalist,1.5,42.73245614035088,3.422142744064331,1.314910888671875
naturalist,2.0,46.14473684210526,3.422142744064331,1.314910888671875
naturalist,2.5,48.078947368421055,3.422142744064331,1.314910888671875
navigator,1.0,72.6842105263158,3.890716075897217,1.3169174194335938
navigator,1.5,75.89912280701755,3.890716075897217,1.3169174194335938
navigator,2.0,78.87280701754386,3.890716075897217,1.3169174194335938
navigator,2.5,81.29385964912281,3.890716075897217,1.3169174194335938
negotiator,1.0,81.98245614035088,3.4534287452697754,1.122326374053955
negotiator,1.5,81.09210526315789,3.4534287452697754,1.122326374053955
negotiator,2.0,80.96052631578948,3.4534287452697754,1.122326374053955
negotiator,2.5,79.01315789473684,3.4534287452697754,1.122326374053955
networker,1.0,71.90789473684211,3.8613312244415283,1.2393511533737183
networker,1.5,76.17105263157895,3.8613312244415283,1.2393511533737183
networker,2.0,81.41666666666667,3.8613312244415283,1.2393511533737183
networker,2.5,79.9780701754386,3.8613312244415283,1.2393511533737183
newlywed,1.0,42.06578947368421,3.4365315437316895,1.2804429531097412
newlywed,1.5,47.57017543859649,3.4365315437316895,1.2804429531097412
newlywed,2.0,53.28947368421053,3.4365315437316895,1.2804429531097412
newlywed,2.5,57.54824561403509,3.4365315437316895,1.2804429531097412
nomad,1.0,46.96052631578947,3.6497743129730225,1.3257150650024414
nomad,1.5,52.026315789473685,3.6497743129730225,1.3257150650024414
nomad,2.0,60.10087719298246,3.6497743129730225,1.3257150650024414
nomad,2.5,69.47368421052632,3.6497743129730225,1.3257150650024414
novelist,1.0,50.78947368421053,3.4215173721313477,0.9679893851280212
novelist,1.5,57.83771929824562,3.4215173721313477,0.9679893851280212
novelist,2.0,65.33771929824562,3.4215173721313477,0.9679893851280212
novelist,2.5,73.0,3.4215173721313477,0.9679893851280212
nutritionist,1.0,42.18859649122807,3.568650722503662,1.9724892377853394
nutritionist,1.5,42.48684210526316,3.568650722503662,1.9724892377853394
nutritionist,2.0,41.87280701754386,3.568650722503662,1.9724892377853394
nutritionist,2.5,39.06140350877193,3.568650722503662,1.9724892377853394
observer,1.0,80.60964912280701,4.061332702636719,1.1854596138000488
observer,1.5,84.01754385964912,4.061332702636719,1.1854596138000488
observer,2.0,88.47368421052632,4.061332702636719,1.1854596138000488
observer,2.5,90.03508771929825,4.061332702636719,1.1854596138000488
optimist,1.0,77.54585152838428,3.3110909461975098,1.305783748626709
optimist,1.5,79.21834061135371,3.3110909461975098,1.305783748626709
optimist,2.0,83.14410480349345,3.3110909461975098,1.305783748626709
optimist,2.5,82.87336244541484,3.3110909461975098,1.305783748626709
oracle,1.0,45.828947368421055,3.9904069900512695,1.782658338546753
oracle,1.5,49.33771929824562,3.9904069900512695,1.782658338546753
oracle,2.0,59.85087719298246,3.9904069900512695,1.782658338546753
oracle,2.5,76.04385964912281,3.9904069900512695,1.782658338546753
organizer,1.0,78.90789473684211,3.9906461238861084,1.32451593875885
organizer,1.5,79.4298245614035,3.9906461238861084,1.32451593875885
organizer,2.0,80.24122807017544,3.9906461238861084,1.32451593875885
organizer,2.5,74.78508771929825,3.9906461238861084,1.32451593875885
orphan,1.0,45.175438596491226,3.9415857791900635,1.332998275756836
orphan,1.5,53.50877192982456,3.9415857791900635,1.332998275756836
orphan,2.0,62.333333333333336,3.9415857791900635,1.332998275756836
orphan,2.5,72.49561403508773,3.9415857791900635,1.332998275756836
pacifist,1.0,69.29824561403508,3.547858715057373,1.1802794933319092
pacifist,1.5,70.84210526315789,3.547858715057373,1.1802794933319092
pacifist,2.0,71.0,3.547858715057373,1.1802794933319092
pacifist,2.5,72.85526315789474,3.547858715057373,1.1802794933319092
paramedic,1.0,48.89035087719298,4.2675676345825195,1.6627084016799927
paramedic,1.5,55.30701754385965,4.2675676345825195,1.6627084016799927
paramedic,2.0,60.473684210526315,4.2675676345825195,1.6627084016799927
paramedic,2.5,66.00438596491227,4.2675676345825195,1.6627084016799927
parasite,1.0,23.013157894736842,4.075311183929443,1.8225719928741455
parasite,1.5,27.37719298245614,4.075311183929443,1.8225719928741455
parasite,2.0,40.18421052631579,4.075311183929443,1.8225719928741455
parasite,2.5,61.44298245614035,4.075311183929443,1.8225719928741455
parent,1.0,55.3859649122807,3.8244974613189697,1.1745034456253052
parent,1.5,63.08771929824562,3.8244974613189697,1.1745034456253052
parent,2.0,68.6798245614035,3.8244974613189697,1.1745034456253052
parent,2.5,68.99561403508773,3.8244974613189697,1.1745034456253052
patient,1.0,63.79824561403509,3.656367301940918,1.1844497919082642
patient,1.5,67.54385964912281,3.656367301940918,1.1844497919082642
patient,2.0,71.92105263157895,3.656367301940918,1.1844497919082642
patient,2.5,75.20614035087719,3.656367301940918,1.1844497919082642
peacekeeper,1.0,84.78508771929825,3.5366952419281006,1.112808108329773
peacekeeper,1.5,85.03508771929825,3.5366952419281006,1.112808108329773
peacekeeper,2.0,84.53070175438596,3.5366952419281006,1.112808108329773
peacekeeper,2.5,84.30701754385964,3.5366952419281006,1.112808108329773
perfectionist,1.0,75.19298245614036,3.3818650245666504,1.2201428413391113
perfectionist,1.5,78.60526315789474,3.3818650245666504,1.2201428413391113
perfectionist,2.0,80.1359649122807,3.3818650245666504,1.2201428413391113
perfectionist,2.5,81.65350877192982,3.3818650245666504,1.2201428413391113
pharmacist,1.0,58.29824561403509,3.940321445465088,1.4689836502075195
pharmacist,1.5,57.68421052631579,3.940321445465088,1.4689836502075195
pharmacist,2.0,56.63157894736842,3.940321445465088,1.4689836502075195
pharmacist,2.5,52.16228070175438,3.940321445465088,1.4689836502075195
philosopher,1.0,64.21834061135371,2.7489874362945557,1.4386258125305176
philosopher,1.5,67.1004366812227,2.7489874362945557,1.4386258125305176
philosopher,2.0,68.38427947598254,2.7489874362945557,1.4386258125305176
philosopher,2.5,69.04366812227074,2.7489874362945557,1.4386258125305176
photographer,1.0,37.95614035087719,4.044723987579346,1.5180283784866333
photographer,1.5,43.68859649122807,4.044723987579346,1.5180283784866333
photographer,2.0,46.25,4.044723987579346,1.5180283784866333
photographer,2.5,49.0921052631579,4.044723987579346,1.5180283784866333
physicist,1.0,58.09649122807018,3.1994574069976807,1.4605655670166016
physicist,1.5,60.07017543859649,3.1994574069976807,1.4605655670166016
physicist,2.0,63.21491228070175,3.1994574069976807,1.4605655670166016
physicist,2.5,66.84210526315789,3.1994574069976807,1.4605655670166016
pilgrim,1.0,34.36842105263158,3.5691421031951904,1.4474542140960693
pilgrim,1.5,37.3421052631579,3.5691421031951904,1.4474542140960693
pilgrim,2.0,42.00438596491228,3.5691421031951904,1.4474542140960693
pilgrim,2.5,48.37280701754386,3.5691421031951904,1.4474542140960693
pilot,1.0,50.26315789473684,3.484482526779175,1.5609155893325806
pilot,1.5,54.07017543859649,3.484482526779175,1.5609155893325806
pilot,2.0,59.46491228070175,3.484482526779175,1.5609155893325806
pilot,2.5,64.80701754385964,3.484482526779175,1.5609155893325806
pirate,1.0,18.19298245614035,4.454648017883301,1.7709616422653198
pirate,1.5,24.837719298245613,4.454648017883301,1.7709616422653198
pirate,2.0,36.43859649122807,4.454648017883301,1.7709616422653198
pirate,2.5,55.44736842105263,4.454648017883301,1.7709616422653198
planner,1.0,84.12719298245614,3.4406278133392334,1.244073510169983
planner,1.5,82.93859649122807,3.4406278133392334,1.244073510169983
planner,2.0,82.71052631578948,3.4406278133392334,1.244073510169983
planner,2.5,78.4780701754386,3.4406278133392334,1.244073510169983
playwright,1.0,51.37280701754386,3.874875783920288,1.376793384552002
playwright,1.5,57.328947368421055,3.874875783920288,1.376793384552002
playwright,2.0,71.29824561403508,3.874875783920288,1.376793384552002
playwright,2.5,84.03508771929825,3.874875783920288,1.376793384552002
podcaster,1.0,70.58771929824562,3.531001329421997,1.1806591749191284
podcaster,1.5,74.54824561403508,3.531001329421997,1.1806591749191284
podcaster,2.0,80.50877192982456,3.531001329421997,1.1806591749191284
podcaster,2.5,83.3201754385965,3.531001329421997,1.1806591749191284
poet,1.0,38.55263157894737,3.451352596282959,1.3531278371810913
poet,1.5,43.6359649122807,3.451352596282959,1.3531278371810913
poet,2.0,51.94298245614035,3.451352596282959,1.3531278371810913
poet,2.5,65.02631578947368,3.451352596282959,1.3531278371810913
polymath,1.0,86.73684210526316,3.510280132293701,1.2457103729248047
polymath,1.5,87.22368421052632,3.510280132293701,1.2457103729248047
polymath,2.0,85.59649122807018,3.510280132293701,1.2457103729248047
polymath,2.5,85.41666666666667,3.510280132293701,1.2457103729248047
pragmatist,1.0,80.46288209606988,3.8930399417877197,1.5269898176193237
pragmatist,1.5,84.03056768558952,3.8930399417877197,1.5269898176193237
pragmatist,2.0,86.29257641921397,3.8930399417877197,1.5269898176193237
pragmatist,2.5,86.62008733624454,3.8930399417877197,1.5269898176193237
predator,1.0,16.767543859649123,4.072451114654541,1.745484471321106
predator,1.5,22.55701754385965,4.072451114654541,1.745484471321106
predator,2.0,37.28947368421053,4.072451114654541,1.745484471321106
predator,2.5,64.19736842105263,4.072451114654541,1.745484471321106
presenter,1.0,82.69298245614036,3.567753791809082,1.1627732515335083
presenter,1.5,86.05701754385964,3.567753791809082,1.1627732515335083
presenter,2.0,88.02631578947368,3.567753791809082,1.1627732515335083
presenter,2.5,86.67543859649123,3.567753791809082,1.1627732515335083
prey,1.0,33.89912280701754,4.496997356414795,1.9849687814712524
prey,1.5,43.95175438596491,4.496997356414795,1.9849687814712524
prey,2.0,65.06140350877193,4.496997356414795,1.9849687814712524
prey,2.5,81.65789473684211,4.496997356414795,1.9849687814712524
prisoner,1.0,33.25,3.9960732460021973,1.4051226377487183
prisoner,1.5,38.66228070175438,3.9960732460021973,1.4051226377487183
prisoner,2.0,49.5921052631579,3.9960732460021973,1.4051226377487183
prisoner,2.5,63.1140350877193,3.9960732460021973,1.4051226377487183
procrastinator,1.0,36.69298245614035,4.159399032592773,1.4044826030731201
procrastinator,1.5,43.26754385964912,4.159399032592773,1.4044826030731201
procrastinator,2.0,58.64473684210526,4.159399032592773,1.4044826030731201
procrastinator,2.5,70.90350877192982,4.159399032592773,1.4044826030731201
prodigy,1.0,73.06140350877193,4.554549217224121,1.937584638595581
prodigy,1.5,78.76754385964912,4.554549217224121,1.937584638595581
prodigy,2.0,84.21052631578948,4.554549217224121,1.937584638595581
prodigy,2.5,82.98245614035088,4.554549217224121,1.937584638595581
producer,1.0,73.34210526315789,3.6857194900512695,1.2142479419708252
producer,1.5,74.99122807017544,3.6857194900512695,1.2142479419708252
producer,2.0,76.96929824561404,3.6857194900512695,1.2142479419708252
producer,2.5,76.45614035087719,3.6857194900512695,1.2142479419708252
programmer,1.0,64.55263157894737,3.809183120727539,1.651993751525879
programmer,1.5,66.89473684210526,3.809183120727539,1.651993751525879
programmer,2.0,69.68859649122807,3.809183120727539,1.651993751525879
programmer,2.5,66.89473684210526,3.809183120727539,1.651993751525879
proofreader,1.0,48.59649122807018,3.398391008377075,1.4592595100402832
proofreader,1.5,48.44298245614035,3.398391008377075,1.4592595100402832
proofreader,2.0,48.81578947368421,3.398391008377075,1.4592595100402832
proofreader,2.5,49.271929824561404,3.398391008377075,1.4592595100402832
prophet,1.0,44.33771929824562,4.521474838256836,2.031510829925537
prophet,1.5,52.60526315789474,4.521474838256836,2.031510829925537
prophet,2.0,71.34210526315789,4.521474838256836,2.031510829925537
prophet,2.5,84.26754385964912,4.521474838256836,2.031510829925537
provincial,1.0,45.43859649122807,3.773303747177124,1.2471697330474854
provincial,1.5,53.41228070175438,3.773303747177124,1.2471697330474854
provincial,2.0,67.02631578947368,3.773303747177124,1.2471697330474854
provincial,2.5,79.50877192982456,3.773303747177124,1.2471697330474854
provocateur,1.0,36.57017543859649,4.274341106414795,1.3688932657241821
provocateur,1.5,42.41228070175438,4.274341106414795,1.3688932657241821
provocateur,2.0,62.61842105263158,4.274341106414795,1.3688932657241821
provocateur,2.5,78.80263157894737,4.274341106414795,1.3688932657241821
psychologist,1.0,70.08333333333333,3.210434913635254,1.555761456489563
psychologist,1.5,69.76754385964912,3.210434913635254,1.555761456489563
psychologist,2.0,69.31140350877193,3.210434913635254,1.555761456489563
psychologist,2.5,68.96491228070175,3.210434913635254,1.555761456489563
publisher,1.0,60.24561403508772,3.604231357574463,1.1418635845184326
publisher,1.5,62.49122807017544,3.604231357574463,1.1418635845184326
publisher,2.0,65.46929824561404,3.604231357574463,1.1418635845184326
publisher,2.5,68.25,3.604231357574463,1.1418635845184326
purist,1.0,68.42543859649123,3.7763609886169434,1.3512579202651978
purist,1.5,70.37719298245614,3.7763609886169434,1.3512579202651978
purist,2.0,72.68859649122807,3.7763609886169434,1.3512579202651978
purist,2.5,77.5219298245614,3.7763609886169434,1.3512579202651978
realist,1.0,84.3157894736842,4.013901710510254,1.4117093086242676
realist,1.5,86.34210526315789,4.013901710510254,1.4117093086242676
realist,2.0,87.65350877192982,4.013901710510254,1.4117093086242676
realist,2.5,86.35964912280701,4.013901710510254,1.4117093086242676
rebel,1.0,35.69298245614035,3.584899425506592,1.0175106525421143
rebel,1.5,40.25877192982456,3.584899425506592,1.0175106525421143
rebel,2.0,51.31140350877193,3.584899425506592,1.0175106525421143
rebel,2.5,63.12280701754386,3.584899425506592,1.0175106525421143
recruiter,1.0,61.75877192982456,3.447910785675049,1.5295644998550415
recruiter,1.5,63.1359649122807,3.447910785675049,1.5295644998550415
recruiter,2.0,66.39035087719299,3.447910785675049,1.5295644998550415
recruiter,2.5,64.76754385964912,3.447910785675049,1.5295644998550415
refugee,1.0,35.21491228070175,3.4396591186523438,1.465518593788147
refugee,1.5,40.824561403508774,3.4396591186523438,1.465518593788147
refugee,2.0,47.10964912280702,3.4396591186523438,1.465518593788147
refugee,2.5,57.15350877192982,3.4396591186523438,1.465518593788147
reporter,1.0,68.4780701754386,4.312051296234131,1.6844216585159302
reporter,1.5,75.23245614035088,4.312051296234131,1.6844216585159302
reporter,2.0,81.96052631578948,4.312051296234131,1.6844216585159302
reporter,2.5,81.13157894736842,4.312051296234131,1.6844216585159302
researcher,1.0,87.1140350877193,3.650308609008789,1.6984381675720215
researcher,1.5,87.4780701754386,3.650308609008789,1.6984381675720215
researcher,2.0,87.06140350877193,3.650308609008789,1.6984381675720215
researcher,2.5,83.8640350877193,3.650308609008789,1.6984381675720215
retiree,1.0,49.51754385964912,3.2625069618225098,1.1101765632629395
retiree,1.5,54.23684210526316,3.2625069618225098,1.1101765632629395
retiree,2.0,60.12719298245614,3.2625069618225098,1.1101765632629395
retiree,2.5,66.71052631578948,3.2625069618225098,1.1101765632629395
revenant,1.0,11.368421052631579,4.151460647583008,2.118403196334839
revenant,1.5,13.596491228070175,4.151460647583008,2.118403196334839
revenant,2.0,17.763157894736842,4.151460647583008,2.118403196334839
revenant,2.5,37.60087719298246,4.151460647583008,2.118403196334839
reviewer,1.0,88.53508771929825,3.4050726890563965,1.3009072542190552
reviewer,1.5,87.24122807017544,3.4050726890563965,1.3009072542190552
reviewer,2.0,84.6842105263158,3.4050726890563965,1.3009072542190552
reviewer,2.5,79.75,3.4050726890563965,1.3009072542190552
revolutionary,1.0,43.23684210526316,3.8702590465545654,1.486956238746643
revolutionary,1.5,49.48684210526316,3.8702590465545654,1.486956238746643
revolutionary,2.0,58.87280701754386,3.8702590465545654,1.486956238746643
revolutionary,2.5,69.69298245614036,3.8702590465545654,1.486956238746643
robot,1.0,87.12719298245614,4.313784122467041,1.8721798658370972
robot,1.5,87.04385964912281,4.313784122467041,1.8721798658370972
robot,2.0,85.84210526315789,4.313784122467041,1.8721798658370972
robot,2.5,77.34210526315789,4.313784122467041,1.8721798658370972
rogue,1.0,30.350877192982455,4.194333076477051,1.681804895401001
rogue,1.5,40.81578947368421,4.194333076477051,1.681804895401001
rogue,2.0,64.82894736842105,4.194333076477051,1.681804895401001
rogue,2.5,82.81140350877193,4.194333076477051,1.681804895401001
romantic,1.0,39.05240174672489,3.153604030609131,1.2883657217025757
romantic,1.5,41.171052631578945,3.153604030609131,1.2883657217025757
romantic,2.0,45.166666666666664,3.153604030609131,1.2883657217025757
romantic,2.5,49.15350877192982,3.153604030609131,1.2883657217025757
saboteur,1.0,24.80263157894737,3.782468557357788,1.6435153484344482
saboteur,1.5,30.464912280701753,3.782468557357788,1.6435153484344482
saboteur,2.0,41.03947368421053,3.782468557357788,1.6435153484344482
saboteur,2.5,60.39035087719298,3.782468557357788,1.6435153484344482
sage,1.0,79.67105263157895,3.228227376937866,1.2283169031143188
sage,1.5,79.75,3.228227376937866,1.2283169031143188
sage,2.0,77.04824561403508,3.228227376937866,1.2283169031143188
sage,2.5,76.1842105263158,3.228227376937866,1.2283169031143188
scheduler,1.0,54.771929824561404,3.9322524070739746,1.3016078472137451
scheduler,1.5,56.43859649122807,3.9322524070739746,1.3016078472137451
scheduler,2.0,56.70614035087719,3.9322524070739746,1.3016078472137451
scheduler,2.5,53.01754385964912,3.9322524070739746,1.3016078472137451
scholar,1.0,89.05701754385964,3.107736825942993,1.1242303848266602
scholar,1.5,88.03947368421052,3.107736825942993,1.1242303848266602
scholar,2.0,87.64912280701755,3.107736825942993,1.1242303848266602
scholar,2.5,86.00877192982456,3.107736825942993,1.1242303848266602
scientist,1.0,81.44978165938865,3.6703500747680664,1.337179183959961
scientist,1.5,80.60698689956332,3.6703500747680664,1.337179183959961
scientist,2.0,79.9780701754386,3.6703500747680664,1.337179183959961
scientist,2.5,77.5589519650655,3.6703500747680664,1.337179183959961
scout,1.0,48.84649122807018,4.108814716339111,1.3679498434066772
scout,1.5,57.578947368421055,4.108814716339111,1.3679498434066772
scout,2.0,73.13157894736842,4.108814716339111,1.3679498434066772
scout,2.5,81.40789473684211,4.108814716339111,1.3679498434066772
screener,1.0,74.80701754385964,3.4324405193328857,1.3777822256088257
screener,1.5,74.84649122807018,3.4324405193328857,1.3777822256088257
screener,2.0,75.3157894736842,3.4324405193328857,1.3777822256088257
screener,2.5,75.74561403508773,3.4324405193328857,1.3777822256088257
secretary,1.0,61.671052631578945,4.091058254241943,1.535016417503357
secretary,1.5,62.60964912280702,4.091058254241943,1.535016417503357
secretary,2.0,59.6578947368421,4.091058254241943,1.535016417503357
secretary,2.5,51.69298245614035,4.091058254241943,1.535016417503357
shaman,1.0,32.12280701754386,4.371306896209717,1.8997572660446167
shaman,1.5,38.85964912280702,4.371306896209717,1.8997572660446167
shaman,2.0,53.578947368421055,4.371306896209717,1.8997572660446167
shaman,2.5,74.09649122807018,4.371306896209717,1.8997572660446167
shapeshifter,1.0,44.98684210526316,4.0191192626953125,1.8486299514770508
shapeshifter,1.5,52.46052631578947,4.0191192626953125,1.8486299514770508
shapeshifter,2.0,66.96491228070175,4.0191192626953125,1.8486299514770508
shapeshifter,2.5,83.74122807017544,4.0191192626953125,1.8486299514770508
simulacrum,1.0,67.8640350877193,4.262311935424805,2.294149160385132
simulacrum,1.5,76.82894736842105,4.262311935424805,2.294149160385132
simulacrum,2.0,86.95614035087719,4.262311935424805,2.294149160385132
simulacrum,2.5,93.4298245614035,4.262311935424805,2.294149160385132
skeptic,1.0,58.328947368421055,3.3145570755004883,1.1903586387634277
skeptic,1.5,62.074561403508774,3.3145570755004883,1.1903586387634277
skeptic,2.0,65.91228070175438,3.3145570755004883,1.1903586387634277
skeptic,2.5,70.79385964912281,3.3145570755004883,1.1903586387634277
smuggler,1.0,28.785087719298247,4.488242149353027,1.7120671272277832
smuggler,1.5,39.219298245614034,4.488242149353027,1.7120671272277832
smuggler,2.0,64.5,4.488242149353027,1.7120671272277832
smuggler,2.5,80.9298245614035,4.488242149353027,1.7120671272277832
sociologist,1.0,73.14912280701755,3.424071788787842,1.2721669673919678
sociologist,1.5,75.33333333333333,3.424071788787842,1.2721669673919678
sociologist,2.0,75.05701754385964,3.424071788787842,1.2721669673919678
sociologist,2.5,76.64035087719299,3.424071788787842,1.2721669673919678
soldier,1.0,44.530701754385966,4.204076766967773,1.4666318893432617
soldier,1.5,54.83771929824562,4.204076766967773,1.4666318893432617
soldier,2.0,69.87719298245614,4.204076766967773,1.4666318893432617
soldier,2.5,77.94736842105263,4.204076766967773,1.4666318893432617
sommelier,1.0,22.982456140350877,3.763441801071167,1.3704978227615356
sommelier,1.5,24.32894736842105,3.763441801071167,1.3704978227615356
sommelier,2.0,27.521929824561404,3.763441801071167,1.3704978227615356
sommelier,2.5,29.657894736842106,3.763441801071167,1.3704978227615356
specialist,1.0,88.61842105263158,3.6209876537323,1.1272809505462646
specialist,1.5,87.91666666666667,3.6209876537323,1.1272809505462646
specialist,2.0,85.3157894736842,3.6209876537323,1.1272809505462646
specialist,2.5,79.65789473684211,3.6209876537323,1.1272809505462646
spirit,1.0,43.54824561403509,4.260683536529541,1.9774250984191895
spirit,1.5,51.31578947368421,4.260683536529541,1.9774250984191895
spirit,2.0,63.81140350877193,4.260683536529541,1.9774250984191895
spirit,2.5,84.26754385964912,4.260683536529541,1.9774250984191895
spy,1.0,32.83771929824562,3.7809958457946777,1.265716791152954
spy,1.5,37.33771929824562,3.7809958457946777,1.265716791152954
spy,2.0,50.10964912280702,3.7809958457946777,1.265716791152954
spy,2.5,69.5657894736842,3.7809958457946777,1.265716791152954
statistician,1.0,60.70614035087719,3.361395835876465,1.6276578903198242
statistician,1.5,61.43859649122807,3.361395835876465,1.6276578903198242
statistician,2.0,62.14473684210526,3.361395835876465,1.6276578903198242
statistician,2.5,63.083333333333336,3.361395835876465,1.6276578903198242
stoic,1.0,48.583333333333336,4.04255485534668,1.9291298389434814
stoic,1.5,53.26754385964912,4.04255485534668,1.9291298389434814
stoic,2.0,60.675438596491226,4.04255485534668,1.9291298389434814
stoic,2.5,66.3201754385965,4.04255485534668,1.9291298389434814
strategist,1.0,82.68859649122807,3.9555957317352295,1.2246326208114624
strategist,1.5,82.62280701754386,3.9555957317352295,1.2246326208114624
strategist,2.0,81.85087719298245,3.9555957317352295,1.2246326208114624
strategist,2.5,77.64473684210526,3.9555957317352295,1.2246326208114624
student,1.0,74.84210526315789,3.37634539604187,1.1160318851470947
student,1.5,77.64473684210526,3.37634539604187,1.1160318851470947
student,2.0,81.15789473684211,3.37634539604187,1.1160318851470947
student,2.5,83.4298245614035,3.37634539604187,1.1160318851470947
summarizer,1.0,80.69298245614036,3.259979248046875,1.283958077430725
summarizer,1.5,80.07456140350877,3.259979248046875,1.283958077430725
summarizer,2.0,74.5,3.259979248046875,1.283958077430725
summarizer,2.5,69.29824561403508,3.259979248046875,1.283958077430725
supervisor,1.0,82.71052631578948,3.9577109813690186,1.2008527517318726
supervisor,1.5,79.49122807017544,3.9577109813690186,1.2008527517318726
supervisor,2.0,73.58771929824562,3.9577109813690186,1.2008527517318726
supervisor,2.5,59.30701754385965,3.9577109813690186,1.2008527517318726
surfer,1.0,33.95175438596491,4.100420951843262,1.6021450757980347
surfer,1.5,38.39473684210526,4.100420951843262,1.6021450757980347
surfer,2.0,49.99122807017544,4.100420951843262,1.6021450757980347
surfer,2.5,56.85526315789474,4.100420951843262,1.6021450757980347
survivor,1.0,43.60087719298246,3.224329710006714,1.3595616817474365
survivor,1.5,47.28508771929825,3.224329710006714,1.3595616817474365
survivor,2.0,55.38157894736842,3.224329710006714,1.3595616817474365
survivor,2.5,66.72368421052632,3.224329710006714,1.3595616817474365
swarm,1.0,65.96052631578948,4.242008686065674,1.952980399131775
swarm,1.5,74.42105263157895,4.242008686065674,1.952980399131775
swarm,2.0,84.03947368421052,4.242008686065674,1.952980399131775
swarm,2.5,88.57894736842105,4.242008686065674,1.952980399131775
symbiont,1.0,51.42982456140351,4.170369625091553,2.053969621658325
symbiont,1.5,62.24561403508772,4.170369625091553,2.053969621658325
symbiont,2.0,78.99122807017544,4.170369625091553,2.053969621658325
symbiont,2.5,91.6842105263158,4.170369625091553,2.053969621658325
synthesizer,1.0,71.66228070175438,3.4486284255981445,1.3012559413909912
synthesizer,1.5,75.68859649122807,3.4486284255981445,1.3012559413909912
synthesizer,2.0,80.83771929824562,3.4486284255981445,1.3012559413909912
synthesizer,2.5,85.93859649122807,3.4486284255981445,1.3012559413909912
teacher,1.0,90.58333333333333,3.85371994972229,1.5227646827697754
teacher,1.5,89.82894736842105,3.85371994972229,1.5227646827697754
teacher,2.0,85.4298245614035,3.85371994972229,1.5227646827697754
teacher,2.5,78.35964912280701,3.85371994972229,1.5227646827697754
technologist,1.0,75.58771929824562,3.3567395210266113,1.235684871673584
technologist,1.5,77.67543859649123,3.3567395210266113,1.235684871673584
technologist,2.0,79.35964912280701,3.3567395210266113,1.235684871673584
technologist,2.5,80.53947368421052,3.3567395210266113,1.235684871673584
teenager,1.0,34.46052631578947,3.5002551078796387,1.3242743015289307
teenager,1.5,41.89912280701754,3.5002551078796387,1.3242743015289307
teenager,2.0,57.6140350877193,3.5002551078796387,1.3242743015289307
teenager,2.5,69.71491228070175,3.5002551078796387,1.3242743015289307
theorist,1.0,85.7280701754386,3.137796401977539,1.3869695663452148
theorist,1.5,86.33333333333333,3.137796401977539,1.3869695663452148
theorist,2.0,86.37719298245614,3.137796401977539,1.3869695663452148
theorist,2.5,85.6359649122807,3.137796401977539,1.3869695663452148
therapist,1.0,69.12719298245614,3.489194631576538,1.3878839015960693
therapist,1.5,69.9780701754386,3.489194631576538,1.3878839015960693
therapist,2.0,71.57894736842105,3.489194631576538,1.3878839015960693
therapist,2.5,72.15350877192982,3.489194631576538,1.3878839015960693
toddler,1.0,3.6184210526315788,5.114455223083496,2.4947052001953125
toddler,1.5,8.074561403508772,5.114455223083496,2.4947052001953125
toddler,2.0,13.105263157894736,5.114455223083496,2.4947052001953125
toddler,2.5,18.56140350877193,5.114455223083496,2.4947052001953125
traditionalist,1.0,51.43859649122807,3.524693012237549,1.1705204248428345
traditionalist,1.5,55.69298245614035,3.524693012237549,1.1705204248428345
traditionalist,2.0,61.85087719298246,3.524693012237549,1.1705204248428345
traditionalist,2.5,69.73684210526316,3.524693012237549,1.1705204248428345
trainer,1.0,86.91228070175438,3.47544527053833,1.2912473678588867
trainer,1.5,87.90350877192982,3.47544527053833,1.2912473678588867
trainer,2.0,87.3201754385965,3.47544527053833,1.2912473678588867
trainer,2.5,85.0219298245614,3.47544527053833,1.2912473678588867
translator,1.0,47.24122807017544,3.600816249847412,1.2681869268417358
translator,1.5,47.05263157894737,3.600816249847412,1.2681869268417358
translator,2.0,49.68421052631579,3.600816249847412,1.2681869268417358
translator,2.5,53.324561403508774,3.600816249847412,1.2681869268417358
tree,1.0,44.33771929824562,3.951277256011963,1.721408486366272
tree,1.5,53.03947368421053,3.951277256011963,1.721408486366272
tree,2.0,70.24561403508773,3.951277256011963,1.721408486366272
tree,2.5,85.48245614035088,3.951277256011963,1.721408486366272
trickster,1.0,33.10087719298246,4.466369152069092,1.7866634130477905
trickster,1.5,45.280701754385966,4.466369152069092,1.7866634130477905
trickster,2.0,68.9342105263158,4.466369152069092,1.7866634130477905
trickster,2.5,85.39473684210526,4.466369152069092,1.7866634130477905
tulpa,1.0,44.73684210526316,3.3672943115234375,1.475090503692627
tulpa,1.5,48.93859649122807,3.3672943115234375,1.475090503692627
tulpa,2.0,57.3859649122807,3.3672943115234375,1.475090503692627
tulpa,2.5,69.0701754385965,3.3672943115234375,1.475090503692627
tutor,1.0,91.91228070175438,3.4260590076446533,1.3493341207504272
tutor,1.5,90.24561403508773,3.4260590076446533,1.3493341207504272
tutor,2.0,89.75,3.4260590076446533,1.3493341207504272
tutor,2.5,84.79824561403508,3.4260590076446533,1.3493341207504272
validator,1.0,80.29824561403508,3.7075388431549072,1.1981849670410156
validator,1.5,78.51754385964912,3.7075388431549072,1.1981849670410156
validator,2.0,76.42543859649123,3.7075388431549072,1.1981849670410156
validator,2.5,71.79824561403508,3.7075388431549072,1.1981849670410156
vampire,1.0,16.096491228070175,3.5934553146362305,1.4913848638534546
vampire,1.5,18.846491228070175,3.5934553146362305,1.4913848638534546
vampire,2.0,20.649122807017545,3.5934553146362305,1.4913848638534546
vampire,2.5,23.74561403508772,3.5934553146362305,1.4913848638534546
vegan,1.0,34.526315789473685,4.028684616088867,1.6819816827774048
vegan,1.5,38.021929824561404,4.028684616088867,1.6819816827774048
vegan,2.0,39.24561403508772,4.028684616088867,1.6819816827774048
vegan,2.5,39.328947368421055,4.028684616088867,1.6819816827774048
veteran,1.0,55.01315789473684,3.759943962097168,1.3163480758666992
veteran,1.5,61.478070175438596,3.759943962097168,1.3163480758666992
veteran,2.0,69.53947368421052,3.759943962097168,1.3163480758666992
veteran,2.5,78.10526315789474,3.759943962097168,1.3163480758666992
veterinarian,1.0,39.6359649122807,3.633820056915283,1.439337134361267
veterinarian,1.5,39.90350877192982,3.633820056915283,1.439337134361267
veterinarian,2.0,41.59649122807018,3.633820056915283,1.439337134361267
veterinarian,2.5,45.083333333333336,3.633820056915283,1.439337134361267
vigilante,1.0,29.19736842105263,3.914149522781372,1.2897956371307373
vigilante,1.5,32.99122807017544,3.914149522781372,1.2897956371307373
vigilante,2.0,42.421052631578945,3.914149522781372,1.2897956371307373
vigilante,2.5,53.20175438596491,3.914149522781372,1.2897956371307373
virtuoso,1.0,52.60964912280702,3.6015031337738037,1.073757290840149
virtuoso,1.5,57.21052631578947,3.6015031337738037,1.073757290840149
virtuoso,2.0,61.833333333333336,3.6015031337738037,1.073757290840149
virtuoso,2.5,69.9298245614035,3.6015031337738037,1.073757290840149
virus,1.0,8.868421052631579,4.080137729644775,1.9585710763931274
virus,1.5,11.978070175438596,4.080137729644775,1.9585710763931274
virus,2.0,20.789473684210527,4.080137729644775,1.9585710763931274
virus,2.5,43.776315789473685,4.080137729644775,1.9585710763931274
visionary,1.0,74.80701754385964,3.916212797164917,1.2149848937988281
visionary,1.5,77.01315789473684,3.916212797164917,1.2149848937988281
visionary,2.0,80.49561403508773,3.916212797164917,1.2149848937988281
visionary,2.5,81.69298245614036,3.916212797164917,1.2149848937988281
void,1.0,32.69298245614035,4.038331508636475,1.910513162612915
void,1.5,36.78947368421053,4.038331508636475,1.910513162612915
void,2.0,49.36842105263158,4.038331508636475,1.910513162612915
void,2.5,74.24122807017544,4.038331508636475,1.910513162612915
wanderer,1.0,44.026315789473685,3.2949776649475098,1.4619996547698975
wanderer,1.5,49.030701754385966,3.2949776649475098,1.4619996547698975
wanderer,2.0,55.10087719298246,3.2949776649475098,1.4619996547698975
wanderer,2.5,65.76315789473684,3.2949776649475098,1.4619996547698975
warrior,1.0,36.21491228070175,3.79044508934021,1.4513846635818481
warrior,1.5,40.333333333333336,3.79044508934021,1.4513846635818481
warrior,2.0,47.45614035087719,3.79044508934021,1.4513846635818481
warrior,2.5,61.30701754385965,3.79044508934021,1.4513846635818481
whale,1.0,34.416666666666664,4.385716438293457,2.166468381881714
whale,1.5,40.70614035087719,4.385716438293457,2.166468381881714
whale,2.0,58.60964912280702,4.385716438293457,2.166468381881714
whale,2.5,80.50438596491227,4.385716438293457,2.166468381881714
widow,1.0,37.10964912280702,3.810518741607666,1.4767634868621826
widow,1.5,43.078947368421055,3.810518741607666,1.4767634868621826
widow,2.0,55.23684210526316,3.810518741607666,1.4767634868621826
widow,2.5,65.24561403508773,3.810518741607666,1.4767634868621826
wind,1.0,43.21834061135371,4.391869068145752,1.8978708982467651
wind,1.5,53.71615720524017,4.391869068145752,1.8978708982467651
wind,2.0,69.42794759825327,4.391869068145752,1.8978708982467651
wind,2.5,87.34497816593887,4.391869068145752,1.8978708982467651
witch,1.0,28.859649122807017,3.64141845703125,1.3661655187606812
witch,1.5,32.574561403508774,3.64141845703125,1.3661655187606812
witch,2.0,43.08771929824562,3.64141845703125,1.3661655187606812
witch,2.5,61.65350877192982,3.64141845703125,1.3661655187606812
witness,1.0,51.166666666666664,3.7447047233581543,1.272701382637024
witness,1.5,57.324561403508774,3.7447047233581543,1.272701382637024
witness,2.0,67.11842105263158,3.7447047233581543,1.272701382637024
witness,2.5,78.00438596491227,3.7447047233581543,1.272701382637024
workaholic,1.0,52.23684210526316,3.551105499267578,1.5227115154266357
workaholic,1.5,57.89912280701754,3.551105499267578,1.5227115154266357
workaholic,2.0,66.82456140350877,3.551105499267578,1.5227115154266357
workaholic,2.5,74.61842105263158,3.551105499267578,1.5227115154266357
wraith,1.0,25.605263157894736,4.012916564941406,1.730243444442749
wraith,1.5,30.864035087719298,4.012916564941406,1.730243444442749
wraith,2.0,39.30263157894737,4.012916564941406,1.730243444442749
wraith,2.5,61.03508771929825,4.012916564941406,1.730243444442749
writer,1.0,62.80263157894737,3.1934006214141846,1.163220763206482
writer,1.5,67.18859649122807,3.1934006214141846,1.163220763206482
writer,2.0,72.99122807017544,3.1934006214141846,1.163220763206482
writer,2.5,80.99122807017544,3.1934006214141846,1.163220763206482
zealot,1.0,40.01754385964912,3.8729207515716553,1.3646433353424072
zealot,1.5,45.583333333333336,3.8729207515716553,1.3646433353424072
zealot,2.0,56.925438596491226,3.8729207515716553,1.3646433353424072
zealot,2.5,68.8157894736842,3.8729207515716553,1.3646433353424072
zeitgeist,1.0,75.60526315789474,3.9006731510162354,1.0981135368347168
zeitgeist,1.5,78.0701754385965,3.9006731510162354,1.0981135368347168
zeitgeist,2.0,84.26754385964912,3.9006731510162354,1.0981135368347168
zeitgeist,2.5,85.00877192982456,3.9006731510162354,1.0981135368347168
