role,norm,dim,max_abs,mean_abs,norm_centered,score_at_alpha_1_0,score_at_alpha_1_5,score_at_alpha_2_0,score_at_alpha_2_5,delta_high_minus_low,score_slope,score_curve_r2,peak_alpha,late_alpha_drop,monotonic,subdim_consistency,sub25_cmp_emotional_register,sub25_cmp_vocab_choice,sub25_cmp_social_dynamic,sub25_cmp_motivation,sub25_cmp_worldview_alignment,n_questions_total
aberration,3.788794994354248,4096,1.113593578338623,0.04039257764816284,1.3890913,29.06578947368421,33.32017543859649,43.28508771929825,66.58771929824562,37.52192982456141,24.506140350877196,0.8891188860720947,2.5,0.0,True,9.971401593593455,34.75877192982456,40.37280701754386,39.95614035087719,42.63157894736842,34.64912280701754,912
absurdist,3.459686279296875,4096,1.065624713897705,0.03702200576663017,1.8497417,29.54385964912281,32.771929824561404,38.728070175438596,50.8640350877193,21.320175438596493,13.983333333333334,0.9228493585961239,2.5,0.0,True,6.951510294494764,25.087719298245613,32.93859649122807,36.030701754385966,33.728070175438596,21.95175438596491,912
accountant,3.4523098468780518,4096,0.8549288511276245,0.037525370717048645,1.420589,59.74561403508772,59.79824561403509,61.8421052631579,61.66228070175438,1.9166666666666643,1.5587719298245601,0.77106264628067,2.0,0.17982456140351388,False,2.7194794573267425,49.14473684210526,46.73245614035088,46.51315789473684,56.666666666666664,50.94298245614035,912
activist,3.500443458557129,4096,1.0442967414855957,0.03644798696041107,1.2426962,53.109170305676855,55.724890829694324,59.73362445414847,62.53947368421053,9.430303378533672,6.459928752011033,0.9934112379229594,2.5,0.0,True,5.26777448150927,62.25877192982456,59.583333333333336,59.53947368421053,63.79385964912281,59.86842105263158,915
actor,3.4977238178253174,4096,1.020625114440918,0.036097895354032516,1.3165977,45.574561403508774,52.87719298245614,64.57894736842105,74.66666666666667,29.092105263157897,19.79561403508772,0.9924083597592748,2.5,0.0,True,8.74502620492181,68.83771929824562,63.59649122807018,66.8201754385965,74.71491228070175,70.10964912280701,912
addict,4.5024733543396,4096,1.3848443031311035,0.047029804438352585,1.6993511,38.31877729257642,47.7117903930131,63.786026200873366,75.49122807017544,37.17245077759902,25.518317628131463,0.9909401536533785,2.5,0.0,True,12.671620263502346,55.81140350877193,57.65350877192982,56.00877192982456,56.92982456140351,53.478070175438596,915
adolescent,3.775885581970215,4096,1.1175780296325684,0.039294712245464325,1.4197481,38.62882096069869,51.0174672489083,65.96069868995633,79.70614035087719,41.0773193901785,27.635037922316712,0.998781900465852,2.5,0.0,True,15.253177908468212,67.76315789473684,65.98684210526316,67.65350877192982,75.6359649122807,71.44736842105263,915
advocate,4.236433029174805,4096,1.2266407012939453,0.04449634626507759,1.5560569,74.01315789473684,77.01315789473684,80.48684210526316,78.73245614035088,4.719298245614041,3.5263157894736907,0.681135377363262,2.0,1.754385964912288,False,3.6261225180293195,66.75438596491227,59.80263157894737,60.78947368421053,67.08333333333333,61.776315789473685,912
alien,4.189554691314697,4096,1.222578525543213,0.04609832912683487,2.0160816,37.50877192982456,42.530701754385966,53.73245614035088,76.19298245614036,38.684210526315795,25.45087719298246,0.912834320997518,2.5,0.0,True,10.977036820284173,51.35964912280702,52.89473684210526,52.76315789473684,61.60087719298246,52.675438596491226,912
altruist,3.593801975250244,4096,1.0346672534942627,0.03785982355475426,1.1764826,71.27510917030568,73.02620087336244,75.24454148471615,74.3859649122807,3.1108557419750156,2.3101815674557513,0.7410915311648387,2.0,0.858576572435453,False,4.015489986536422,62.478070175438596,59.078947368421055,59.3421052631579,63.55263157894737,60.30701754385965,915
amateur,3.1571643352508545,4096,0.9381201267242432,0.03292977809906006,1.3560988,65.50877192982456,76.64473684210526,84.7719298245614,89.09649122807018,23.587719298245617,15.778070175438597,0.9639721625965488,2.5,0.0,True,10.30773697550833,66.40350877192982,62.675438596491226,64.71491228070175,72.34649122807018,67.97368421052632,912
ambassador,3.9017210006713867,4096,1.0968751907348633,0.04243108630180359,1.1474396,69.85087719298245,70.41228070175438,69.12280701754386,64.94736842105263,-4.903508771929822,-3.199999999999997,0.6932788764091761,1.5,5.464912280701753,False,5.557751428781378,50.6359649122807,43.1578947368421,44.45175438596491,56.776315789473685,51.228070175438596,912
amnesiac,4.1106061935424805,4096,1.4078903198242188,0.04347296804189682,1.5158131,39.49561403508772,46.271929824561404,63.51315789473684,79.15350877192982,39.6578947368421,27.24298245614035,0.9717990612158937,2.5,0.0,True,12.029317069147904,59.078947368421055,61.18421052631579,61.79824561403509,64.58333333333333,59.99122807017544,912
analyst,3.5320725440979004,4096,0.8443756103515625,0.03813988342881203,1.3815856,86.3201754385965,85.31140350877193,84.50877192982456,81.89035087719299,-4.429824561403507,-2.818421052631578,0.920961769810609,1.0,4.429824561403507,False,4.100135711727768,59.078947368421055,56.53508771929825,56.60087719298246,71.29385964912281,66.2719298245614,912
anarchist,3.876178026199341,4096,1.1170988082885742,0.040182359516620636,1.5060836,30.385964912280702,36.57017543859649,45.64912280701754,57.3421052631579,26.956140350877195,17.989473684210527,0.9815814900764075,2.5,0.0,True,11.722085936175102,48.79385964912281,51.271929824561404,47.10526315789474,49.29824561403509,43.43421052631579,912
ancient,3.9697999954223633,4096,1.1526556015014648,0.04353753477334976,1.4149212,42.99561403508772,44.26315789473684,47.98684210526316,51.083333333333336,8.087719298245617,5.597368421052633,0.967594401391703,2.5,0.0,True,3.8727008866155552,33.37719298245614,32.828947368421055,35.35087719298246,49.69298245614035,37.89473684210526,912
angel,4.3454155921936035,4096,1.2466402053833008,0.04596681892871857,2.1176631,65.93859649122807,72.46929824561404,82.94298245614036,89.60087719298245,23.662280701754383,16.292105263157893,0.990997825432422,2.5,0.0,True,12.824408640839255,71.68859649122807,66.2719298245614,68.42105263157895,71.8859649122807,66.8201754385965,912
anthropologist,3.6761772632598877,4096,1.163280963897705,0.0388476699590683,1.3824838,61.75438596491228,65.48684210526316,71.15789473684211,75.2280701754386,13.473684210526322,9.218421052631582,0.9938724428258737,2.5,0.0,True,2.6960274070559427,64.56140350877193,59.276315789473685,60.6140350877193,67.32456140350877,62.1140350877193,912
archaeologist,3.410331964492798,4096,0.9903120994567871,0.03563204035162926,1.101248,44.71491228070175,48.62719298245614,53.14035087719298,58.15350877192982,13.438596491228068,8.96578947368421,0.996988730428559,2.5,0.0,True,19.03915657746337,2.969298245614035,2.6578947368421053,2.986842105263158,3.2280701754385963,3.1447368421052633,912
architect,3.2971901893615723,4096,0.9032812118530273,0.035314757376909256,1.3906369,54.61572052401747,56.11353711790393,57.39737991266376,58.49561403508772,3.87989351107025,2.5847046655941157,0.9952380432988432,2.5,0.0,True,1.8696155460228971,57.719298245614034,52.719298245614034,52.21491228070175,62.01754385964912,56.49122807017544,915
archivist,3.833325147628784,4096,0.8789844512939453,0.042831793427467346,1.8679497,59.04824561403509,62.48684210526316,71.85526315789474,78.8640350877193,19.815789473684212,13.763157894736844,0.9727928242490612,2.5,0.0,True,6.894143618083656,63.55263157894737,62.41228070175438,61.469298245614034,69.9342105263158,65.75877192982456,912
artisan,3.7969985008239746,4096,1.267578125,0.039105817675590515,1.6495258,56.49781659388646,64.28384279475982,74.96943231441048,81.68859649122807,25.190779897341606,17.251585842335096,0.9929492969469607,2.5,0.0,True,7.5879814826672884,68.53070175438596,64.34210526315789,65.35087719298245,73.1140350877193,69.33771929824562,915
ascetic,3.533341646194458,4096,0.9535160064697266,0.03877613693475723,1.2879874,34.10964912280702,37.04824561403509,38.95614035087719,42.00438596491228,7.89473684210526,5.118421052631577,0.9927643304673007,2.5,0.0,True,4.570351851876008,28.57456140350877,31.337719298245613,32.34649122807018,34.01315789473684,26.07456140350877,912
assistant,3.498568534851074,4096,1.0284371376037598,0.0371272973716259,1.1670027,94.70614035087719,94.29385964912281,92.82894736842105,89.46491228070175,-5.241228070175438,-3.4377192982456135,0.8696582845685454,1.0,5.241228070175438,False,5.6390358256579045,69.75877192982456,63.530701754385966,66.46929824561404,77.45614035087719,73.28070175438596,912
auctioneer,4.37923526763916,4096,1.3798437118530273,0.04584524780511856,1.765394,36.526315789473685,42.675438596491226,53.67982456140351,68.84210526315789,32.315789473684205,21.590350877192982,0.9662800266389053,2.5,0.0,True,10.654895922388524,59.18859649122807,55.46052631578947,54.23245614035088,65.87719298245614,61.05263157894737,912
auditor,3.5493264198303223,4096,0.8392972946166992,0.03860024735331535,1.7244998,62.728070175438596,63.64912280701754,65.04824561403508,67.60526315789474,4.877192982456144,3.2061403508771944,0.948882336040378,2.5,0.0,True,3.0764851463875638,46.82017543859649,43.35526315789474,42.98245614035088,55.833333333333336,50.67982456140351,912
avatar,4.169680595397949,4096,1.407109260559082,0.04286600649356842,1.8566641,55.44298245614035,64.89035087719299,78.53508771929825,87.10526315789474,31.66228070175439,21.726315789473688,0.992446491459416,2.5,0.0,True,14.325105630228853,72.87280701754386,69.15789473684211,70.5701754385965,75.83333333333333,71.94736842105263,912
bard,3.566101312637329,4096,1.2125778198242188,0.03739800304174423,1.0947311,47.40350877192982,51.79824561403509,59.71491228070175,68.56140350877193,21.15789473684211,14.278070175438597,0.9796613558806424,2.5,0.0,True,4.589540572861539,40.98684210526316,40.78947368421053,44.64912280701754,56.33771929824562,48.80701754385965,912
bartender,4.524214744567871,4096,1.5550785064697266,0.04455200582742691,1.993354,50.776315789473685,61.723684210526315,75.0657894736842,79.8157894736842,29.03947368421052,20.09210526315789,0.9699427559109949,2.5,0.0,True,10.529615076777418,67.71929824561404,63.46491228070175,64.56140350877193,70.81140350877193,66.87719298245614,912
biologist,3.3239645957946777,4096,0.9005747437477112,0.03441355749964714,1.2129864,57.728070175438596,57.8640350877193,60.42982456140351,60.93859649122807,3.2105263157894726,2.4394736842105247,0.8772029854995378,2.5,0.0,True,1.6498748699729824,60.28508771929825,52.521929824561404,54.86842105263158,61.64473684210526,55.76754385964912,912
blogger,3.173158884048462,4096,0.9942965507507324,0.033026888966560364,1.1797489,74.57456140350877,79.77631578947368,84.53508771929825,86.26754385964912,11.692982456140356,7.967543859649126,0.9595780530696775,2.5,0.0,True,5.352650713734143,76.57894736842105,73.35526315789474,74.82456140350877,81.75438596491227,78.79385964912281,912
bohemian,3.83817458152771,4096,1.3446879386901855,0.03991132229566574,1.0931885,47.478070175438596,53.76315789473684,63.89912280701754,72.89035087719299,25.41228070175439,17.274561403508773,0.9918142120450282,2.5,0.0,True,9.76374177515568,54.89035087719298,56.05263157894737,57.65350877192982,64.23245614035088,57.328947368421055,912
builder,3.746767520904541,4096,1.2134370803833008,0.038760919123888016,1.5055262,67.8201754385965,72.36842105263158,77.77631578947368,82.39035087719299,14.570175438596493,9.823684210526318,0.9988590870936647,2.5,0.0,True,5.450333952924683,64.29824561403508,63.530701754385966,61.973684210526315,72.25877192982456,67.21929824561404,912
caregiver,4.5080790519714355,4096,1.4717998504638672,0.045280613005161285,1.8562661,72.646288209607,75.79912663755458,79.34497816593887,72.8640350877193,0.2177468781123082,0.8398184325442429,0.02987254636394087,2.0,6.480943078219568,False,4.79998188243013,58.1578947368421,49.95614035087719,51.99561403508772,59.23245614035088,53.66228070175438,915
cartographer,3.776453733444214,4096,0.9800000190734863,0.04140346869826317,1.8088862,47.68859649122807,51.81140350877193,59.271929824561404,65.35087719298245,17.662280701754383,12.089473684210525,0.9887954077932333,2.5,0.0,True,3.8456051123254547,57.54385964912281,56.074561403508774,54.473684210526315,62.36842105263158,56.70175438596491,912
caveman,4.436631679534912,4096,1.5696873664855957,0.04462982341647148,2.1589444,10.482456140350877,15.057017543859649,26.407894736842106,49.219298245614034,38.73684210526316,25.512280701754385,0.906171639092863,2.5,0.0,True,5.83904041533171,16.29385964912281,9.25438596491228,15.526315789473685,26.00877192982456,15.723684210526315,912
celebrity,3.796665906906128,4096,1.125,0.039282988756895065,1.1358242,45.171052631578945,52.35087719298246,62.49561403508772,69.52838427947599,24.35733164789704,16.643346357159277,0.9946802273637794,2.5,0.0,True,6.584497400710944,60.87336244541485,57.22707423580786,58.4061135371179,67.29257641921397,63.01310043668122,913
chameleon,3.6833598613739014,4096,0.991640567779541,0.039620570838451385,1.1786712,50.60087719298246,56.75,69.17543859649123,81.69736842105263,31.09649122807017,21.142982456140352,0.9788687246863789,2.5,0.0,True,9.031628806726188,63.04824561403509,61.62280701754386,62.30263157894737,69.51754385964912,64.33333333333333,912
chef,4.080557346343994,4096,1.5277342796325684,0.0396149680018425,1.6054327,32.467248908296945,35.88209606986899,40.842794759825324,47.314410480349345,14.8471615720524,9.900436681222706,0.9812907888330461,2.5,0.0,True,2.612106324935273,50.93886462882096,43.75545851528384,44.23580786026201,50.698689956331876,44.366812227074234,916
chemist,3.3404603004455566,4096,0.9392359256744385,0.0349021852016449,1.392601,54.3859649122807,56.583333333333336,58.35964912280702,61.31877729257642,6.932812380295722,4.51495058607217,0.9893732394460154,2.5,0.0,True,2.0161001836647903,56.26637554585153,49.75982532751092,50.786026200873366,59.49781659388646,54.585152838427945,913
chimera,4.02764368057251,4096,1.1839842796325684,0.043345678597688675,1.7811965,46.3640350877193,52.33771929824562,68.13157894736842,86.8640350877193,40.5,27.458771929824557,0.9563039834124979,2.5,0.0,True,15.04307516033067,63.026315789473685,64.03508771929825,62.89473684210526,66.79824561403508,61.60087719298246,912
coach,4.1718645095825195,4096,1.217031478881836,0.04418524354696274,1.8232347,90.68181818181819,90.18181818181819,88.49147727272727,81.15625,-9.525568181818187,-6.0534090909090965,0.7832952086570398,1.0,9.525568181818187,False,4.018592884551223,61.39204545454545,57.34375,56.59090909090909,67.59943181818181,62.72159090909091,1408
collaborator,3.591310501098633,4096,1.117812156677246,0.03757183998823166,1.1219115,89.10526315789474,90.23245614035088,90.1842105263158,88.05263157894737,-1.05263157894737,-0.6412280701754384,0.16011032358488705,1.5,2.1798245614035068,False,3.190189242755887,69.73684210526316,65.39473684210526,66.8859649122807,74.95614035087719,70.9780701754386,912
collector,3.2994987964630127,4096,0.8870315551757812,0.035230010747909546,1.1652875,50.20175438596491,53.583333333333336,58.69736842105263,65.02631578947368,14.824561403508774,9.917543859649124,0.9825373712081126,2.5,0.0,True,6.1639105239879735,50.67982456140351,53.61842105263158,50.021929824561404,54.175438596491226,49.078947368421055,912
comedian,3.7366127967834473,4096,1.2357816696166992,0.0386849120259285,1.3503759,37.1578947368421,44.51315789473684,59.85087719298246,74.91228070175438,37.75438596491228,25.720175438596492,0.9783988945740109,2.5,0.0,True,11.41206611546594,56.271929824561404,56.666666666666664,57.5,67.54385964912281,63.28947368421053,912
competitor,3.9928643703460693,4096,1.099062442779541,0.04162520542740822,1.2569618,57.728070175438596,65.78508771929825,75.88157894736842,81.0701754385965,23.342105263157897,16.024561403508773,0.9862645302831424,2.5,0.0,True,8.219059549083681,65.17543859649123,62.14912280701754,61.38157894736842,68.20175438596492,64.12280701754386,912
composer,3.44222354888916,4096,0.8837494850158691,0.03650778904557228,1.449895,41.8421052631579,45.20175438596491,52.19736842105263,60.10526315789474,18.263157894736842,12.35701754385965,0.9717810228496898,2.5,0.0,True,6.922128314720584,57.06140350877193,55.85526315789474,56.666666666666664,62.23684210526316,58.19298245614035,912
conservator,3.8020236492156982,4096,1.3321876525878906,0.03904542699456215,1.4503257,48.13157894736842,49.728070175438596,48.81140350877193,46.30263157894737,-1.8289473684210478,-1.2807017543859616,0.3251283521806891,1.5,3.425438596491226,False,3.3986121531936555,43.24561403508772,35.81140350877193,38.55263157894737,45.526315789473685,39.276315789473685,912
consultant,3.5762739181518555,4096,0.9960087537765503,0.037723708897829056,1.5171572,89.16666666666667,87.65789473684211,84.85087719298245,79.05701754385964,-10.109649122807028,-6.627192982456148,0.920629714448943,1.0,10.109649122807028,False,7.546129294538227,57.69736842105263,53.55263157894737,54.45175438596491,68.22368421052632,63.48684210526316,912
contrarian,3.4793078899383545,4096,0.9448492527008057,0.03680310770869255,1.2553078,47.23684210526316,52.09649122807018,61.23245614035088,69.8859649122807,22.64912280701754,15.416666666666663,0.9843264306392332,2.5,0.0,True,7.340775672176187,59.166666666666664,58.969298245614034,55.67982456140351,61.00877192982456,54.73684210526316,912
coordinator,4.01427698135376,4096,1.127734661102295,0.042399048805236816,1.2562896,82.60526315789474,82.64473684210526,81.91266375545851,75.39301310043668,-7.212250057458064,-4.4737646518041885,0.6755878369865973,1.5,7.2517237416685845,False,6.989212139385073,55.327510917030565,50.30567685589519,52.64192139737991,63.23144104803494,58.995633187772924,914
coral_reef,3.8589999675750732,4096,1.2710933685302734,0.03917299211025238,1.8754286,60.530701754385966,68.85526315789474,79.54385964912281,91.00438596491227,30.473684210526308,20.421929824561396,0.9950653033625712,2.5,0.0,True,15.351005596398235,74.82456140350877,71.46929824561404,73.5,77.7719298245614,74.22368421052632,912
cosmopolitan,3.577693223953247,4096,1.100390911102295,0.03784441947937012,1.01516,79.32894736842105,82.08771929824562,82.46929824561404,80.79824561403508,1.469298245614027,0.9578947368421012,0.18932688094194539,2.0,1.6710526315789593,False,3.279286094805355,65.37280701754386,62.478070175438596,62.98245614035088,72.91666666666667,68.1798245614035,912
counselor,3.628220319747925,4096,1.020625114440918,0.03865650296211243,1.4827203,78.5,80.86842105263158,80.46052631578948,80.60087719298245,2.100877192982452,1.178947368421052,0.49202608397208586,1.5,0.2675438596491233,False,1.7641281247885239,68.1359649122807,63.1359649122807,64.86842105263158,72.84210526315789,68.78508771929825,912
criminal,4.276796340942383,4096,1.3290624618530273,0.04534945264458656,1.6724412,26.70614035087719,33.95614035087719,54.95614035087719,75.4780701754386,48.77192982456141,33.463157894736845,0.9627495504991932,2.5,0.0,True,16.276629989874067,51.53508771929825,51.8640350877193,48.75,54.166666666666664,49.166666666666664,912
critic,3.5288519859313965,4096,0.9902348518371582,0.03798384591937065,0.9894299,69.73799126637554,71.23580786026201,73.3859649122807,74.88646288209607,5.148471615720524,3.5191143798360516,0.9945543139155711,2.5,0.0,True,2.4618511128988176,57.248908296943235,52.64192139737991,52.40174672489083,65.37117903930131,59.62882096069869,916
crystalline,4.569005012512207,4096,1.2257027626037598,0.0496855266392231,2.320675,69.9780701754386,75.80263157894737,83.40350877192982,90.64473684210526,20.666666666666657,13.920175438596484,0.9969957951607977,2.5,0.0,True,9.155117347771132,76.8859649122807,78.67543859649123,75.87719298245614,78.55263157894737,76.66228070175438,912
curator,3.716697931289673,4096,0.9817190170288086,0.040132928639650345,1.4519432,58.69736842105263,60.99122807017544,62.43421052631579,62.833333333333336,4.135964912280706,2.7701754385964934,0.9142781183019469,2.5,0.0,True,2.1629943169755483,57.03947368421053,51.33771929824562,52.56578947368421,61.26315789473684,55.76754385964912,912
cyborg,3.984527111053467,4096,1.3670310974121094,0.04074081778526306,1.5800657,50.67982456140351,57.75877192982456,72.8157894736842,87.51315789473684,36.83333333333333,25.111403508771925,0.9776908381367788,2.5,0.0,True,12.636412382359952,62.083333333333336,61.60087719298246,60.5921052631579,69.12280701754386,62.87280701754386,912
cynic,3.8742291927337646,4096,1.0115623474121094,0.04248742014169693,1.4188353,38.21052631578947,42.65350877192982,52.45614035087719,67.48684210526316,29.276315789473692,19.52631578947369,0.9444617725478162,2.5,0.0,True,8.993648953617791,36.8421052631579,46.60087719298246,41.8640350877193,43.04824561403509,36.16228070175438,912
daredevil,4.674610137939453,4096,1.5258593559265137,0.047665178775787354,1.6636528,44.53508771929825,58.34649122807018,75.46929824561404,82.80701754385964,38.2719298245614,26.38771929824561,0.9785786643060644,2.5,0.0,True,13.98717572538121,54.91228070175438,54.93421052631579,48.37719298245614,56.75438596491228,49.73684210526316,912
debugger,3.9052720069885254,4096,0.885133683681488,0.042995914816856384,1.6231261,64.36842105263158,66.64473684210526,71.69736842105263,73.36842105263158,9.0,6.410526315789474,0.9627489981666854,2.5,0.0,True,2.9562747828492384,60.26315789473684,58.46491228070175,57.69736842105263,64.89035087719299,61.28508771929825,912
demon,4.021988391876221,4096,1.3237500190734863,0.04272772744297981,1.7248883,29.32894736842105,31.719298245614034,43.1140350877193,69.76754385964912,40.43859649122807,26.542105263157897,0.8551753250967432,2.5,0.0,True,9.534707525978545,32.36842105263158,38.223684210526315,34.05701754385965,40.6578947368421,30.13157894736842,912
designer,3.4023194313049316,4096,0.9164577722549438,0.03578093275427818,1.5574347,64.21929824561404,66.80701754385964,70.27631578947368,74.68859649122807,10.469298245614027,6.975438596491225,0.9864979879806139,2.5,0.0,True,1.6992048808725215,64.34210526315789,59.75877192982456,59.95614035087719,70.15350877192982,65.78947368421052,912
destroyer,4.357910633087158,4096,1.4180469512939453,0.04569278284907341,1.7236154,33.89473684210526,38.719298245614034,54.96052631578947,70.71929824561404,36.82456140350878,25.342982456140355,0.9559792787862644,2.5,0.0,True,12.346784083657758,46.92982456140351,49.56140350877193,47.280701754385966,53.530701754385966,46.96491228070175,912
detective,3.7481091022491455,4096,1.0127270221710205,0.039907168596982956,1.2358567,51.62719298245614,56.30263157894737,64.37719298245614,74.64912280701755,23.02192982456141,15.4280701754386,0.974127349169605,2.5,0.0,True,6.567714285915294,55.39473684210526,52.41228070175438,51.074561403508774,64.51754385964912,57.41228070175438,912
devils_advocate,3.793151617050171,4096,0.9778904914855957,0.041002530604600906,1.4872696,54.228070175438596,60.54385964912281,70.51315789473684,80.74122807017544,26.513157894736842,17.90175438596491,0.989128974403075,2.5,0.0,True,8.952627438777515,50.76754385964912,53.64035087719298,48.39912280701754,57.54385964912281,50.08771929824562,912
dilettante,4.015684604644775,4096,1.0600781440734863,0.04303719848394394,1.2609895,56.38157894736842,67.02631578947368,80.48245614035088,86.3157894736842,29.934210526315788,20.65175438596491,0.979367973153295,2.5,0.0,True,11.585173483824283,63.925438596491226,60.85526315789474,63.55263157894737,67.12719298245614,63.83771929824562,912
dispatcher,4.23142671585083,4096,1.3444528579711914,0.04261277616024017,1.6027161,61.71052631578947,63.84649122807018,65.86842105263158,63.01754385964912,1.3070175438596507,1.1885964912280698,0.19373288966713975,2.0,2.850877192982452,False,4.365331959345262,43.50877192982456,39.56140350877193,41.40350877192982,53.44298245614035,47.675438596491226,912
divorcee,3.7866673469543457,4096,1.1262497901916504,0.03984621912240982,1.3145909,46.5921052631579,51.666666666666664,62.6359649122807,68.08333333333333,21.49122807017543,15.088596491228065,0.9774957184609726,2.5,0.0,True,7.816103450396994,61.425438596491226,59.78947368421053,59.824561403508774,66.35964912280701,62.65350877192982,912
doctor,3.6273608207702637,4096,1.1078128814697266,0.0373571440577507,1.372203,59.71615720524017,60.61572052401747,60.24561403508772,59.38427947598253,-0.33187772925764136,-0.2731479353405348,0.10376870481385767,1.5,1.231441048034938,False,1.9654361655932349,56.17903930131004,49.45414847161572,46.39737991266376,57.838427947598255,50.698689956331876,916
dreamer,4.30637788772583,4096,1.3413281440734863,0.04568399488925934,1.9087485,52.85964912280702,61.80701754385965,77.3859649122807,88.94736842105263,36.08771929824561,24.768421052631574,0.990469804220662,2.5,0.0,True,14.429295985942096,76.55701754385964,75.48245614035088,77.41228070175438,78.4342105263158,76.15350877192982,912
echo,4.408325672149658,4096,1.3832035064697266,0.0473242849111557,2.0655155,67.4780701754386,71.85526315789474,82.53508771929825,89.79385964912281,22.315789473684205,15.525438596491224,0.9779184603428356,2.5,0.0,True,7.375859480428852,72.03947368421052,72.60964912280701,71.53508771929825,74.29824561403508,72.25,912
economist,3.1092607975006104,4096,0.7814846038818359,0.033902786672115326,1.2969345,58.96491228070175,59.76315789473684,58.46491228070175,57.92982456140351,-1.0350877192982466,-0.8807017543859658,0.5318784297171799,1.5,1.8333333333333357,False,2.515102237038866,49.51754385964912,46.074561403508774,47.719298245614034,53.728070175438596,48.223684210526315,912
ecosystem,3.8572025299072266,4096,1.2145309448242188,0.04092486575245857,1.6352593,50.324561403508774,53.75438596491228,60.33771929824562,73.77631578947368,23.45175438596491,15.387719298245614,0.9200232653451239,2.5,0.0,True,8.526715839281978,59.078947368421055,56.666666666666664,55.526315789473685,58.99122807017544,52.55701754385965,912
editor,3.631335496902466,4096,0.9110941886901855,0.039513155817985535,1.4977523,67.1359649122807,68.39035087719299,67.97368421052632,67.00877192982456,-0.12719298245613686,-0.1596491228070164,0.02402309187432865,1.5,1.3815789473684248,False,3.186893473555678,60.48245614035088,57.06140350877193,56.973684210526315,68.20175438596492,63.75,912
egregore,4.143143653869629,4096,1.330312728881836,0.04375072941184044,1.787621,32.07017543859649,38.026315789473685,54.276315789473685,79.85087719298245,47.78070175438596,31.918421052631572,0.9297188415159426,2.5,0.0,True,15.229807173635328,52.30263157894737,51.6140350877193,50.85526315789474,59.39912280701754,51.35964912280702,912
elder,3.6333460807800293,4096,1.024062156677246,0.039250150322914124,1.2258008,56.3421052631579,60.33771929824562,66.12280701754386,73.37719298245614,17.03508771929824,11.378070175438593,0.9838282267401464,2.5,0.0,True,7.213020881191713,60.28508771929825,59.01315789473684,58.50877192982456,69.58333333333333,64.33771929824562,912
eldritch,4.520429611206055,4096,1.491405963897705,0.04866475239396095,2.1713767,25.736842105263158,31.907894736842106,51.60964912280702,81.14473684210526,55.4078947368421,37.18508771929824,0.9264818162096368,2.5,0.0,True,14.509567908932885,42.98245614035088,44.51754385964912,43.90350877192982,48.223684210526315,39.18859649122807,912
emissary,3.759427547454834,4096,1.134765625,0.03998763486742973,0.96405923,74.21052631578948,75.28070175438596,78.54824561403508,79.37280701754386,5.1622807017543835,3.750877192982455,0.9415504845199755,2.5,0.0,True,2.195262373482996,62.916666666666664,56.82017543859649,58.81578947368421,70.17543859649123,65.30701754385964,912
empath,3.936230421066284,4096,1.2174224853515625,0.041131794452667236,1.2508062,66.51965065502183,70.4934497816594,76.75109170305677,79.89082969432314,13.37117903930131,9.274235807860261,0.9850398514584772,2.5,0.0,True,6.436272743571448,65.4585152838428,63.777292576419214,64.95633187772926,67.9475982532751,63.75545851528384,916
engineer,3.751711845397949,4096,0.885312557220459,0.0409669429063797,1.6376632,76.46052631578948,78.49122807017544,81.1842105263158,81.80263157894737,5.34210526315789,3.7438596491228053,0.9525301172058427,2.5,0.0,True,2.627208105747285,65.81140350877193,65.32894736842105,64.14473684210526,74.3201754385965,70.95614035087719,912
entrepreneur,3.8077380657196045,4096,1.0064067840576172,0.041901420801877975,1.4720145,75.87719298245614,79.89473684210526,82.96929824561404,83.4298245614035,7.55263157894737,5.146491228070178,0.9092927029935309,2.5,0.0,True,3.1839991165967128,68.50877192982456,66.46929824561404,65.65789473684211,75.19736842105263,71.64473684210526,912
evaluator,3.5075767040252686,4096,0.9391876459121704,0.03658986836671829,1.1325568,88.65350877192982,86.64912280701755,85.08771929824562,79.74561403508773,-8.907894736842096,-5.657017543859643,0.915816841480581,1.0,8.907894736842096,False,6.862219530558017,51.20614035087719,46.53508771929825,47.96052631578947,62.63157894736842,56.92982456140351,912
evangelist,2.876967430114746,4096,0.827031135559082,0.030357958748936653,1.3728517,67.25877192982456,70.5219298245614,74.33333333333333,78.54824561403508,11.28947368421052,7.535964912280699,0.9968053997595819,2.5,0.0,True,2.957068953456381,34.75877192982456,42.21491228070175,37.45614035087719,39.18859649122807,28.267543859649123,912
examiner,3.8603217601776123,4096,1.127812385559082,0.040518440306186676,1.3710423,83.49561403508773,82.21052631578948,79.03070175438596,73.63157894736842,-9.864035087719301,-6.554385964912285,0.9268753897204773,1.0,9.864035087719301,False,5.748120854153767,42.719298245614034,42.41228070175438,40.57017543859649,52.39035087719298,46.228070175438596,912
exile,3.9358503818511963,4096,1.3121871948242188,0.042194392532110214,1.2396812,37.08771929824562,39.8859649122807,50.31140350877193,61.530701754385966,24.44298245614035,16.750877192982454,0.945892433471992,2.5,0.0,True,8.012410080037608,43.85964912280702,48.50877192982456,45.87719298245614,48.94736842105263,43.26754385964912,912
expatriate,3.743114471435547,4096,1.0527338981628418,0.03972407057881355,1.0803609,60.5,67.87719298245614,75.23684210526316,79.0219298245614,18.521929824561397,12.585087719298244,0.9808836527269137,2.5,0.0,True,4.119486991942276,68.24561403508773,62.93859649122807,65.39473684210526,74.80263157894737,70.59210526315789,912
facilitator,3.937793016433716,4096,1.1500914096832275,0.04098430648446083,1.4148893,87.59649122807018,87.00877192982456,83.80263157894737,77.87280701754386,-9.723684210526315,-6.4754385964912275,0.8801818448471804,1.0,9.723684210526315,False,7.150301675291736,59.86842105263158,52.521929824561404,55.37280701754386,65.50438596491227,61.50438596491228,912
familiar,4.30359411239624,4096,1.405937671661377,0.04526931047439575,2.096146,66.80701754385964,73.30263157894737,83.0219298245614,88.50877192982456,21.701754385964918,14.964912280701757,0.9892776329962704,2.5,0.0,True,6.667059559906354,66.25,65.6140350877193,62.083333333333336,67.63157894736842,64.04824561403508,912
fixer,4.703843116760254,4096,1.2930225133895874,0.04979322478175163,1.9844201,56.64473684210526,70.34649122807018,82.24122807017544,86.2280701754386,29.583333333333343,20.12894736842106,0.9521437046866909,2.5,0.0,True,6.866538351677794,66.07456140350877,63.50877192982456,64.12280701754386,69.58333333333333,65.92105263157895,912
flaneur,4.071258068084717,4096,1.314765453338623,0.04234647378325462,1.3277023,51.16228070175438,59.30263157894737,71.39473684210526,81.75877192982456,30.596491228070178,20.776315789473685,0.994747203342432,2.5,0.0,True,11.177069735167212,60.6359649122807,57.63157894736842,59.671052631578945,67.39035087719299,62.21052631578947,912
fool,3.9294345378875732,4096,1.1368746757507324,0.041843514889478683,1.3064021,41.64035087719298,52.425438596491226,73.84649122807018,87.03508771929825,45.39473684210527,31.521052631578947,0.9847408542012092,2.5,0.0,True,11.21485369046535,45.219298245614034,43.85964912280702,46.8640350877193,59.62719298245614,51.28508771929825,912
forecaster,3.41875958442688,4096,0.9421873092651367,0.03604595735669136,1.055539,75.58333333333333,75.9298245614035,76.89035087719299,77.76754385964912,2.1842105263157947,1.5026315789473728,0.9675269671646028,2.5,0.0,True,2.210300725080683,61.14035087719298,56.71052631578947,58.04824561403509,69.07894736842105,63.28947368421053,912
futurist,3.7859795093536377,4096,1.1140618324279785,0.04068021476268768,1.1978816,73.65350877192982,75.3640350877193,77.46491228070175,79.06140350877193,5.40789473684211,3.6649122807017562,0.9974288999056039,2.5,0.0,True,2.999725147800655,63.88157894736842,59.75877192982456,60.723684210526315,67.76315789473684,62.82017543859649,912
gamer,3.3793587684631348,4096,0.9518747329711914,0.03467857092618942,1.2042458,33.780701754385966,34.324561403508774,39.28508771929825,45.87719298245614,12.096491228070171,8.249999999999996,0.8992387113951744,2.5,0.0,True,7.9545192198762775,51.73245614035088,49.276315789473685,49.21052631578947,58.81578947368421,53.1578947368421,912
generalist,3.2495126724243164,4096,0.7296090126037598,0.035878200083971024,1.8102279,92.84210526315789,92.93859649122807,93.01754385964912,92.03508771929825,-0.8070175438596436,-0.4684210526315752,0.44252770104596173,2.0,0.9824561403508767,False,1.4574966250894916,72.10526315789474,71.38157894736842,70.5701754385965,82.20614035087719,77.84210526315789,912
genie,3.2668685913085938,4096,0.9949221611022949,0.035471636801958084,1.7001969,42.64473684210526,45.425438596491226,51.55263157894737,62.78947368421053,20.144736842105267,13.31228070175439,0.9247264237116983,2.5,0.0,True,6.054473380324601,33.68421052631579,37.916666666666664,36.33771929824562,55.6578947368421,44.45175438596491,912
geographer,3.519365072250366,4096,0.8848106265068054,0.03726854920387268,1.2600137,54.526315789473685,55.43859649122807,58.14473684210526,62.29824561403509,7.771929824561404,5.204385964912281,0.9278587702589015,2.5,0.0,True,1.8999146415331452,61.79824561403509,53.39912280701754,58.026315789473685,64.9342105263158,57.87280701754386,912
ghost,3.9574673175811768,4096,1.2983589172363281,0.04218651354312897,1.889123,31.81578947368421,37.8640350877193,51.12719298245614,75.6842105263158,43.86842105263159,28.97368421052632,0.9238649937784095,2.5,0.0,True,13.511250505721407,51.95175438596491,54.42982456140351,53.771929824561404,58.916666666666664,52.23684210526316,912
golem,3.9678661823272705,4096,1.2485156059265137,0.042937200516462326,1.9732076,35.08771929824562,37.36842105263158,43.69298245614035,58.00877192982456,22.921052631578945,15.01754385964912,0.8840071218977121,2.5,0.0,True,7.635267683598907,33.66228070175438,41.8859649122807,35.328947368421055,42.30263157894737,35.13157894736842,912
gossip,4.0262532234191895,4096,1.1571879386901855,0.04330502822995186,1.455543,39.219298245614034,43.64035087719298,57.21052631578947,70.61842105263158,31.39912280701754,21.553508771929824,0.9594758588499408,2.5,0.0,True,11.741056358292665,61.00877192982456,60.328947368421055,59.978070175438596,70.43859649122807,66.14035087719299,912
grader,3.6973049640655518,4096,1.001953125,0.040208861231803894,1.3109424,87.76315789473684,87.29824561403508,83.42543859649123,79.09649122807018,-8.666666666666657,-5.974561403508764,0.9145615376555086,1.0,8.666666666666657,False,3.7314216268128013,42.083333333333336,39.84649122807018,38.68421052631579,49.05701754385965,43.728070175438596,912
graduate,3.92140793800354,4096,0.9370312690734863,0.04312747344374657,1.2135125,77.99561403508773,82.36842105263158,86.14035087719299,86.4298245614035,8.43421052631578,5.81491228070175,0.9021650063504567,2.5,0.0,True,2.9090583190962986,68.8157894736842,62.34649122807018,66.11842105263158,74.91228070175438,71.35964912280701,912
grandparent,3.425387144088745,4096,1.055859088897705,0.03586256876587868,1.184988,53.71052631578947,58.91228070175438,67.60964912280701,74.84210526315789,21.131578947368418,14.418421052631578,0.9913732773545718,2.5,0.0,True,7.522765473955483,62.74122807017544,60.96491228070175,60.021929824561404,72.25877192982456,66.84210526315789,912
guardian,3.8069353103637695,4096,0.9606246948242188,0.041507232934236526,1.4964179,73.1798245614035,74.5657894736842,78.98684210526316,81.41666666666667,8.236842105263165,5.826315789473691,0.9650745635239218,2.5,0.0,True,4.527339000194377,58.333333333333336,59.84649122807018,56.49122807017544,65.17543859649123,60.37280701754386,912
guide,3.7749085426330566,4096,1.0819966793060303,0.03973010927438736,1.5119482,93.19736842105263,93.65350877192982,91.16666666666667,87.41666666666667,-5.780701754385959,-3.965789473684205,0.8115869917788829,1.5,6.23684210526315,False,5.901010218318783,67.10526315789474,58.333333333333336,63.55263157894737,75.30701754385964,69.80263157894737,912
guru,3.6900768280029297,4096,0.938906192779541,0.039876051247119904,1.1559981,60.91228070175438,63.59649122807018,67.71052631578948,69.84210526315789,8.929824561403507,6.180701754385964,0.9863967138995261,2.5,0.0,True,2.899379281531658,47.521929824561404,44.03508771929825,46.33771929824562,56.73245614035088,48.574561403508774,912
hacker,3.9013328552246094,4096,0.9442191123962402,0.042346298694610596,1.3141555,40.71052631578947,47.94298245614035,61.21052631578947,76.54824561403508,35.83771929824561,24.156140350877187,0.9769493067156614,2.5,0.0,True,12.573326345515536,58.24561403508772,58.75,56.82017543859649,65.72368421052632,59.76315789473684,912
healer,3.826979160308838,4096,0.9271092414855957,0.04094519093632698,1.2334775,66.0657894736842,70.20614035087719,75.33771929824562,79.00877192982456,12.942982456140356,8.792105263157898,0.9963331839238133,2.5,0.0,True,6.265114464201695,67.82894736842105,62.93859649122807,66.09649122807018,72.32456140350877,67.80701754385964,912
hedonist,4.246016979217529,4096,1.3703904151916504,0.04430457577109337,1.4857756,33.5589519650655,40.301310043668124,49.506550218340614,57.64192139737991,24.082969432314407,16.290829694323143,0.9966677350877383,2.5,0.0,True,11.01567322998115,48.34061135371179,52.07423580786026,50.28384279475983,48.8646288209607,43.777292576419214,916
hermit,4.157900333404541,4096,1.232421875,0.045055847615003586,1.5859075,37.42982456140351,41.26754385964912,48.35964912280702,58.30701754385965,20.877192982456144,13.944736842105266,0.9629969667349125,2.5,0.0,True,7.919293863666013,39.3859649122807,41.29385964912281,40.04385964912281,49.824561403508774,40.90350877192982,912
historian,3.1842458248138428,4096,0.8885931968688965,0.03410856053233147,1.2027558,50.29824561403509,52.276315789473685,53.3640350877193,56.328947368421055,6.030701754385966,3.8359649122807027,0.9670642089791279,2.5,0.0,True,2.006537355760801,57.74122807017544,51.95175438596491,53.31140350877193,61.8421052631579,55.91228070175438,912
hive,3.7302722930908203,4096,1.0840625762939453,0.03992030397057533,1.8289636,40.24122807017544,44.74122807017544,55.333333333333336,72.0701754385965,31.828947368421055,21.215789473684215,0.9376154999772075,2.5,0.0,True,8.375925520463513,52.78508771929825,52.14912280701754,45.98684210526316,50.6359649122807,44.526315789473685,912
hoarder,4.110039234161377,4096,1.279921531677246,0.04288356378674507,1.4919263,34.64035087719298,40.43859649122807,54.35526315789474,72.26754385964912,37.627192982456144,25.35964912280702,0.9553884837720875,2.5,0.0,True,11.763087246012043,51.49122807017544,52.80701754385965,52.93859649122807,51.05263157894737,47.478070175438596,912
homunculus,4.011496543884277,4096,1.1806249618530273,0.04246602952480316,1.8327898,46.473684210526315,55.75438596491228,73.78947368421052,88.62280701754386,42.14912280701755,28.896491228070175,0.9859671340582854,2.5,0.0,True,15.441157554819535,74.18859649122807,72.09649122807018,72.5,78.25438596491227,74.03947368421052,912
hybrid,4.033790111541748,4096,1.072343349456787,0.04349078610539436,1.2567488,84.12719298245614,88.07456140350877,90.73245614035088,91.0701754385965,6.942982456140356,4.697368421052635,0.8928363767301689,2.5,0.0,True,3.0863386459567526,71.20614035087719,63.55263157894737,68.1798245614035,76.38157894736842,71.84210526315789,912
idealist,3.562786102294922,4096,0.9852612614631653,0.038002099841833115,1.1265142,69.58333333333333,70.85087719298245,74.56140350877193,74.48245614035088,4.899122807017548,3.6815789473684246,0.876127855870804,2.0,0.07894736842105488,False,3.2178675190824477,61.074561403508774,59.91228070175438,60.723684210526315,63.41228070175438,59.1359649122807,912
immigrant,3.1879329681396484,4096,0.9464840888977051,0.033999066799879074,1.5833566,49.44736842105263,52.09649122807018,58.56140350877193,65.10087719298245,15.653508771929822,10.685087719298243,0.9695405882772483,2.5,0.0,True,6.18155211178177,56.9078947368421,58.50877192982456,56.58771929824562,63.74122807017544,59.5921052631579,912
improviser,3.9684598445892334,4096,1.0948433876037598,0.04287783429026604,1.2202933,64.64035087719299,74.98245614035088,85.88157894736842,90.95175438596492,26.31140350877193,17.96666666666667,0.9782119175216463,2.5,0.0,True,10.25858816934542,72.71929824561404,69.9342105263158,72.12719298245614,77.98245614035088,74.91228070175438,912
infant,4.478322505950928,4096,1.618281364440918,0.046196527779102325,2.0212302,3.7280701754385963,7.2894736842105265,14.359649122807017,22.69736842105263,18.969298245614034,12.795614035087718,0.9717281390695526,2.5,0.0,True,3.258240462603554,9.078947368421053,7.0,9.359649122807017,12.846491228070175,6.548245614035087,912
influencer,3.4869141578674316,4096,1.0012497901916504,0.03609830141067505,1.0788428,66.92543859649123,74.85087719298245,81.84649122807018,84.10087719298245,17.17543859649122,11.704385964912277,0.9512989403075515,2.5,0.0,True,5.457102204183296,74.3859649122807,69.84649122807018,71.8201754385965,79.23245614035088,75.67105263157895,912
instructor,3.8157615661621094,4096,1.174612283706665,0.039795465767383575,1.5593979,92.82894736842105,92.8201754385965,89.9298245614035,84.41228070175438,-8.416666666666671,-5.6280701754386,0.8391424511936335,1.0,8.416666666666671,False,7.372735505891794,67.63157894736842,55.89912280701754,63.1359649122807,74.25438596491227,69.75877192982456,912
interpreter,3.427000045776367,4096,0.9384374618530273,0.03648538514971733,1.1340183,65.37719298245614,67.48245614035088,69.7280701754386,69.71052631578948,4.333333333333343,3.049122807017551,0.8914293471524612,2.0,0.017543859649123306,False,2.2901904500300225,63.04824561403509,57.521929824561404,59.62719298245614,69.80263157894737,64.8157894736842,912
interviewer,3.769597291946411,4096,0.9262504577636719,0.04159824177622795,1.6610596,79.76315789473684,80.4342105263158,80.95175438596492,77.91228070175438,-1.850877192982452,-1.0070175438596465,0.23967730319750374,2.0,3.0394736842105345,False,4.099965271955119,60.48245614035088,59.53947368421053,58.969298245614034,68.48684210526316,63.98245614035088,912
jester,4.274447441101074,4096,1.4038281440734863,0.04555028676986694,1.703574,38.0,45.78508771929825,59.71052631578947,72.97368421052632,34.973684210526315,23.76929824561403,0.9862911348407928,2.5,0.0,True,8.999482543289142,41.578947368421055,41.49122807017544,42.78508771929825,56.79824561403509,48.35526315789474,912
journalist,3.9711813926696777,4096,1.1309113502502441,0.041949059814214706,1.5609115,74.85399449035813,79.5068870523416,82.94765840220386,84.5524861878453,9.69849169748717,6.507249288464754,0.9576257184641231,2.5,0.0,True,3.2424484945444023,65.62154696132596,58.591160220994475,60.80110497237569,71.11878453038673,66.04972375690608,1451
judge,3.2531135082244873,4096,0.8832035064697266,0.03457818552851677,1.4777299,62.30701754385965,63.478070175438596,62.12280701754386,60.89912280701754,-1.4078947368421098,-1.1157894736842124,0.4654997410668056,1.5,2.578947368421055,False,1.9567245231001533,45.89912280701754,43.07017543859649,39.671052631578945,51.75438596491228,45.30701754385965,912
lawyer,3.3690011501312256,4096,0.8037136793136597,0.03569679707288742,1.5355384,60.99126637554585,61.53711790393013,62.056768558951966,63.25764192139738,2.266375545851531,1.4637554585152857,0.9529317574260788,2.5,0.0,True,3.443994762981524,51.65938864628821,47.314410480349345,42.79475982532751,58.10043668122271,50.4061135371179,916
leviathan,3.748227119445801,4096,1.078671932220459,0.040215056389570236,2.0791018,35.68421052631579,39.916666666666664,51.49122807017544,75.50438596491227,39.820175438596486,26.20701754385965,0.8964965443052062,2.5,0.0,True,12.212176485112517,49.12280701754386,56.64473684210526,48.17982456140351,54.3640350877193,48.03947368421053,912
librarian,3.5047881603240967,4096,0.9225783348083496,0.037770792841911316,1.4623392,71.85964912280701,71.89035087719299,70.90789473684211,67.48245614035088,-4.377192982456137,-2.8228070175438575,0.7633146893971321,1.5,4.40789473684211,False,4.181752341716424,50.43859649122807,48.99122807017544,48.28947368421053,60.04385964912281,54.14473684210526,912
linguist,3.168696880340576,4096,1.0177345275878906,0.03291541337966919,1.3972161,47.14473684210526,47.56140350877193,49.771929824561404,54.78508771929825,7.6403508771929864,5.026315789473687,0.8555287341586129,2.5,0.0,True,1.789307252098253,56.51315789473684,51.40350877192982,52.39035087719298,56.18421052631579,50.04385964912281,912
loner,3.4319443702697754,4096,0.8521099090576172,0.03727255389094353,1.3084402,41.14912280701754,45.521929824561404,50.925438596491226,62.219298245614034,21.070175438596493,13.722807017543861,0.9470688644626842,2.5,0.0,True,8.564294852859193,42.58771929824562,50.0,38.28947368421053,52.324561403508774,46.175438596491226,912
luddite,3.459296941757202,4096,0.9420313835144043,0.036755602806806564,1.2409667,32.15350877192982,36.32017543859649,41.61842105263158,50.17982456140351,18.026315789473685,11.875438596491229,0.972120543355494,2.5,0.0,True,11.099507294280603,46.60087719298246,45.48245614035088,47.280701754385966,46.62280701754386,39.078947368421055,912
marketer,3.5328164100646973,4096,0.8942966461181641,0.03756342828273773,1.3208953,64.55701754385964,65.07456140350877,66.05263157894737,66.76315789473684,2.2061403508771917,1.5192982456140356,0.9877394585553132,2.5,0.0,True,3.4500436436930526,57.45614035087719,53.574561403508774,52.76315789473684,62.56578947368421,58.31140350877193,912
martyr,4.119487285614014,4096,1.263359546661377,0.04408281669020653,1.6742052,35.25877192982456,40.76754385964912,49.86842105263158,63.08771929824562,27.828947368421055,18.517543859649123,0.966455773563058,2.5,0.0,True,7.698287582288832,45.6578947368421,46.53508771929825,43.85964912280702,49.166666666666664,43.728070175438596,912
mathematician,3.458183526992798,4096,0.8571090698242188,0.03844554349780083,1.5916998,61.51754385964912,64.76754385964912,67.76315789473684,71.00438596491227,9.48684210526315,6.291228070175433,0.9997470194711043,2.5,0.0,True,3.6502150088799175,60.89912280701754,60.48245614035088,58.728070175438596,68.57456140350877,63.24561403508772,912
maverick,4.30354118347168,4096,1.2273688316345215,0.04597272351384163,1.6409723,57.50877192982456,71.73245614035088,85.37719298245614,89.8640350877193,32.35526315789474,22.142105263157895,0.9572313662391746,2.5,0.0,True,14.027563614394259,66.71052631578948,65.10964912280701,64.56140350877193,71.77631578947368,67.25438596491227,912
mechanic,4.283376693725586,4096,1.550546646118164,0.04284407198429108,1.7221836,38.921052631578945,46.75438596491228,60.23684210526316,66.92105263157895,28.0,19.496491228070177,0.9832850543521208,2.5,0.0,True,9.831460079040687,63.925438596491226,58.39912280701754,60.32017543859649,66.63157894736842,61.5921052631579,912
mediator,3.3031504154205322,4096,0.8255462646484375,0.035489726811647415,1.1927447,82.31140350877193,83.23245614035088,83.40789473684211,81.67105263157895,-0.6403508771929864,-0.3491228070175453,0.07669633087046225,2.0,1.7368421052631646,False,3.4580285945660387,63.780701754385966,60.30701754385965,60.37280701754386,70.04385964912281,65.72368421052632,912
mentor,3.6254005432128906,4096,0.9344971179962158,0.03881848603487015,1.1926045,89.60087719298245,89.38157894736842,88.71929824561404,85.1359649122807,-4.464912280701753,-2.811403508771929,0.7590524282118213,1.0,4.464912280701753,False,3.5607052626034514,68.85964912280701,61.469298245614034,65.17543859649123,75.28508771929825,70.15789473684211,912
merchant,4.116021633148193,4096,1.3208599090576172,0.04306187480688095,1.3339818,50.723684210526315,56.63157894736842,66.5701754385965,77.40789473684211,26.684210526315795,17.998245614035092,0.9840429250961279,2.5,0.0,True,10.20093712930639,62.87280701754386,60.5921052631579,60.30701754385965,68.09210526315789,63.6140350877193,912
minimalist,3.6313462257385254,4096,1.0682029724121094,0.03945242986083031,1.3357722,33.46052631578947,34.9078947368421,40.01315789473684,41.969298245614034,8.508771929824562,6.126315789473685,0.9516902285636686,2.5,0.0,True,3.3973217435419882,25.57017543859649,26.907894736842106,28.50877192982456,30.087719298245613,25.81140350877193,912
moderator,3.7308595180511475,4096,0.9800384044647217,0.039426881819963455,1.3679534,80.48333333333333,76.375,69.77777777777777,57.5,-22.983333333333334,-15.109444444444446,0.9431712803463194,1.0,22.983333333333334,False,11.021615870111434,40.90277777777778,35.5,36.708333333333336,51.52777777777778,45.34722222222222,1440
musician,3.4933059215545654,4096,1.0552129745483398,0.03566422685980797,1.3308129,39.01315789473684,43.421052631578945,51.833333333333336,59.42982456140351,20.416666666666664,13.932456140350876,0.9849662503106208,2.5,0.0,True,8.112265336766466,65.24122807017544,59.671052631578945,62.925438596491226,68.04824561403508,64.17105263157895,912
mycorrhizal,4.353971004486084,4096,1.5469536781311035,0.04473321512341499,1.9550322,58.81578947368421,65.75877192982456,79.0701754385965,89.44298245614036,30.627192982456144,21.03859649122807,0.987027114063668,2.5,0.0,True,14.916004566337062,71.55701754385964,67.76315789473684,67.5,71.99561403508773,68.23684210526316,912
mystic,3.8505654335021973,4096,1.2113285064697266,0.04125048220157623,1.9145105,39.328947368421055,43.64473684210526,55.84649122807018,74.91666666666667,35.58771929824562,23.792982456140354,0.9285208937571445,2.5,0.0,True,11.239614197359726,50.5921052631579,50.09649122807018,52.87280701754386,57.11842105263158,49.50877192982456,912
narcissist,4.035037040710449,4096,1.1196093559265137,0.043046314269304276,1.6958537,31.359649122807017,36.11842105263158,46.26754385964912,59.969298245614034,28.609649122807017,19.19561403508772,0.9580593121219463,2.5,0.0,True,8.764280377868129,34.84649122807018,45.35087719298246,30.94298245614035,32.06140350877193,28.20175438596491,912
narrator,3.0421981811523438,4096,0.8890619277954102,0.033269304782152176,1.3717688,84.15350877192982,84.77631578947368,85.1798245614035,83.99561403508773,-0.15789473684209554,-0.01403508771929296,0.0002705215994587553,2.0,1.1842105263157805,False,1.7819980866723477,59.10087719298246,57.675438596491226,55.51754385964912,71.97368421052632,65.74561403508773,912
naturalist,3.422142744064331,4096,1.0685153007507324,0.03553057461977005,1.3149109,41.19298245614035,42.73245614035088,46.14473684210526,48.078947368421055,6.885964912280706,4.8140350877193,0.9796958852188873,2.5,0.0,True,2.2639096049096716,51.14035087719298,44.95614035087719,48.81578947368421,49.3640350877193,42.23684210526316,912
navigator,3.890716075897217,4096,1.1164846420288086,0.04180431738495827,1.3169174,72.6842105263158,75.89912280701755,78.87280701754386,81.29385964912281,8.609649122807014,5.7605263157894715,0.9961000440357844,2.5,0.0,True,2.428155363901201,64.3640350877193,60.416666666666664,62.45614035087719,72.25877192982456,67.54385964912281,912
negotiator,3.4534287452697754,4096,0.9473438262939453,0.03721451759338379,1.1223264,81.98245614035088,81.09210526315789,80.96052631578948,79.01315789473684,-2.9692982456140413,-1.807894736842107,0.8699541953777551,1.0,2.9692982456140413,False,3.5506028732127946,63.0921052631579,58.39912280701754,59.18859649122807,70.72368421052632,66.26315789473684,912
networker,3.8613312244415283,4096,1.0234370231628418,0.04147966951131821,1.2393512,71.90789473684211,76.17105263157895,81.41666666666667,79.9780701754386,8.070175438596493,5.891228070175441,0.7967590270015139,2.0,1.4385964912280684,False,3.493308621507127,67.5,64.29824561403508,64.64912280701755,71.11842105263158,66.79824561403508,912
newlywed,3.4365315437316895,4096,0.9700853824615479,0.03611796349287033,1.280443,42.06578947368421,47.57017543859649,53.28947368421053,57.54824561403509,15.482456140350877,10.433333333333334,0.9961328139192899,2.5,0.0,True,5.475869850597764,60.219298245614034,57.280701754385966,55.219298245614034,64.9342105263158,60.06578947368421,912
nomad,3.6497743129730225,4096,1.0935158729553223,0.03850187733769417,1.3257151,46.96052631578947,52.026315789473685,60.10087719298246,69.47368421052632,22.513157894736842,15.12280701754386,0.9835411553184253,2.5,0.0,True,7.804494258412035,51.60087719298246,51.31578947368421,50.921052631578945,61.9078947368421,54.969298245614034,912
novelist,3.4215173721313477,4096,1.0649213790893555,0.035766683518886566,0.9679894,50.78947368421053,57.83771929824562,65.33771929824562,73.0,22.210526315789473,14.826315789473682,0.9996418363275018,2.5,0.0,True,5.915815396737196,64.62719298245614,60.39473684210526,62.89473684210526,70.26315789473684,64.53947368421052,912
nutritionist,3.568650722503662,4096,0.8817968368530273,0.04018202796578407,1.9724892,42.18859649122807,42.48684210526316,41.87280701754386,39.06140350877193,-3.127192982456137,-1.999122807017541,0.6664670455063094,1.5,3.425438596491226,False,3.985524275719919,45.43859649122807,51.16228070175438,43.28947368421053,45.96491228070175,42.828947368421055,912
observer,4.061332702636719,4096,1.0089845657348633,0.04388364031910896,1.1854596,80.60964912280701,84.01754385964912,88.47368421052632,90.03508771929825,9.425438596491233,6.546491228070178,0.9704759867766208,2.5,0.0,True,4.7061402809714155,64.03508771929825,57.54385964912281,62.58771929824562,73.04824561403508,68.59649122807018,912
optimist,3.3110909461975098,4096,0.8905472755432129,0.035505492240190506,1.3057837,77.54585152838428,79.21834061135371,83.14410480349345,82.87336244541484,5.3275109170305655,3.9816593886462868,0.867605771966137,2.0,0.270742358078607,False,3.438874316126653,56.48471615720524,58.66812227074236,59.43231441048035,65.87336244541484,59.890829694323145,916
oracle,3.9904069900512695,4096,1.2771878242492676,0.04313485324382782,1.7826583,45.828947368421055,49.33771929824562,59.85087719298246,76.04385964912281,30.214912280701753,20.231578947368423,0.926968776680181,2.5,0.0,True,9.491165422879064,48.1359649122807,47.54385964912281,47.89473684210526,57.39035087719298,47.48245614035088,912
organizer,3.9906461238861084,4096,1.0182814598083496,0.04280577972531319,1.3245159,78.90789473684211,79.4298245614035,80.24122807017544,74.78508771929825,-4.122807017543863,-2.3114035087719316,0.3759781925635849,2.0,5.456140350877192,False,5.685578528731595,54.32017543859649,48.55263157894737,51.18421052631579,61.425438596491226,55.96491228070175,912
orphan,3.9415857791900635,4096,1.190624713897705,0.04182868078351021,1.3329983,45.175438596491226,53.50877192982456,62.333333333333336,72.49561403508773,27.3201754385965,18.157017543859656,0.9978882431157627,2.5,0.0,True,10.55733434192726,58.35526315789474,58.333333333333336,58.46491228070175,65.08771929824562,61.271929824561404,912
pacifist,3.547858715057373,4096,1.060234546661377,0.03753244876861572,1.1802795,69.29824561403508,70.84210526315789,71.0,72.85526315789474,3.557017543859658,2.1657894736842165,0.9214838161101984,2.5,0.0,True,2.8401525739805695,57.34649122807018,57.45614035087719,58.925438596491226,62.280701754385966,58.06140350877193,912
paramedic,4.2675676345825195,4096,1.473827838897705,0.04358644038438797,1.6627084,48.89035087719298,55.30701754385965,60.473684210526315,66.00438596491227,17.114035087719294,11.301754385964909,0.9979592982675524,2.5,0.0,True,4.937821396997798,56.51315789473684,50.54824561403509,51.95175438596491,58.28947368421053,54.01315789473684,912
parasite,4.075311183929443,4096,1.3170313835144043,0.04271410405635834,1.822572,23.013157894736842,27.37719298245614,40.18421052631579,61.44298245614035,38.42982456140351,25.619298245614033,0.9199836847207096,2.5,0.0,True,13.409126373823204,51.18421052631579,53.026315789473685,47.280701754385966,48.35526315789474,43.86842105263158,912
parent,3.8244974613189697,4096,1.1257810592651367,0.04003727063536644,1.1745034,55.3859649122807,63.08771929824562,68.6798245614035,68.99561403508773,13.609649122807028,9.284210526315794,0.8839932444045464,2.5,0.0,True,6.623408420520977,58.530701754385966,55.6578947368421,51.29385964912281,62.45614035087719,56.29385964912281,912
patient,3.656367301940918,4096,1.078125,0.03861592710018158,1.1844498,63.79824561403509,67.54385964912281,71.92105263157895,75.20614035087719,11.407894736842103,7.720175438596489,0.9973016399785367,2.5,0.0,True,4.2324411218731965,54.32017543859649,53.75,53.68421052631579,65.41666666666667,59.39912280701754,912
peacekeeper,3.5366952419281006,4096,1.0380468368530273,0.03707412630319595,1.1128081,84.78508771929825,85.03508771929825,84.53070175438596,84.30701754385964,-0.478070175438603,-0.38771929824561935,0.6314693903936941,1.5,0.728070175438603,False,2.2574838790883254,62.478070175438596,58.50877192982456,60.04385964912281,69.03508771929825,64.69298245614036,912
perfectionist,3.3818650245666504,4096,0.8795393705368042,0.036516495048999786,1.2201428,75.19298245614036,78.60526315789474,80.1359649122807,81.65350877192982,6.4605263157894655,4.182456140350871,0.953263318911693,2.5,0.0,True,3.7089373640773973,59.583333333333336,59.56140350877193,58.17982456140351,64.58333333333333,59.84649122807018,912
pharmacist,3.940321445465088,4096,1.1567187309265137,0.04155850037932396,1.4689837,58.29824561403509,57.68421052631579,56.63157894736842,52.16228070175438,-6.135964912280706,-3.892105263157897,0.8199072391796922,1.0,6.135964912280706,False,5.117212633969226,48.24561403508772,42.19298245614035,43.50877192982456,53.66228070175438,47.85087719298246,912
philosopher,2.7489874362945557,4096,0.6634373664855957,0.029820501804351807,1.4386258,64.21834061135371,67.1004366812227,68.38427947598254,69.04366812227074,4.825327510917035,3.151965065502188,0.9063929995897712,2.5,0.0,True,1.9599091335078422,54.75982532751092,55.21834061135371,53.97379912663755,64.06113537117903,55.624454148471614,916
photographer,4.044723987579346,4096,1.2582812309265137,0.04212488979101181,1.5180284,37.95614035087719,43.68859649122807,46.25,49.0921052631579,11.135964912280706,7.1938596491228095,0.9601586502239381,2.5,0.0,True,3.9834145110939274,56.030701754385966,50.04385964912281,53.50877192982456,62.60964912280702,57.10526315789474,912
physicist,3.1994574069976807,4096,0.8178911209106445,0.0335954986512661,1.4605656,58.09649122807018,60.07017543859649,63.21491228070175,66.84210526315789,8.745614035087712,5.876315789473679,0.9838793367388047,2.5,0.0,True,1.9961039001045386,62.80701754385965,59.42982456140351,59.69298245614035,67.03947368421052,61.030701754385966,912
pilgrim,3.5691421031951904,4096,1.0568747520446777,0.038523461669683456,1.4474542,34.36842105263158,37.3421052631579,42.00438596491228,48.37280701754386,14.00438596491228,9.335087719298246,0.9742326118500895,2.5,0.0,True,4.4103276110357825,36.31578947368421,35.6359649122807,37.34649122807018,43.55263157894737,35.4078947368421,912
pilot,3.484482526779175,4096,1.1363277435302734,0.03675408661365509,1.5609156,50.26315789473684,54.07017543859649,59.46491228070175,64.80701754385964,14.543859649122801,9.805263157894732,0.994014513596891,2.5,0.0,True,5.652093877217303,51.578947368421055,51.14035087719298,47.916666666666664,61.11842105263158,54.078947368421055,912
pirate,4.454648017883301,4096,1.6825003623962402,0.04592552036046982,1.7709616,18.19298245614035,24.837719298245613,36.43859649122807,55.44736842105263,37.25438596491228,24.67280701754386,0.951819635834195,2.5,0.0,True,7.005779720750643,27.5,18.50877192982456,24.364035087719298,46.18421052631579,32.12719298245614,912
planner,3.4406278133392334,4096,0.9603123664855957,0.03644458204507828,1.2440735,84.12719298245614,82.93859649122807,82.71052631578948,78.4780701754386,-5.649122807017534,-3.435087719298238,0.8060620268640796,1.0,5.649122807017534,False,3.391254741049134,66.09649122807018,61.8859649122807,61.469298245614034,71.00877192982456,67.65350877192982,912
playwright,3.874875783920288,4096,1.1242966651916504,0.04106203839182854,1.3767934,51.37280701754386,57.328947368421055,71.29824561403508,84.03508771929825,32.66228070175438,22.391228070175437,0.9754566501188403,2.5,0.0,True,8.945187111910485,73.26754385964912,68.57456140350877,69.84649122807018,73.50877192982456,70.25877192982456,912
podcaster,3.531001329421997,4096,1.1800775527954102,0.03660107031464577,1.1806592,70.58771929824562,74.54824561403508,80.50877192982456,83.3201754385965,12.732456140350877,8.831578947368422,0.9833004094052622,2.5,0.0,True,3.545623534490079,74.58333333333333,70.65789473684211,73.03947368421052,79.75877192982456,75.8201754385965,912
poet,3.451352596282959,4096,1.028515338897705,0.036621689796447754,1.3531278,38.55263157894737,43.6359649122807,51.94298245614035,65.02631578947368,26.473684210526315,17.54561403508772,0.9597922753131775,2.5,0.0,True,8.099848956881663,47.43421052631579,46.82017543859649,50.08771929824562,59.18859649122807,51.39473684210526,912
polymath,3.510280132293701,4096,1.064218521118164,0.03763524442911148,1.2457104,86.73684210526316,87.22368421052632,85.59649122807018,85.41666666666667,-1.3201754385964932,-1.1175438596491234,0.6768626404330408,1.5,1.8070175438596436,False,3.406622698612746,71.51315789473684,65.28508771929825,67.98245614035088,78.10526315789474,73.30263157894737,912
pragmatist,3.8930399417877197,4096,1.0693745613098145,0.04223793372511864,1.5269898,80.46288209606988,84.03056768558952,86.29257641921397,86.62008733624454,6.157205240174662,4.146724890829688,0.8904471530264574,2.5,0.0,True,4.177694243778352,63.66812227074236,63.23144104803494,64.12663755458516,73.62445414847161,69.49781659388647,916
predator,4.072451114654541,4096,1.315859317779541,0.042083583772182465,1.7454845,16.767543859649123,22.55701754385965,37.28947368421053,64.19736842105263,47.42982456140351,31.40438596491228,0.9167026878259834,2.5,0.0,True,15.090086797943425,48.61842105263158,51.99561403508772,45.10964912280702,50.10964912280702,44.14473684210526,912
presenter,3.567753791809082,4096,1.0649218559265137,0.03708576411008835,1.1627733,82.69298245614036,86.05701754385964,88.02631578947368,86.67543859649123,3.9824561403508767,2.783333333333334,0.6277243118629711,2.0,1.350877192982452,False,2.7926410212478414,75.54824561403508,69.3201754385965,72.06140350877193,78.50877192982456,74.34210526315789,912
prey,4.496997356414795,4096,1.4125776290893555,0.04693635553121567,1.9849688,33.89912280701754,43.95175438596491,65.06140350877193,81.65789473684211,47.75877192982457,32.877192982456144,0.9833860001519652,2.5,0.0,True,16.575588992646722,61.25,63.0921052631579,57.03947368421053,57.06140350877193,54.29385964912281,912
prisoner,3.9960732460021973,4096,1.213202953338623,0.04194285720586777,1.4051226,33.25,38.66228070175438,49.5921052631579,63.1140350877193,29.8640350877193,20.104385964912286,0.9676892678800545,2.5,0.0,True,10.866575390227961,42.58771929824562,44.01315789473684,42.54385964912281,51.49122807017544,43.31140350877193,912
procrastinator,4.159399032592773,4096,1.231640338897705,0.044234201312065125,1.4044826,36.69298245614035,43.26754385964912,58.64473684210526,70.90350877192982,34.21052631578947,23.60175438596491,0.9786599831146563,2.5,0.0,True,10.173500840440463,42.828947368421055,48.99122807017544,44.86842105263158,43.04824561403509,40.219298245614034,912
prodigy,4.554549217224121,4096,1.2292184829711914,0.04879350960254669,1.9375846,73.06140350877193,78.76754385964912,84.21052631578948,82.98245614035088,9.921052631578945,7.041228070175438,0.8149330826368234,2.0,1.228070175438603,False,3.5202348911519494,61.29385964912281,57.45614035087719,57.60964912280702,67.19298245614036,62.78508771929825,912
producer,3.6857194900512695,4096,1.0784378051757812,0.0383601076900959,1.214248,73.34210526315789,74.99122807017544,76.96929824561404,76.45614035087719,3.1140350877193015,2.2640350877193014,0.8035411455980532,2.0,0.5131578947368496,False,3.157006476271424,62.828947368421055,55.921052631578945,57.63157894736842,70.43859649122807,65.19736842105263,912
programmer,3.809183120727539,4096,0.9814492464065552,0.04119296744465828,1.6519938,64.55263157894737,66.89473684210526,69.68859649122807,66.89473684210526,2.3421052631578902,1.9640350877192958,0.3641812784248682,2.0,2.7938596491228083,False,5.526732219813789,56.228070175438596,55.67982456140351,54.978070175438596,65.92105263157895,61.40350877192982,912
proofreader,3.398391008377075,4096,1.0021075010299683,0.035219162702560425,1.4592595,48.59649122807018,48.44298245614035,48.81578947368421,49.271929824561404,0.675438596491226,0.4798245614035082,0.7369407534204366,2.5,0.0,False,4.798646445506747,44.3640350877193,39.62719298245614,40.50438596491228,52.171052631578945,46.64473684210526,912
prophet,4.521474838256836,4096,1.433516025543213,0.048863910138607025,2.0315108,44.33771929824562,52.60526315789474,71.34210526315789,84.26754385964912,39.92982456140351,27.705263157894734,0.9809058113003878,2.5,0.0,True,15.306454714765446,68.04824561403508,65.92105263157895,65.24122807017544,70.10964912280701,66.00877192982456,912
provincial,3.773303747177124,4096,1.267343521118164,0.0391639769077301,1.2471697,45.43859649122807,53.41228070175438,67.02631578947368,79.50877192982456,34.07017543859649,23.164912280701756,0.9891243847673171,2.5,0.0,True,12.663791244759079,63.88157894736842,59.583333333333336,61.44736842105263,72.91666666666667,67.09649122807018,912
provocateur,4.274341106414795,4096,1.2775778770446777,0.045791469514369965,1.3688933,36.57017543859649,42.41228070175438,62.61842105263158,78.80263157894737,42.23245614035088,29.380701754385967,0.9611267651873373,2.5,0.0,True,12.80812893529278,51.9078947368421,56.030701754385966,49.95614035087719,55.6578947368421,49.46491228070175,912
psychologist,3.210434913635254,4096,0.729070246219635,0.034763142466545105,1.5557615,70.08333333333333,69.76754385964912,69.31140350877193,68.96491228070175,-1.1184210526315752,-0.7622807017543834,0.9953944810223354,1.0,1.1184210526315752,False,1.6226896817907988,66.75438596491227,63.07017543859649,64.9780701754386,70.52631578947368,67.28070175438596,912
publisher,3.604231357574463,4096,0.9905471801757812,0.038389720022678375,1.1418636,60.24561403508772,62.49122807017544,65.46929824561404,68.25,8.00438596491228,5.398245614035089,0.9968581045866556,2.5,0.0,True,1.585359084801964,65.85526315789474,59.86842105263158,61.030701754385966,69.51754385964912,65.52631578947368,912
purist,3.7763609886169434,4096,1.0134377479553223,0.04088813439011574,1.3512579,68.42543859649123,70.37719298245614,72.68859649122807,77.5219298245614,9.096491228070164,5.920175438596485,0.9499211840093997,2.5,0.0,True,3.803460822024493,49.18859649122807,47.19298245614035,46.11842105263158,54.05701754385965,47.41228070175438,912
realist,4.013901710510254,4096,1.036484718322754,0.04341353848576546,1.4117093,84.3157894736842,86.34210526315789,87.65350877192982,86.35964912280701,2.0438596491228083,1.4885964912280714,0.4855671606684746,2.0,1.2938596491228083,False,2.7379846507214944,60.6140350877193,58.925438596491226,60.76754385964912,72.08333333333333,68.88157894736842,912
rebel,3.584899425506592,4096,0.996640682220459,0.03821748122572899,1.0175107,35.69298245614035,40.25877192982456,51.31140350877193,63.12280701754386,27.429824561403514,18.668421052631583,0.9672176253475848,2.5,0.0,True,9.914392533621546,42.54385964912281,48.50877192982456,42.521929824561404,48.90350877192982,41.82017543859649,912
recruiter,3.447910785675049,4096,0.8985152244567871,0.03648725152015686,1.5295645,61.75877192982456,63.1359649122807,66.39035087719299,64.76754385964912,3.0087719298245617,2.4561403508771944,0.624657394541259,2.0,1.6228070175438631,False,2.0514383948950385,62.74122807017544,59.671052631578945,59.21052631578947,66.95175438596492,62.9078947368421,912
refugee,3.4396591186523438,4096,1.061406135559082,0.035685598850250244,1.4655186,35.21491228070175,40.824561403508774,47.10964912280702,57.15350877192982,21.93859649122807,14.420175438596491,0.9796813314379008,2.5,0.0,True,7.831457272164104,51.9078947368421,51.11842105263158,51.16228070175438,58.17982456140351,53.39912280701754,912
reporter,4.312051296234131,4096,1.269775390625,0.044873449951410294,1.6844217,68.4780701754386,75.23245614035088,81.96052631578948,81.13157894736842,12.653508771929822,8.937719298245614,0.8529689855926352,2.0,0.8289473684210549,False,7.3346316141996315,69.3859649122807,63.48684210526316,65.08771929824562,73.02631578947368,68.69736842105263,912
researcher,3.650308609008789,4096,0.7565622329711914,0.040461957454681396,1.6984382,87.1140350877193,87.4780701754386,87.06140350877193,83.8640350877193,-3.25,-2.033333333333334,0.605232839741467,1.5,3.6140350877193015,False,3.79375974168157,65.6798245614035,63.421052631578945,62.93859649122807,74.45175438596492,69.82456140350877,912
retiree,3.2625069618225098,4096,0.9899215698242188,0.03430783376097679,1.1101766,49.51754385964912,54.23684210526316,60.12719298245614,66.71052631578948,17.192982456140356,11.49385964912281,0.9946988016444498,2.5,0.0,True,8.558011635804686,59.93421052631579,58.64035087719298,58.55263157894737,69.16666666666667,64.4298245614035,912
revenant,4.151460647583008,4096,1.290781021118164,0.045319315046072006,2.1184032,11.368421052631579,13.596491228070175,17.763157894736842,37.60087719298246,26.23245614035088,16.572807017543862,0.7979113902906415,2.5,0.0,True,6.356988646656047,18.771929824561404,29.714912280701753,23.135964912280702,19.714912280701753,15.855263157894736,912
reviewer,3.4050726890563965,4096,0.9032812118530273,0.03684607520699501,1.3009073,88.53508771929825,87.24122807017544,84.6842105263158,79.75,-8.785087719298247,-5.7824561403508765,0.9252820276521245,1.0,8.785087719298247,False,5.634944829673796,63.925438596491226,57.521929824561404,58.925438596491226,72.06140350877193,67.48245614035088,912
revolutionary,3.8702590465545654,4096,1.2376556396484375,0.040170781314373016,1.4869562,43.23684210526316,49.48684210526316,58.87280701754386,69.69298245614036,26.4561403508772,17.75087719298246,0.9865581805854585,2.5,0.0,True,9.24755918179871,53.44298245614035,54.01315789473684,51.8640350877193,54.771929824561404,49.94298245614035,912
robot,4.313784122467041,4096,1.340078353881836,0.044870663434267044,1.8721799,87.12719298245614,87.04385964912281,85.84210526315789,77.34210526315789,-9.785087719298247,-6.111403508771931,0.704106151724378,1.0,9.785087719298247,False,6.541961124816611,52.03947368421053,48.99122807017544,50.26315789473684,57.65350877192982,51.06578947368421,912
rogue,4.194333076477051,4096,1.2225780487060547,0.04430104047060013,1.6818049,30.350877192982455,40.81578947368421,64.82894736842105,82.81140350877193,52.46052631578948,36.27894736842105,0.9801637343005883,2.5,0.0,True,18.972090550995382,62.89473684210526,63.0921052631579,59.86842105263158,68.50877192982456,64.00438596491227,912
romantic,3.153604030609131,4096,1.0192971229553223,0.03362046927213669,1.2883657,39.05240174672489,41.171052631578945,45.166666666666664,49.15350877192982,10.101107025204932,6.8597870221405035,0.9824567610883066,2.5,0.0,True,3.37139519983839,35.0,44.780701754385966,44.71491228070175,44.12280701754386,37.66228070175438,916
saboteur,3.782468557357788,4096,0.9710936546325684,0.04128924384713173,1.6435153,24.80263157894737,30.464912280701753,41.03947368421053,60.39035087719298,35.58771929824561,23.46754385964912,0.9353381959903092,2.5,0.0,True,10.465258140221788,42.23684210526316,48.61842105263158,41.33771929824562,46.51315789473684,41.05263157894737,912
sage,3.228227376937866,4096,0.7979797720909119,0.03490995243191719,1.2283169,79.67105263157895,79.75,77.04824561403508,76.1842105263158,-3.4868421052631504,-2.632456140350874,0.8704869110428387,1.5,3.5657894736842053,False,1.9642802759127984,48.64035087719298,46.11842105263158,46.05263157894737,61.666666666666664,53.280701754385966,912
scheduler,3.9322524070739746,4096,1.141171932220459,0.04136311262845993,1.3016078,54.771929824561404,56.43859649122807,56.70614035087719,53.01754385964912,-1.7543859649122808,-0.9991228070175439,0.14269736889142134,2.0,3.6885964912280684,False,5.987908283840784,49.3859649122807,43.55263157894737,45.6140350877193,57.5,52.5,912
scholar,3.107736825942993,4096,0.7912497520446777,0.033741407096385956,1.1242304,89.05701754385964,88.03947368421052,87.64912280701755,86.00877192982456,-3.048245614035082,-1.9070175438596437,0.9433157428327344,1.0,3.048245614035082,False,2.3402180263837864,69.47368421052632,65.74561403508773,67.39035087719299,79.27631578947368,74.84649122807018,912
scientist,3.6703500747680664,4096,0.982421875,0.03973596543073654,1.3371792,81.44978165938865,80.60698689956332,79.9780701754386,77.5589519650655,-3.890829694323145,-2.4602811614188314,0.9020038574048194,1.0,3.890829694323145,False,4.28479488180992,60.633187772925766,57.94759825327511,57.79475982532751,69.45414847161572,64.25764192139738,916
scout,4.108814716339111,4096,1.070624828338623,0.045088011771440506,1.3679498,48.84649122807018,57.578947368421055,73.13157894736842,81.40789473684211,32.56140350877193,22.647368421052633,0.9846608612414744,2.5,0.0,True,9.234356677280966,65.96491228070175,62.1359649122807,62.31578947368421,69.82456140350877,64.64912280701755,912
screener,3.4324405193328857,4096,0.9017088413238525,0.036099955439567566,1.3777822,74.80701754385964,74.84649122807018,75.3157894736842,75.74561403508773,0.9385964912280826,0.657017543859655,0.9165859277352554,2.5,0.0,True,2.429944344256853,50.28508771929825,45.6578947368421,46.16228070175438,59.18859649122807,53.223684210526315,912
secretary,4.091058254241943,4096,1.1669456958770752,0.04275018721818924,1.5350164,61.671052631578945,62.60964912280702,59.6578947368421,51.69298245614035,-9.978070175438596,-6.5771929824561415,0.7311740766424362,1.5,10.916666666666671,False,9.788156432400573,40.70175438596491,36.53508771929825,36.05263157894737,51.074561403508774,45.06578947368421,912
shaman,4.371306896209717,4096,1.6498441696166992,0.04403308033943176,1.8997573,32.12280701754386,38.85964912280702,53.578947368421055,74.09649122807018,41.973684210526315,28.128070175438598,0.9539737309859733,2.5,0.0,True,14.500125620358578,60.24122807017544,55.57017543859649,57.85087719298246,64.21052631578948,56.96052631578947,912
shapeshifter,4.0191192626953125,4096,1.3136720657348633,0.04240734130144119,1.84863,44.98684210526316,52.46052631578947,66.96491228070175,83.74122807017544,38.75438596491228,26.153508771929825,0.974062777490435,2.5,0.0,True,11.779794751317912,71.05263157894737,69.47368421052632,69.53947368421052,73.96929824561404,70.5657894736842,912
simulacrum,4.262311935424805,4096,1.110234260559082,0.04658380150794983,2.2941492,67.8640350877193,76.82894736842105,86.95614035087719,93.4298245614035,25.565789473684205,17.364912280701752,0.9928585721512174,2.5,0.0,True,8.44662825674639,78.7280701754386,77.71052631578948,76.33771929824562,80.57894736842105,78.0701754385965,912
skeptic,3.3145570755004883,4096,0.9095315933227539,0.035667356103658676,1.1903586,58.328947368421055,62.074561403508774,65.91228070175438,70.79385964912281,12.464912280701753,8.246491228070173,0.9956907568777585,2.5,0.0,True,4.598069973468943,50.96491228070175,55.76754385964912,51.62280701754386,59.1359649122807,54.526315789473685,912
smuggler,4.488242149353027,4096,1.275078296661377,0.04759540781378746,1.7120671,28.785087719298247,39.219298245614034,64.5,80.9298245614035,52.14473684210526,36.34298245614035,0.9780430443257753,2.5,0.0,True,18.187502183378285,62.69736842105263,62.828947368421055,61.00877192982456,68.20175438596492,64.47368421052632,912
sociologist,3.424071788787842,4096,0.8026561737060547,0.03715578094124794,1.272167,73.14912280701755,75.33333333333333,75.05701754385964,76.64035087719299,3.4912280701754383,2.039473684210526,0.8355301138616278,2.5,0.0,False,2.6663256142764857,64.21052631578948,58.28947368421053,59.978070175438596,68.35526315789474,62.719298245614034,912
soldier,4.204076766967773,4096,1.218672275543213,0.04376169294118881,1.4666319,44.530701754385966,54.83771929824562,69.87719298245614,77.94736842105263,33.416666666666664,23.057894736842105,0.9879624609785929,2.5,0.0,True,11.178774588339937,56.29385964912281,51.9078947368421,49.89035087719298,64.01315789473684,57.35964912280702,912
sommelier,3.763441801071167,4096,1.3840618133544922,0.03859081119298935,1.3704978,22.982456140350877,24.32894736842105,27.521929824561404,29.657894736842106,6.6754385964912295,4.643859649122808,0.9790320079031166,2.5,0.0,True,2.157021334714634,50.74561403508772,43.333333333333336,46.60087719298246,51.030701754385966,44.96052631578947,912
specialist,3.6209876537323,4096,0.9485158920288086,0.03876032307744026,1.127281,88.61842105263158,87.91666666666667,85.3157894736842,79.65789473684211,-8.960526315789465,-5.896491228070173,0.875014310756034,1.0,8.960526315789465,False,5.934523799081359,59.276315789473685,56.09649122807018,56.55701754385965,69.89035087719299,64.84649122807018,912
spirit,4.260683536529541,4096,1.3768749237060547,0.04528806731104851,1.9774251,43.54824561403509,51.31578947368421,63.81140350877193,84.26754385964912,40.719298245614034,26.930701754385968,0.9569615043706925,2.5,0.0,True,14.522017662084519,60.5921052631579,60.276315789473685,58.969298245614034,66.2719298245614,60.219298245614034,912
spy,3.7809958457946777,4096,1.096484661102295,0.040459636598825455,1.2657168,32.83771929824562,37.33771929824562,50.10964912280702,69.5657894736842,36.72807017543859,24.591228070175436,0.9309723379003473,2.5,0.0,True,12.490170221609617,54.473684210526315,54.978070175438596,51.469298245614034,60.921052631578945,54.44298245614035,912
statistician,3.361395835876465,4096,0.7417187690734863,0.036747660487890244,1.6276579,60.70614035087719,61.43859649122807,62.14473684210526,63.083333333333336,2.377192982456144,1.5675438596491247,0.9954717969260212,2.5,0.0,True,2.2962153686017306,51.578947368421055,49.51754385964912,50.54824561403509,59.69298245614035,55.0,912
stoic,4.04255485534668,4096,1.0140624046325684,0.045121461153030396,1.9291298,48.583333333333336,53.26754385964912,60.675438596491226,66.3201754385965,17.736842105263158,12.123684210526315,0.993311017380469,2.5,0.0,True,5.788412140284777,37.280701754385966,51.49122807017544,47.675438596491226,54.42982456140351,45.57017543859649,912
strategist,3.9555957317352295,4096,1.0433597564697266,0.04333086311817169,1.2246326,82.68859649122807,82.62280701754386,81.85087719298245,77.64473684210526,-5.043859649122808,-3.180701754385967,0.7308257052078773,1.0,5.043859649122808,False,5.431498705034092,58.83771929824562,54.60526315789474,54.93421052631579,66.38157894736842,61.469298245614034,912
student,3.37634539604187,4096,0.8288278579711914,0.036438602954149246,1.1160319,74.84210526315789,77.64473684210526,81.15789473684211,83.4298245614035,8.587719298245617,5.85526315789474,0.9939493859205605,2.5,0.0,True,3.307675615704022,67.5219298245614,64.45175438596492,66.14035087719299,74.89035087719299,70.96491228070175,912
summarizer,3.259979248046875,4096,0.8598442077636719,0.03565575182437897,1.2839581,80.69298245614036,80.07456140350877,74.5,69.29824561403508,-11.394736842105274,-7.951754385964918,0.9221601925472936,1.0,11.394736842105274,False,4.67349915457894,58.75,55.921052631578945,58.35526315789474,71.09649122807018,67.80701754385964,912
supervisor,3.9577109813690186,4096,1.1053905487060547,0.04165615141391754,1.2008528,82.71052631578948,79.49122807017544,73.58771929824562,59.30701754385965,-23.40350877192983,-15.222807017543863,0.8999331537499016,1.0,23.40350877192983,False,10.548707648139189,47.63157894736842,40.0,39.84649122807018,52.34649122807018,46.79824561403509,912
surfer,4.100420951843262,4096,1.349374771118164,0.04254229739308357,1.6021451,33.95175438596491,38.39473684210526,49.99122807017544,56.85526315789474,22.90350877192983,16.061403508771935,0.9742313026256952,2.5,0.0,True,7.230765932646662,36.75438596491228,33.37719298245614,37.10526315789474,51.31578947368421,42.60964912280702,912
survivor,3.224329710006714,4096,1.0024218559265137,0.033642031252384186,1.3595617,43.60087719298246,47.28508771929825,55.38157894736842,66.72368421052632,23.122807017543856,15.492982456140348,0.9532073713472347,2.5,0.0,True,7.520892390717857,53.574561403508774,56.64473684210526,53.026315789473685,59.73684210526316,54.91228070175438,912
swarm,4.242008686065674,4096,1.1871089935302734,0.04478318989276886,1.9529804,65.96052631578948,74.42105263157895,84.03947368421052,88.57894736842105,22.618421052631575,15.49473684210526,0.9810767337800009,2.5,0.0,True,9.35306664364605,75.24122807017544,69.95614035087719,69.53947368421052,76.84210526315789,72.6798245614035,912
symbiont,4.170369625091553,4096,1.222031593322754,0.04466860741376877,2.0539696,51.42982456140351,62.24561403508772,78.99122807017544,91.6842105263158,40.25438596491229,27.501754385964915,0.9938363753280947,2.5,0.0,True,12.980368565531313,78.48684210526316,74.8157894736842,74.34210526315789,79.64912280701755,76.83333333333333,912
synthesizer,3.4486284255981445,4096,0.8360934257507324,0.038172319531440735,1.301256,71.66228070175438,75.68859649122807,80.83771929824562,85.93859649122807,14.276315789473685,9.59561403508772,0.9969057377365007,2.5,0.0,True,5.414851349661349,68.0701754385965,66.16228070175438,66.73245614035088,73.57456140350877,68.46052631578948,912
teacher,3.85371994972229,4096,1.0960073471069336,0.041003137826919556,1.5227647,90.58333333333333,89.82894736842105,85.4298245614035,78.35964912280701,-12.223684210526315,-8.2140350877193,0.8938114680487954,1.0,12.223684210526315,False,4.244666293916003,58.66228070175438,54.62719298245614,53.574561403508774,67.5219298245614,62.12719298245614,912
technologist,3.3567395210266113,4096,0.9454684257507324,0.036149173974990845,1.2356849,75.58771929824562,77.67543859649123,79.35964912280701,80.53947368421052,4.951754385964904,3.3078947368420986,0.9851215239953127,2.5,0.0,True,1.819811432103693,69.01315789473684,68.61842105263158,67.19298245614036,75.52631578947368,71.35087719298245,912
teenager,3.5002551078796387,4096,0.9576757550239563,0.036764491349458694,1.3242743,34.46052631578947,41.89912280701754,57.6140350877193,69.71491228070175,35.25438596491228,24.29561403508772,0.9833367775543909,2.5,0.0,True,14.435748288881603,58.333333333333336,60.175438596491226,58.28947368421053,68.53070175438596,64.29824561403508,912
theorist,3.137796401977539,4096,0.7633600234985352,0.03542672097682953,1.3869696,85.7280701754386,86.33333333333333,86.37719298245614,85.6359649122807,-0.09210526315790446,-0.04649122807018102,0.0058931512309756875,2.0,0.7412280701754383,False,1.2828813359214835,69.95614035087719,69.45175438596492,67.99561403508773,77.78508771929825,73.27631578947368,912
therapist,3.489194631576538,4096,0.8583475351333618,0.03784438222646713,1.3878839,69.12719298245614,69.9780701754386,71.57894736842105,72.15350877192982,3.026315789473685,2.135964912280701,0.9699219462481771,2.5,0.0,True,2.5143456125969124,68.1359649122807,61.51315789473684,63.85964912280702,71.3157894736842,68.33333333333333,912
toddler,5.114455223083496,4096,1.8291406631469727,0.05235546827316284,2.4947052,3.6184210526315788,8.074561403508772,13.105263157894736,18.56140350877193,14.942982456140353,9.971929824561403,0.9979838523466609,2.5,0.0,True,4.178272404931507,14.364035087719298,8.140350877192983,15.0,16.842105263157894,10.657894736842104,912
traditionalist,3.524693012237549,4096,1.0456252098083496,0.03733350336551666,1.1705204,51.43859649122807,55.69298245614035,61.85087719298246,69.73684210526316,18.298245614035096,12.21052631578948,0.9826085651264995,2.5,0.0,True,5.539874458553047,50.6359649122807,46.8421052631579,47.74122807017544,54.89035087719298,47.171052631578945,912
trainer,3.47544527053833,4096,0.9791407585144043,0.03581617772579193,1.2912474,86.91228070175438,87.90350877192982,87.3201754385965,85.0219298245614,-1.8903508771929864,-1.2508771929824576,0.4195329069527536,1.5,2.881578947368425,False,4.442314138029304,70.89912280701755,65.28508771929825,67.74122807017544,76.8640350877193,73.31140350877193,912
translator,3.600816249847412,4096,0.9782789349555969,0.03846988081932068,1.2681869,47.24122807017544,47.05263157894737,49.68421052631579,53.324561403508774,6.083333333333336,4.176315789473685,0.8506017730563655,2.5,0.0,False,4.142895172548214,59.4078947368421,54.583333333333336,58.07017543859649,66.53508771929825,62.44736842105263,912
tree,3.951277256011963,4096,1.2875776290893555,0.04099123179912567,1.7214085,44.33771929824562,53.03947368421053,70.24561403508773,85.48245614035088,41.14473684210526,28.128070175438598,0.9839210151962897,2.5,0.0,True,14.658384232990244,57.89473684210526,56.68859649122807,55.5921052631579,62.58771929824562,56.74561403508772,912
trickster,4.466369152069092,4096,1.380000114440918,0.04737407714128494,1.7866634,33.10087719298246,45.280701754385966,68.9342105263158,85.39473684210526,52.2938596491228,36.10701754385965,0.986677967787148,2.5,0.0,True,16.975858316996593,61.25,62.01754385964912,59.51754385964912,66.8859649122807,62.30701754385965,912
tulpa,3.3672943115234375,4096,1.0221872329711914,0.03563222289085388,1.4750905,44.73684210526316,48.93859649122807,57.3859649122807,69.0701754385965,24.333333333333336,16.289473684210527,0.9593682547986231,2.5,0.0,True,6.503342656284849,62.93859649122807,64.89035087719299,62.78508771929825,70.5701754385965,66.00877192982456,912
tutor,3.4260590076446533,4096,0.9350004196166992,0.03619346022605896,1.3493341,91.91228070175438,90.24561403508773,89.75,84.79824561403508,-7.1140350877193015,-4.3675438596491265,0.8477817939448115,1.0,7.1140350877193015,False,3.5947053076327102,68.09210526315789,62.54385964912281,65.6798245614035,74.60526315789474,70.87719298245614,912
validator,3.7075388431549072,4096,0.9045314788818359,0.03985118865966797,1.198185,80.29824561403508,78.51754385964912,76.42543859649123,71.79824561403508,-8.5,-5.518421052631578,0.9436559625376739,1.0,8.5,False,4.185370103296172,49.25438596491228,44.62719298245614,46.425438596491226,58.17982456140351,52.478070175438596,912
vampire,3.5934553146362305,4096,0.9661722183227539,0.03926548734307289,1.4913849,16.096491228070175,18.846491228070175,20.649122807017545,23.74561403508772,7.6491228070175445,4.950000000000001,0.9909034090511275,2.5,0.0,True,2.565829886539393,16.666666666666668,19.62719298245614,19.890350877192983,30.767543859649123,18.267543859649123,912
vegan,4.028684616088867,4096,1.177159309387207,0.04290352389216423,1.6819817,34.526315789473685,38.021929824561404,39.24561403508772,39.328947368421055,4.80263157894737,3.126315789473685,0.8041805422954494,2.5,0.0,True,3.4065850742925017,53.07017543859649,50.175438596491226,50.26315789473684,44.05701754385965,39.69298245614035,912
veteran,3.759943962097168,4096,1.1807808876037598,0.03930729255080223,1.3163481,55.01315789473684,61.478070175438596,69.53947368421052,78.10526315789474,23.092105263157897,15.467543859649123,0.9961259774493729,2.5,0.0,True,9.50737153957092,63.04824561403509,61.8421052631579,60.53947368421053,70.37280701754386,66.1842105263158,912
veterinarian,3.633820056915283,4096,1.257265567779541,0.0374068059027195,1.4393371,39.6359649122807,39.90350877192982,41.59649122807018,45.083333333333336,5.447368421052637,3.6070175438596537,0.8622681594216651,2.5,0.0,True,2.0031186270090098,50.6578947368421,44.86842105263158,44.10087719298246,46.75438596491228,42.324561403508774,912
vigilante,3.914149522781372,4096,1.1593751907348633,0.0416945219039917,1.2897956,29.19736842105263,32.99122807017544,42.421052631578945,53.20175438596491,24.00438596491228,16.28859649122807,0.961939590911756,2.5,0.0,True,10.836588750368325,50.04385964912281,51.51315789473684,47.5,50.85526315789474,46.666666666666664,912
virtuoso,3.6015031337738037,4096,1.0633597373962402,0.03822653740644455,1.0737573,52.60964912280702,57.21052631578947,61.833333333333336,69.9298245614035,17.320175438596486,11.316666666666665,0.9777043593326875,2.5,0.0,True,4.017298163248633,56.55701754385965,54.10087719298246,54.583333333333336,63.1140350877193,58.06140350877193,912
virus,4.080137729644775,4096,1.2249221801757812,0.043050676584243774,1.9585711,8.868421052631579,11.978070175438596,20.789473684210527,43.776315789473685,34.90789473684211,22.70701754385965,0.8629414064732537,2.5,0.0,True,11.483368240839841,40.15350877192982,42.74122807017544,35.24122807017544,35.89912280701754,30.837719298245613,912
visionary,3.916212797164917,4096,1.0543746948242188,0.04209395498037338,1.2149849,74.80701754385964,77.01315789473684,80.49561403508773,81.69298245614036,6.885964912280713,4.828070175438606,0.9704065557344416,2.5,0.0,True,2.1449175083990726,67.87280701754386,61.95175438596491,63.44298245614035,72.17105263157895,67.18859649122807,912
void,4.038331508636475,4096,1.162656307220459,0.04405555501580238,1.9105132,32.69298245614035,36.78947368421053,49.36842105263158,74.24122807017544,41.54824561403509,27.444736842105264,0.8965486590771734,2.5,0.0,True,12.394481787547273,45.70175438596491,47.675438596491226,46.95175438596491,51.40350877192982,41.86842105263158,912
wanderer,3.2949776649475098,4096,0.885312557220459,0.03570416197180748,1.4619997,44.026315789473685,49.030701754385966,55.10087719298246,65.76315789473684,21.73684210526315,14.256140350877189,0.9671655100093222,2.5,0.0,True,6.916837795396842,54.01315789473684,56.271929824561404,54.4078947368421,63.55263157894737,57.78508771929825,912
warrior,3.79044508934021,4096,0.9101567268371582,0.04117370396852493,1.4513847,36.21491228070175,40.333333333333336,47.45614035087719,61.30701754385965,25.092105263157897,16.47982456140351,0.9330131018507595,2.5,0.0,True,8.677536931440763,39.21052631578947,41.18421052631579,37.89473684210526,49.078947368421055,41.578947368421055,912
whale,4.385716438293457,4096,1.4462499618530273,0.0458865761756897,2.1664684,34.416666666666664,40.70614035087719,58.60964912280702,80.50438596491227,46.08771929824561,31.23333333333333,0.9502906600958678,2.5,0.0,True,14.656330675239857,61.60087719298246,59.60526315789474,57.98245614035088,65.6359649122807,58.83771929824562,912
widow,3.810518741607666,4096,1.0639057159423828,0.04027089476585388,1.4767635,37.10964912280702,43.078947368421055,55.23684210526316,65.24561403508773,28.135964912280706,19.313157894736843,0.9840540936698364,2.5,0.0,True,10.568973682048593,60.0,59.276315789473685,60.15350877192982,65.48245614035088,61.23245614035088,912
wind,4.391869068145752,4096,1.508124828338623,0.0464891642332077,1.8978709,43.21834061135371,53.71615720524017,69.42794759825327,87.34497816593887,44.12663755458516,29.618340611353716,0.9872036609258205,2.5,0.0,True,15.35364051660613,59.301310043668124,59.1703056768559,59.737991266375545,65.52401746724891,59.40174672489083,916
witch,3.64141845703125,4096,1.1150784492492676,0.03843751922249794,1.3661655,28.859649122807017,32.574561403508774,43.08771929824562,61.65350877192982,32.79385964912281,21.77894736842105,0.9148060576606465,2.5,0.0,True,9.388783669614314,39.780701754385966,36.425438596491226,38.99122807017544,50.04385964912281,39.91228070175438,912
witness,3.7447047233581543,4096,1.3200783729553223,0.03871177136898041,1.2727014,51.166666666666664,57.324561403508774,67.11842105263158,78.00438596491227,26.83771929824561,18.061403508771924,0.985708224593771,2.5,0.0,True,5.646112877803516,61.973684210526315,60.89912280701754,59.53947368421053,68.7719298245614,64.00438596491227,912
workaholic,3.551105499267578,4096,0.9157810211181641,0.03858203813433647,1.5227115,52.23684210526316,57.89912280701754,66.82456140350877,74.61842105263158,22.381578947368418,15.214035087719296,0.992788815499652,2.5,0.0,True,6.172448087745913,60.81140350877193,62.56578947368421,59.3640350877193,66.84210526315789,63.530701754385966,912
wraith,4.012916564941406,4096,1.2721872329711914,0.04330101236701012,1.7302434,25.605263157894736,30.864035087719298,39.30263157894737,61.03508771929825,35.42982456140351,22.945614035087722,0.9002030163862926,2.5,0.0,True,8.663359973464711,32.828947368421055,37.60964912280702,34.91228070175438,43.55263157894737,33.728070175438596,912
writer,3.1934006214141846,4096,0.9063282012939453,0.03439538553357124,1.1632208,62.80263157894737,67.18859649122807,72.99122807017544,80.99122807017544,18.18859649122807,12.073684210526315,0.9822342079238565,2.5,0.0,True,6.579453161800048,63.83771929824562,63.969298245614034,64.07894736842105,71.71052631578948,66.98684210526316,912
zealot,3.8729207515716553,4096,1.1617193222045898,0.04132123664021492,1.3646433,40.01754385964912,45.583333333333336,56.925438596491226,68.8157894736842,28.798245614035082,19.547368421052628,0.9767548867676222,2.5,0.0,True,9.998545767417696,46.20614035087719,50.35087719298246,46.425438596491226,48.333333333333336,42.45614035087719,912
zeitgeist,3.9006731510162354,4096,1.117265224456787,0.04138338938355446,1.0981135,75.60526315789474,78.0701754385965,84.26754385964912,85.00877192982456,9.403508771929822,6.8815789473684195,0.9226257825559424,2.5,0.0,True,2.1540276378361876,67.12719298245614,60.39473684210526,62.5,73.66228070175438,68.79385964912281,912
