role,alpha,steered_score,aa_score,advantage
aberration,1.0,29.06578947368421,28.600877192982452,0.46491228070175694
aberration,1.5,33.32017543859649,31.49561403508772,1.824561403508774
aberration,2.0,43.28508771929825,24.885964912280706,18.39912280701754
aberration,2.5,66.58771929824562,13.267543859649123,53.32017543859649
absurdist,1.0,29.54385964912281,30.81140350877193,-1.2675438596491233
absurdist,1.5,32.771929824561404,34.521929824561404,-1.75
absurdist,2.0,38.7280701754386,41.16228070175438,-2.4342105263157805
absurdist,2.5,50.8640350877193,23.50438596491228,27.35964912280702
accountant,1.0,59.74561403508772,61.6140350877193,-1.8684210526315823
accountant,1.5,59.79824561403509,61.93859649122807,-2.1403508771929793
accountant,2.0,61.8421052631579,42.90350877192982,18.938596491228076
accountant,2.5,61.66228070175438,14.86842105263158,46.7938596491228
activist,1.0,53.109170305676855,56.60262008733624,-3.493449781659386
activist,1.5,55.72489082969432,61.44978165938865,-5.724890829694331
activist,2.0,59.73362445414847,53.23144104803494,6.502183406113531
activist,2.5,62.53947368421053,19.539473684210527,43.0
actor,1.0,45.57456140350877,40.64473684210526,4.929824561403507
actor,1.5,52.87719298245614,43.10964912280702,9.767543859649116
actor,2.0,64.57894736842105,30.99561403508772,33.583333333333336
actor,2.5,74.66666666666667,16.31578947368421,58.350877192982466
addict,1.0,38.31877729257642,37.62008733624455,0.6986899563318687
addict,1.5,47.7117903930131,42.15720524017468,5.5545851528384205
addict,2.0,63.786026200873366,44.42794759825328,19.358078602620083
addict,2.5,75.49122807017544,26.03070175438597,49.460526315789465
adolescent,1.0,38.62882096069869,43.60262008733624,-4.973799126637552
adolescent,1.5,51.0174672489083,48.66375545851528,2.353711790393014
adolescent,2.0,65.96069868995633,43.76419213973799,22.196506550218338
adolescent,2.5,79.70614035087719,32.58771929824562,47.118421052631575
advocate,1.0,74.01315789473684,71.16228070175438,2.850877192982452
advocate,1.5,77.01315789473684,71.53070175438596,5.482456140350877
advocate,2.0,80.48684210526316,55.88157894736842,24.605263157894747
advocate,2.5,78.73245614035088,17.69736842105263,61.03508771929825
alien,1.0,37.50877192982456,36.56578947368421,0.9429824561403493
alien,1.5,42.530701754385966,38.583333333333336,3.94736842105263
alien,2.0,53.73245614035088,30.92543859649123,22.807017543859647
alien,2.5,76.19298245614036,16.11842105263158,60.07456140350878
altruist,1.0,71.27510917030568,58.48471615720524,12.790393013100442
altruist,1.5,73.02620087336244,75.86899563318778,-2.8427947598253382
altruist,2.0,75.24454148471615,68.4585152838428,6.786026200873351
altruist,2.5,74.3859649122807,25.74561403508772,48.64035087719298
amateur,1.0,65.50877192982456,63.14912280701754,2.3596491228070207
amateur,1.5,76.64473684210526,69.64473684210526,7.0
amateur,2.0,84.7719298245614,57.56578947368421,27.206140350877185
amateur,2.5,89.09649122807018,27.67543859649123,61.421052631578945
ambassador,1.0,69.85087719298245,71.03070175438596,-1.1798245614035068
ambassador,1.5,70.41228070175438,70.90350877192982,-0.49122807017543835
ambassador,2.0,69.12280701754386,50.68421052631579,18.438596491228076
ambassador,2.5,64.94736842105263,14.342105263157896,50.60526315789473
amnesiac,1.0,39.49561403508772,37.28947368421053,2.2061403508771917
amnesiac,1.5,46.27192982456141,43.16666666666666,3.105263157894754
amnesiac,2.0,63.51315789473684,42.31140350877193,21.20175438596491
amnesiac,2.5,79.15350877192982,26.38157894736842,52.7719298245614
analyst,1.0,86.3201754385965,85.9342105263158,0.3859649122806985
analyst,1.5,85.31140350877193,82.69298245614036,2.618421052631575
analyst,2.0,84.50877192982456,54.62280701754386,29.8859649122807
analyst,2.5,81.89035087719299,17.960526315789473,63.929824561403514
anarchist,1.0,30.385964912280706,30.70614035087719,-0.3201754385964861
anarchist,1.5,36.57017543859649,34.01315789473684,2.5570175438596507
anarchist,2.0,45.64912280701754,28.98245614035088,16.66666666666666
anarchist,2.5,57.3421052631579,15.043859649122806,42.29824561403509
ancient,1.0,42.99561403508772,44.6359649122807,-1.6403508771929793
ancient,1.5,44.26315789473684,48.1140350877193,-3.850877192982459
ancient,2.0,47.98684210526316,40.04824561403509,7.938596491228068
ancient,2.5,51.083333333333336,11.614035087719298,39.46929824561404
angel,1.0,65.93859649122807,66.99122807017544,-1.05263157894737
angel,1.5,72.46929824561404,71.49561403508773,0.973684210526315
angel,2.0,82.94298245614036,62.37719298245614,20.56578947368422
angel,2.5,89.60087719298245,18.33333333333333,71.26754385964912
anthropologist,1.0,61.75438596491228,60.86842105263158,0.8859649122806985
anthropologist,1.5,65.48684210526316,61.10087719298246,4.385964912280706
anthropologist,2.0,71.15789473684211,47.55701754385965,23.60087719298246
anthropologist,2.5,75.2280701754386,17.214912280701753,58.01315789473685
archaeologist,1.0,44.71491228070175,41.90350877192982,2.8114035087719316
archaeologist,1.5,48.62719298245614,42.73245614035088,5.89473684210526
archaeologist,2.0,53.14035087719298,28.76315789473684,24.37719298245614
archaeologist,2.5,58.15350877192982,14.276315789473683,43.87719298245614
architect,1.0,54.61572052401747,56.1528384279476,-1.537117903930131
architect,1.5,56.11353711790393,56.38864628820961,-0.27510917030567583
architect,2.0,57.39737991266376,37.109170305676855,20.288209606986904
architect,2.5,58.49561403508772,13.771929824561404,44.723684210526315
archivist,1.0,59.04824561403509,50.44298245614035,8.60526315789474
archivist,1.5,62.48684210526316,52.10526315789474,10.381578947368418
archivist,2.0,71.85526315789474,36.60526315789474,35.25
archivist,2.5,78.8640350877193,13.157894736842104,65.70614035087719
artisan,1.0,56.49781659388646,55.60698689956332,0.8908296943231448
artisan,1.5,64.28384279475982,58.17903930131004,6.104803493449779
artisan,2.0,74.96943231441048,45.8471615720524,29.122270742358083
artisan,2.5,81.68859649122807,17.280701754385966,64.40789473684211
ascetic,1.0,34.10964912280702,38.73684210526316,-4.627192982456137
ascetic,1.5,37.04824561403509,42.925438596491226,-5.877192982456137
ascetic,2.0,38.95614035087719,40.94736842105263,-1.9912280701754383
ascetic,2.5,42.00438596491228,18.33333333333333,23.671052631578952
assistant,1.0,94.7061403508772,93.46052631578948,1.2456140350877263
assistant,1.5,94.2938596491228,91.05701754385964,3.2368421052631504
assistant,2.0,92.82894736842104,60.95614035087719,31.87280701754385
assistant,2.5,89.46491228070175,18.394736842105264,71.0701754385965
auctioneer,1.0,36.526315789473685,34.0,2.526315789473685
auctioneer,1.5,42.675438596491226,35.15350877192982,7.521929824561404
auctioneer,2.0,53.67982456140351,25.57456140350877,28.105263157894736
auctioneer,2.5,68.84210526315789,11.359649122807015,57.48245614035088
auditor,1.0,62.7280701754386,63.12280701754386,-0.39473684210526017
auditor,1.5,63.64912280701754,65.15350877192982,-1.5043859649122808
auditor,2.0,65.04824561403508,45.469298245614034,19.578947368421048
auditor,2.5,67.60526315789474,13.114035087719298,54.49122807017544
avatar,1.0,55.44298245614035,55.276315789473685,0.1666666666666643
avatar,1.5,64.89035087719299,60.86842105263158,4.021929824561404
avatar,2.0,78.53508771929825,52.60964912280702,25.925438596491226
avatar,2.5,87.10526315789474,15.49561403508772,71.60964912280701
bard,1.0,47.40350877192982,50.85526315789474,-3.451754385964918
bard,1.5,51.79824561403509,56.38157894736842,-4.583333333333329
bard,2.0,59.71491228070175,59.98245614035088,-0.2675438596491233
bard,2.5,68.56140350877193,18.460526315789476,50.10087719298245
bartender,1.0,50.776315789473685,45.8640350877193,4.9122807017543835
bartender,1.5,61.72368421052632,48.84649122807018,12.877192982456144
bartender,2.0,75.0657894736842,38.89035087719298,36.175438596491226
bartender,2.5,79.8157894736842,20.526315789473685,59.28947368421052
biologist,1.0,57.7280701754386,56.29385964912281,1.4342105263157947
biologist,1.5,57.8640350877193,54.18859649122807,3.675438596491233
biologist,2.0,60.42982456140351,34.86842105263158,25.561403508771924
biologist,2.5,60.93859649122807,12.149122807017545,48.78947368421052
blogger,1.0,74.57456140350877,71.59210526315789,2.9824561403508767
blogger,1.5,79.77631578947368,71.5657894736842,8.21052631578948
blogger,2.0,84.53508771929825,55.46491228070175,29.070175438596493
blogger,2.5,86.26754385964912,16.662280701754387,69.60526315789474
bohemian,1.0,47.4780701754386,52.8859649122807,-5.4078947368420955
bohemian,1.5,53.76315789473684,60.01315789473684,-6.25
bohemian,2.0,63.89912280701754,60.3640350877193,3.5350877192982395
bohemian,2.5,72.89035087719299,22.17543859649123,50.71491228070175
builder,1.0,67.8201754385965,63.276315789473685,4.543859649122808
builder,1.5,72.36842105263158,63.84649122807018,8.521929824561397
builder,2.0,77.77631578947368,48.09649122807018,29.679824561403507
builder,2.5,82.39035087719299,18.355263157894736,64.03508771929825
caregiver,1.0,72.646288209607,72.23580786026201,0.41048034934497935
caregiver,1.5,75.79912663755458,75.20524017467248,0.5938864628820966
caregiver,2.0,79.34497816593887,63.646288209606986,15.698689956331883
caregiver,2.5,72.8640350877193,21.99561403508772,50.86842105263158
cartographer,1.0,47.68859649122807,44.33771929824562,3.350877192982452
cartographer,1.5,51.81140350877193,44.60087719298246,7.210526315789473
cartographer,2.0,59.27192982456141,30.19736842105263,29.07456140350878
cartographer,2.5,65.35087719298245,10.37280701754386,54.97807017543859
caveman,1.0,10.482456140350877,11.56140350877193,-1.078947368421053
caveman,1.5,15.057017543859647,15.11842105263158,-0.061403508771933346
caveman,2.0,26.407894736842103,17.583333333333332,8.82456140350877
caveman,2.5,49.219298245614034,13.973684210526317,35.24561403508772
celebrity,1.0,45.17105263157895,41.60087719298246,3.5701754385964932
celebrity,1.5,52.35087719298246,43.45175438596491,8.899122807017548
celebrity,2.0,62.49561403508772,34.50877192982456,27.986842105263158
celebrity,2.5,69.52838427947599,21.46288209606987,48.06550218340612
chameleon,1.0,50.60087719298246,45.8421052631579,4.758771929824562
chameleon,1.5,56.75,48.10087719298246,8.649122807017541
chameleon,2.0,69.17543859649123,41.83771929824562,27.337719298245617
chameleon,2.5,81.69736842105263,21.864035087719294,59.833333333333336
chef,1.0,32.467248908296945,33.069868995633186,-0.6026200873362413
chef,1.5,35.88209606986899,34.3231441048035,1.5589519650654964
chef,2.0,40.84279475982533,22.67248908296943,18.1703056768559
chef,2.5,47.31441048034935,11.790393013100436,35.52401746724892
chemist,1.0,54.3859649122807,52.41666666666666,1.9692982456140413
chemist,1.5,56.583333333333336,53.219298245614034,3.3640350877193015
chemist,2.0,58.35964912280702,32.07017543859649,26.289473684210527
chemist,2.5,61.31877729257642,12.96943231441048,48.349344978165945
chimera,1.0,46.3640350877193,43.66666666666666,2.6973684210526443
chimera,1.5,52.33771929824562,46.95175438596491,5.385964912280706
chimera,2.0,68.13157894736842,40.10087719298246,28.030701754385966
chimera,2.5,86.8640350877193,19.460526315789476,67.40350877192982
coach,1.0,90.20175438596492,89.58333333333333,0.6184210526315894
coach,1.5,89.03070175438596,87.49122807017544,1.5394736842105203
coach,2.0,87.4780701754386,59.95175438596491,27.526315789473692
coach,2.5,78.96491228070175,28.837719298245613,50.12719298245614
collaborator,1.0,89.10526315789474,89.53508771929825,-0.4298245614035068
collaborator,1.5,90.23245614035088,88.32456140350877,1.9078947368421098
collaborator,2.0,90.1842105263158,71.00438596491227,19.17982456140352
collaborator,2.5,88.05263157894737,24.32017543859649,63.73245614035088
collector,1.0,50.20175438596491,44.81578947368421,5.3859649122806985
collector,1.5,53.583333333333336,45.29824561403509,8.285087719298247
collector,2.0,58.69736842105263,33.35964912280702,25.33771929824561
collector,2.5,65.02631578947368,13.837719298245617,51.18859649122807
comedian,1.0,37.1578947368421,36.39035087719298,0.7675438596491233
comedian,1.5,44.51315789473684,40.64473684210526,3.8684210526315823
comedian,2.0,59.85087719298246,33.06140350877193,26.789473684210527
comedian,2.5,74.91228070175438,8.201754385964913,66.71052631578947
competitor,1.0,57.7280701754386,54.469298245614034,3.2587719298245688
competitor,1.5,65.78508771929825,56.04824561403509,9.736842105263158
competitor,2.0,75.88157894736842,44.68421052631579,31.197368421052637
competitor,2.5,81.0701754385965,19.767543859649123,61.30263157894737
composer,1.0,41.8421052631579,40.828947368421055,1.0131578947368425
composer,1.5,45.20175438596491,42.49122807017544,2.7105263157894726
composer,2.0,52.19736842105263,31.59210526315789,20.60526315789474
composer,2.5,60.10526315789474,11.855263157894736,48.25
conservator,1.0,48.13157894736842,50.96052631578947,-2.828947368421055
conservator,1.5,49.7280701754386,51.12719298245614,-1.3991228070175339
conservator,2.0,48.81140350877193,37.14912280701754,11.66228070175439
conservator,2.5,46.30263157894737,16.79824561403509,29.50438596491228
consultant,1.0,89.16666666666667,88.64912280701755,0.5175438596491233
consultant,1.5,87.65789473684211,86.60964912280701,1.0482456140350962
consultant,2.0,84.85087719298245,56.31140350877193,28.53947368421052
consultant,2.5,79.05701754385964,16.732456140350877,62.32456140350877
contrarian,1.0,47.23684210526316,45.333333333333336,1.9035087719298218
contrarian,1.5,52.09649122807018,46.60964912280702,5.4868421052631575
contrarian,2.0,61.23245614035088,37.80263157894737,23.429824561403507
contrarian,2.5,69.8859649122807,20.94298245614035,48.94298245614035
coordinator,1.0,82.60526315789474,82.97368421052632,-0.3684210526315752
coordinator,1.5,82.64473684210526,83.40350877192982,-0.7587719298245617
coordinator,2.0,81.91266375545851,61.66812227074236,20.24454148471615
coordinator,2.5,75.39301310043668,19.475982532751093,55.917030567685586
coral_reef,1.0,60.530701754385966,59.71491228070175,0.8157894736842124
coral_reef,1.5,68.85526315789474,61.42105263157895,7.434210526315788
coral_reef,2.0,79.54385964912281,50.80263157894737,28.74122807017544
coral_reef,2.5,91.00438596491227,19.210526315789476,71.7938596491228
cosmopolitan,1.0,79.32894736842105,78.9780701754386,0.3508771929824519
cosmopolitan,1.5,82.08771929824562,78.49561403508773,3.5921052631578902
cosmopolitan,2.0,82.46929824561404,61.24122807017544,21.228070175438603
cosmopolitan,2.5,80.79824561403508,21.57894736842105,59.21929824561403
counselor,1.0,78.5,82.70175438596492,-4.201754385964918
counselor,1.5,80.86842105263158,84.84210526315789,-3.973684210526315
counselor,2.0,80.46052631578948,67.5657894736842,12.894736842105274
counselor,2.5,80.60087719298245,26.359649122807017,54.24122807017544
criminal,1.0,26.70614035087719,24.23684210526316,2.4692982456140307
criminal,1.5,33.95614035087719,27.36842105263158,6.587719298245613
criminal,2.0,54.95614035087719,20.70614035087719,34.25
criminal,2.5,75.4780701754386,12.763157894736842,62.71491228070176
critic,1.0,69.73799126637554,54.86026200873363,14.877729257641917
critic,1.5,71.23580786026201,53.62008733624455,17.615720524017462
critic,2.0,73.3859649122807,35.39473684210526,37.99122807017544
critic,2.5,74.88646288209607,11.253275109170303,63.633187772925766
crystalline,1.0,69.9780701754386,64.16228070175438,5.8157894736842195
crystalline,1.5,75.80263157894737,65.9780701754386,9.824561403508767
crystalline,2.0,83.40350877192982,47.42105263157895,35.98245614035087
crystalline,2.5,90.64473684210526,13.399122807017545,77.24561403508771
curator,1.0,58.69736842105263,58.13157894736842,0.5657894736842124
curator,1.5,60.99122807017544,57.71052631578947,3.280701754385966
curator,2.0,62.43421052631579,40.35087719298246,22.08333333333333
curator,2.5,62.833333333333336,14.671052631578949,48.16228070175438
cyborg,1.0,50.67982456140351,44.97368421052632,5.706140350877185
cyborg,1.5,57.75877192982456,45.29824561403509,12.460526315789473
cyborg,2.0,72.8157894736842,36.14035087719298,36.675438596491226
cyborg,2.5,87.51315789473684,15.50438596491228,72.00877192982455
cynic,1.0,38.21052631578947,37.71052631578947,0.5
cynic,1.5,42.65350877192982,40.39912280701754,2.254385964912281
cynic,2.0,52.45614035087719,35.46052631578947,16.99561403508772
cynic,2.5,67.48684210526316,19.25438596491228,48.232456140350884
daredevil,1.0,44.53508771929825,41.0,3.5350877192982466
daredevil,1.5,58.34649122807018,43.94298245614035,14.403508771929829
daredevil,2.0,75.46929824561404,41.77192982456141,33.69736842105263
daredevil,2.5,82.80701754385964,21.95175438596491,60.85526315789473
debugger,1.0,64.36842105263158,59.578947368421055,4.78947368421052
debugger,1.5,66.64473684210526,59.17982456140351,7.464912280701753
debugger,2.0,71.69736842105263,42.425438596491226,29.271929824561404
debugger,2.5,73.36842105263158,18.37719298245614,54.99122807017544
demon,1.0,29.32894736842105,27.29385964912281,2.035087719298243
demon,1.5,31.719298245614038,30.81578947368421,0.9035087719298289
demon,2.0,43.1140350877193,28.76315789473684,14.350877192982463
demon,2.5,69.76754385964912,11.635964912280702,58.131578947368425
designer,1.0,64.21929824561404,62.57456140350877,1.6447368421052744
designer,1.5,66.80701754385964,62.44298245614035,4.364035087719294
designer,2.0,70.27631578947368,42.61842105263158,27.657894736842103
designer,2.5,74.68859649122807,15.43859649122807,59.25
destroyer,1.0,33.89473684210526,32.46491228070175,1.4298245614035068
destroyer,1.5,38.719298245614034,34.04385964912281,4.675438596491226
destroyer,2.0,54.96052631578947,27.837719298245613,27.12280701754386
destroyer,2.5,70.71929824561404,12.192982456140353,58.526315789473685
detective,1.0,51.62719298245614,48.32017543859649,3.3070175438596436
detective,1.5,56.30263157894737,48.530701754385966,7.771929824561404
detective,2.0,64.37719298245614,34.780701754385966,29.59649122807017
detective,2.5,74.64912280701755,16.00877192982456,58.640350877192986
devils_advocate,1.0,54.2280701754386,49.41666666666666,4.811403508771946
devils_advocate,1.5,60.54385964912281,48.98245614035088,11.561403508771932
devils_advocate,2.0,70.51315789473684,36.05701754385965,34.456140350877185
devils_advocate,2.5,80.74122807017544,18.59649122807017,62.14473684210527
dilettante,1.0,56.38157894736842,53.03947368421053,3.3421052631578902
dilettante,1.5,67.02631578947368,56.1578947368421,10.868421052631582
dilettante,2.0,80.48245614035088,45.36842105263158,35.114035087719294
dilettante,2.5,86.3157894736842,23.399122807017545,62.91666666666666
dispatcher,1.0,61.71052631578947,62.6359649122807,-0.925438596491226
dispatcher,1.5,63.84649122807018,64.21929824561404,-0.37280701754386314
dispatcher,2.0,65.86842105263158,46.64035087719298,19.228070175438596
dispatcher,2.5,63.01754385964912,17.390350877192983,45.62719298245614
divorcee,1.0,46.5921052631579,47.33771929824562,-0.7456140350877192
divorcee,1.5,51.66666666666666,50.64473684210526,1.021929824561397
divorcee,2.0,62.6359649122807,43.00877192982456,19.627192982456137
divorcee,2.5,68.08333333333333,22.785087719298247,45.29824561403508
doctor,1.0,59.71615720524017,63.7117903930131,-3.995633187772931
doctor,1.5,60.61572052401747,65.2707423580786,-4.655021834061138
doctor,2.0,60.24561403508772,43.6359649122807,16.60964912280702
doctor,2.5,59.38427947598253,20.283842794759824,39.1004366812227
dreamer,1.0,52.85964912280702,52.63157894736842,0.22807017543860297
dreamer,1.5,61.80701754385965,58.60964912280702,3.19736842105263
dreamer,2.0,77.3859649122807,55.1578947368421,22.228070175438596
dreamer,2.5,88.94736842105263,14.802631578947368,74.14473684210526
echo,1.0,67.4780701754386,66.14912280701755,1.3289473684210549
echo,1.5,71.85526315789474,67.75877192982456,4.096491228070178
echo,2.0,82.53508771929825,61.60964912280702,20.925438596491226
echo,2.5,89.79385964912281,13.86842105263158,75.92543859649123
economist,1.0,58.96491228070175,59.43859649122807,-0.47368421052631504
economist,1.5,59.76315789473684,59.72368421052632,0.03947368421052033
economist,2.0,58.46491228070175,38.04824561403509,20.416666666666664
economist,2.5,57.92982456140351,11.885964912280702,46.04385964912281
ecosystem,1.0,50.32456140350877,49.73684210526316,0.5877192982456094
ecosystem,1.5,53.75438596491228,51.4078947368421,2.346491228070178
ecosystem,2.0,60.33771929824562,41.8640350877193,18.473684210526315
ecosystem,2.5,73.77631578947368,16.228070175438596,57.54824561403509
editor,1.0,67.1359649122807,63.46491228070175,3.671052631578945
editor,1.5,68.39035087719299,63.14912280701754,5.2412280701754455
editor,2.0,67.97368421052632,37.89473684210526,30.078947368421055
editor,2.5,67.00877192982456,11.842105263157896,55.166666666666664
egregore,1.0,32.07017543859649,30.19736842105263,1.8728070175438631
egregore,1.5,38.026315789473685,32.23684210526316,5.789473684210527
egregore,2.0,54.276315789473685,28.74122807017544,25.535087719298247
egregore,2.5,79.85087719298245,12.324561403508772,67.52631578947368
elder,1.0,56.3421052631579,59.1140350877193,-2.771929824561404
elder,1.5,60.33771929824562,62.01754385964912,-1.6798245614035068
elder,2.0,66.12280701754386,55.69736842105263,10.425438596491233
elder,2.5,73.37719298245614,18.385964912280706,54.99122807017543
eldritch,1.0,25.73684210526316,24.912280701754387,0.824561403508774
eldritch,1.5,31.907894736842103,28.767543859649123,3.1403508771929793
eldritch,2.0,51.60964912280702,25.859649122807017,25.750000000000004
eldritch,2.5,81.14473684210526,10.692982456140353,70.4517543859649
emissary,1.0,74.21052631578948,75.19298245614036,-0.9824561403508767
emissary,1.5,75.28070175438596,76.68859649122807,-1.4078947368421098
emissary,2.0,78.54824561403508,59.93421052631579,18.614035087719294
emissary,2.5,79.37280701754386,24.09210526315789,55.28070175438597
empath,1.0,66.51965065502183,66.29257641921397,0.22707423580786212
empath,1.5,70.4934497816594,72.02620087336244,-1.532751091703048
empath,2.0,76.75109170305677,68.15720524017468,8.593886462882097
empath,2.5,79.89082969432314,21.572052401746724,58.31877729257642
engineer,1.0,76.46052631578948,74.82894736842105,1.6315789473684248
engineer,1.5,78.49122807017544,74.11842105263158,4.372807017543863
engineer,2.0,81.1842105263158,49.78947368421053,31.394736842105267
engineer,2.5,81.80263157894737,19.34210526315789,62.46052631578948
entrepreneur,1.0,75.87719298245614,70.94736842105263,4.929824561403507
entrepreneur,1.5,79.89473684210526,72.75877192982456,7.1359649122806985
entrepreneur,2.0,82.96929824561404,50.08771929824562,32.881578947368425
entrepreneur,2.5,83.4298245614035,26.210526315789476,57.21929824561403
evaluator,1.0,88.65350877192982,88.38157894736842,0.271929824561397
evaluator,1.5,86.64912280701755,86.35526315789474,0.29385964912280826
evaluator,2.0,85.08771929824562,53.530701754385966,31.55701754385965
evaluator,2.5,79.74561403508773,18.92543859649123,60.82017543859649
evangelist,1.0,67.25877192982456,63.70175438596491,3.5570175438596507
evangelist,1.5,70.5219298245614,66.73684210526316,3.7850877192982324
evangelist,2.0,74.33333333333333,53.85087719298246,20.48245614035087
evangelist,2.5,78.54824561403508,13.701754385964913,64.84649122807016
examiner,1.0,83.49561403508773,84.08333333333333,-0.5877192982456023
examiner,1.5,82.21052631578948,82.06140350877193,0.1491228070175481
examiner,2.0,79.03070175438596,50.15350877192982,28.877192982456137
examiner,2.5,73.63157894736842,18.20175438596491,55.429824561403514
exile,1.0,37.08771929824562,37.28508771929825,-0.19736842105263008
exile,1.5,39.8859649122807,39.30701754385965,0.5789473684210478
exile,2.0,50.31140350877193,34.30701754385965,16.00438596491228
exile,2.5,61.530701754385966,17.55263157894737,43.978070175438596
expatriate,1.0,60.5,55.68421052631579,4.815789473684212
expatriate,1.5,67.87719298245614,57.28947368421053,10.58771929824561
expatriate,2.0,75.23684210526316,43.43421052631579,31.802631578947377
expatriate,2.5,79.0219298245614,20.98684210526316,58.03508771929823
facilitator,1.0,87.59649122807018,87.46929824561404,0.12719298245613686
facilitator,1.5,87.00877192982456,87.38157894736842,-0.37280701754386314
facilitator,2.0,83.80263157894737,66.03070175438596,17.77192982456141
facilitator,2.5,77.87280701754386,22.4780701754386,55.39473684210526
familiar,1.0,66.80701754385964,59.6578947368421,7.149122807017541
familiar,1.5,73.30263157894737,62.85087719298246,10.451754385964911
familiar,2.0,83.0219298245614,50.63157894736842,32.39035087719298
familiar,2.5,88.50877192982456,14.078947368421051,74.4298245614035
fixer,1.0,56.64473684210526,49.7280701754386,6.916666666666657
fixer,1.5,70.34649122807018,50.780701754385966,19.565789473684212
fixer,2.0,82.24122807017544,40.1359649122807,42.10526315789474
fixer,2.5,86.2280701754386,22.69736842105263,63.53070175438597
flaneur,1.0,51.16228070175438,47.63157894736842,3.530701754385966
flaneur,1.5,59.30263157894737,51.15350877192982,8.149122807017548
flaneur,2.0,71.39473684210526,49.35964912280702,22.03508771929824
flaneur,2.5,81.75877192982456,17.36842105263158,64.39035087719299
fool,1.0,41.64035087719298,40.75877192982456,0.8815789473684177
fool,1.5,52.425438596491226,50.8421052631579,1.5833333333333286
fool,2.0,73.84649122807018,61.49122807017544,12.35526315789474
fool,2.5,87.03508771929825,51.35526315789474,35.67982456140351
forecaster,1.0,75.58333333333333,72.14473684210526,3.4385964912280684
forecaster,1.5,75.9298245614035,71.09210526315789,4.8377192982456165
forecaster,2.0,76.89035087719299,48.84649122807018,28.04385964912281
forecaster,2.5,77.76754385964912,14.692982456140353,63.07456140350877
futurist,1.0,73.65350877192982,73.08771929824562,0.5657894736842053
futurist,1.5,75.3640350877193,74.35526315789474,1.0087719298245617
futurist,2.0,77.46491228070175,56.20175438596491,21.263157894736842
futurist,2.5,79.06140350877193,16.31578947368421,62.745614035087726
gamer,1.0,33.780701754385966,32.67982456140351,1.100877192982459
gamer,1.5,34.324561403508774,33.71491228070175,0.6096491228070207
gamer,2.0,39.28508771929825,22.153508771929825,17.13157894736842
gamer,2.5,45.87719298245614,11.228070175438596,34.64912280701754
generalist,1.0,92.84210526315788,90.69298245614036,2.1491228070175197
generalist,1.5,92.93859649122808,89.03947368421052,3.8991228070175623
generalist,2.0,93.01754385964912,61.73684210526316,31.280701754385966
generalist,2.5,92.03508771929825,20.17982456140351,71.85526315789474
genie,1.0,42.64473684210526,41.925438596491226,0.7192982456140342
genie,1.5,45.425438596491226,46.37280701754386,-0.9473684210526372
genie,2.0,51.55263157894737,42.526315789473685,9.026315789473685
genie,2.5,62.78947368421053,16.62280701754386,46.16666666666667
geographer,1.0,54.526315789473685,53.01754385964912,1.5087719298245617
geographer,1.5,55.43859649122807,51.49561403508772,3.9429824561403493
geographer,2.0,58.14473684210526,35.666666666666664,22.478070175438596
geographer,2.5,62.29824561403509,11.798245614035087,50.5
ghost,1.0,31.81578947368421,33.01315789473684,-1.1973684210526336
ghost,1.5,37.8640350877193,36.61842105263158,1.2456140350877192
ghost,2.0,51.12719298245614,33.49122807017544,17.6359649122807
ghost,2.5,75.6842105263158,14.166666666666666,61.51754385964913
golem,1.0,35.08771929824562,35.79824561403509,-0.7105263157894726
golem,1.5,37.36842105263158,36.52192982456141,0.8464912280701711
golem,2.0,43.69298245614035,30.109649122807017,13.583333333333332
golem,2.5,58.00877192982456,12.302631578947368,45.70614035087719
gossip,1.0,39.219298245614034,38.99122807017544,0.22807017543859587
gossip,1.5,43.64035087719298,41.719298245614034,1.9210526315789451
gossip,2.0,57.21052631578947,36.73245614035088,20.478070175438596
gossip,2.5,70.61842105263158,20.37280701754386,50.24561403508771
grader,1.0,87.76315789473684,88.5701754385965,-0.8070175438596578
grader,1.5,87.29824561403508,86.11842105263158,1.1798245614035068
grader,2.0,83.42543859649123,56.13157894736842,27.293859649122815
grader,2.5,79.09649122807018,20.021929824561404,59.074561403508774
graduate,1.0,77.99561403508773,73.3201754385965,4.675438596491233
graduate,1.5,82.36842105263158,74.44298245614036,7.925438596491219
graduate,2.0,86.14035087719299,56.70175438596491,29.438596491228076
graduate,2.5,86.4298245614035,20.13157894736842,66.29824561403508
grandparent,1.0,53.71052631578947,56.35087719298246,-2.6403508771929864
grandparent,1.5,58.91228070175438,62.47368421052632,-3.5614035087719387
grandparent,2.0,67.60964912280701,52.8421052631579,14.767543859649116
grandparent,2.5,74.84210526315789,24.135964912280706,50.706140350877185
guardian,1.0,73.1798245614035,68.04385964912281,5.1359649122806985
guardian,1.5,74.5657894736842,68.82456140350877,5.741228070175438
guardian,2.0,78.98684210526316,50.4780701754386,28.50877192982456
guardian,2.5,81.41666666666667,16.79824561403509,64.61842105263159
guide,1.0,93.19736842105264,92.2280701754386,0.9692982456140413
guide,1.5,93.65350877192982,90.72368421052632,2.9298245614035068
guide,2.0,91.16666666666669,63.48245614035088,27.68421052631581
guide,2.5,87.41666666666667,20.394736842105264,67.02192982456141
guru,1.0,60.91228070175438,67.67543859649123,-6.76315789473685
guru,1.5,63.59649122807018,74.09210526315789,-10.495614035087712
guru,2.0,67.71052631578948,66.39912280701755,1.3114035087719316
guru,2.5,69.84210526315789,19.662280701754387,50.17982456140351
hacker,1.0,40.71052631578947,36.53947368421053,4.171052631578945
hacker,1.5,47.94298245614035,38.53508771929825,9.407894736842103
hacker,2.0,61.21052631578947,28.19736842105263,33.01315789473684
hacker,2.5,76.54824561403508,15.109649122807015,61.43859649122807
healer,1.0,66.0657894736842,69.74561403508773,-3.679824561403521
healer,1.5,70.20614035087719,73.22368421052632,-3.0175438596491233
healer,2.0,75.33771929824562,64.25438596491227,11.083333333333343
healer,2.5,79.00877192982456,20.59210526315789,58.41666666666667
hedonist,1.0,33.5589519650655,34.109170305676855,-0.5502183406113517
hedonist,1.5,40.30131004366813,35.48908296943232,4.812227074235814
hedonist,2.0,49.50655021834061,27.14410480349345,22.36244541484716
hedonist,2.5,57.64192139737991,13.34061135371179,44.301310043668124
hermit,1.0,37.42982456140351,40.1140350877193,-2.6842105263157947
hermit,1.5,41.26754385964912,43.07456140350877,-1.8070175438596436
hermit,2.0,48.35964912280702,44.68421052631579,3.675438596491233
hermit,2.5,58.30701754385965,16.55701754385965,41.75
historian,1.0,50.29824561403509,50.79385964912281,-0.4956140350877192
historian,1.5,52.276315789473685,48.85526315789474,3.421052631578945
historian,2.0,53.3640350877193,35.23684210526316,18.127192982456144
historian,2.5,56.328947368421055,14.824561403508772,41.50438596491228
hive,1.0,40.24122807017544,38.50438596491228,1.7368421052631575
hive,1.5,44.74122807017544,40.37280701754386,4.368421052631575
hive,2.0,55.333333333333336,36.96052631578947,18.372807017543863
hive,2.5,72.0701754385965,13.114035087719298,58.95614035087719
hoarder,1.0,34.64035087719298,32.5921052631579,2.048245614035082
hoarder,1.5,40.43859649122807,34.36842105263158,6.070175438596486
hoarder,2.0,54.35526315789474,30.83333333333333,23.52192982456141
hoarder,2.5,72.26754385964912,27.25877192982456,45.00877192982456
homunculus,1.0,46.47368421052632,41.17982456140351,5.293859649122815
homunculus,1.5,55.75438596491228,43.22368421052632,12.530701754385959
homunculus,2.0,73.78947368421052,37.79824561403509,35.99122807017543
homunculus,2.5,88.62280701754386,17.412280701754387,71.21052631578948
hybrid,1.0,84.12719298245614,77.28508771929825,6.84210526315789
hybrid,1.5,88.07456140350877,77.52631578947368,10.548245614035082
hybrid,2.0,90.73245614035088,61.60087719298246,29.131578947368418
hybrid,2.5,91.0701754385965,21.907894736842103,69.16228070175438
idealist,1.0,69.58333333333333,73.16228070175438,-3.578947368421055
idealist,1.5,70.85087719298245,76.40350877192982,-5.55263157894737
idealist,2.0,74.56140350877193,65.53947368421052,9.021929824561411
idealist,2.5,74.48245614035088,16.600877192982455,57.881578947368425
immigrant,1.0,49.44736842105263,50.280701754385966,-0.8333333333333357
immigrant,1.5,52.09649122807018,51.42105263157895,0.675438596491226
immigrant,2.0,58.56140350877193,43.71491228070175,14.846491228070178
immigrant,2.5,65.10087719298245,24.58333333333333,40.51754385964912
improviser,1.0,64.64035087719299,58.03508771929825,6.60526315789474
improviser,1.5,74.98245614035088,62.28508771929825,12.69736842105263
improviser,2.0,85.88157894736842,52.14473684210526,33.736842105263165
improviser,2.5,90.95175438596492,20.81140350877193,70.14035087719299
infant,1.0,3.728070175438596,4.37280701754386,-0.6447368421052637
infant,1.5,7.2894736842105265,9.894736842105264,-2.605263157894737
infant,2.0,14.359649122807015,13.530701754385966,0.8289473684210495
infant,2.5,22.69736842105263,19.157894736842103,3.5394736842105274
influencer,1.0,66.92543859649123,62.84649122807018,4.078947368421055
influencer,1.5,74.85087719298245,64.95614035087719,9.89473684210526
influencer,2.0,81.84649122807018,48.078947368421055,33.76754385964912
influencer,2.5,84.10087719298245,20.17543859649123,63.92543859649122
instructor,1.0,92.82894736842104,92.4780701754386,0.3508771929824377
instructor,1.5,92.8201754385965,91.52631578947368,1.2938596491228083
instructor,2.0,89.9298245614035,62.60087719298246,27.328947368421048
instructor,2.5,84.41228070175438,29.29824561403509,55.114035087719294
interpreter,1.0,65.37719298245614,65.42543859649123,-0.048245614035096196
interpreter,1.5,67.48245614035088,65.78947368421052,1.6929824561403564
interpreter,2.0,69.7280701754386,46.73684210526316,22.991228070175445
interpreter,2.5,69.71052631578948,20.83333333333333,48.87719298245615
interviewer,1.0,79.76315789473684,78.0657894736842,1.69736842105263
interviewer,1.5,80.4342105263158,77.69298245614036,2.7412280701754383
interviewer,2.0,80.95175438596492,55.14035087719298,25.81140350877194
interviewer,2.5,77.91228070175438,23.70614035087719,54.20614035087719
jester,1.0,38.0,36.06140350877193,1.9385964912280684
jester,1.5,45.78508771929825,39.578947368421055,6.206140350877192
jester,2.0,59.71052631578947,37.92982456140351,21.780701754385966
jester,2.5,72.97368421052632,11.228070175438596,61.74561403508772
journalist,1.0,72.41228070175438,67.33771929824562,5.074561403508767
journalist,1.5,78.00438596491227,67.45614035087719,10.548245614035082
journalist,2.0,81.35964912280701,43.89473684210526,37.46491228070175
journalist,2.5,82.26315789473684,19.73684210526316,62.52631578947367
judge,1.0,62.30701754385965,64.49122807017544,-2.1842105263157876
judge,1.5,63.4780701754386,64.04385964912281,-0.5657894736842053
judge,2.0,62.12280701754386,44.61842105263158,17.50438596491228
judge,2.5,60.89912280701754,15.548245614035087,45.35087719298245
lawyer,1.0,60.99126637554585,61.24890829694324,-0.2576419213973935
lawyer,1.5,61.53711790393013,61.99563318777293,-0.45851528384280016
lawyer,2.0,62.056768558951966,40.53711790393013,21.519650655021834
lawyer,2.5,63.25764192139738,13.995633187772926,49.262008733624455
leviathan,1.0,35.68421052631579,35.425438596491226,0.25877192982456165
leviathan,1.5,39.91666666666666,37.80701754385965,2.1096491228070064
leviathan,2.0,51.49122807017544,36.35087719298246,15.14035087719298
leviathan,2.5,75.50438596491227,12.105263157894736,63.399122807017534
librarian,1.0,71.85964912280701,72.04385964912281,-0.1842105263157947
librarian,1.5,71.89035087719299,71.3201754385965,0.5701754385964932
librarian,2.0,70.90789473684211,45.37280701754386,25.535087719298247
librarian,2.5,67.48245614035088,16.25,51.23245614035088
linguist,1.0,47.14473684210526,46.19298245614035,0.9517543859649109
linguist,1.5,47.56140350877193,45.28508771929825,2.276315789473685
linguist,2.0,49.77192982456141,32.09649122807018,17.675438596491233
linguist,2.5,54.78508771929825,12.280701754385966,42.50438596491228
loner,1.0,41.14912280701754,40.7280701754386,0.421052631578938
loner,1.5,45.52192982456141,43.48684210526316,2.0350877192982537
loner,2.0,50.925438596491226,40.333333333333336,10.59210526315789
loner,2.5,62.219298245614034,20.32894736842105,41.890350877192986
luddite,1.0,32.15350877192982,33.05263157894737,-0.8991228070175481
luddite,1.5,36.32017543859649,35.15350877192982,1.1666666666666714
luddite,2.0,41.61842105263158,30.609649122807017,11.008771929824565
luddite,2.5,50.17982456140351,16.403508771929825,33.776315789473685
marketer,1.0,64.55701754385964,63.3421052631579,1.2149122807017463
marketer,1.5,65.07456140350877,65.04824561403508,0.02631578947368496
marketer,2.0,66.05263157894737,45.04385964912281,21.00877192982456
marketer,2.5,66.76315789473684,15.109649122807015,51.65350877192982
martyr,1.0,35.25877192982456,37.76315789473684,-2.504385964912281
martyr,1.5,40.76754385964912,41.9780701754386,-1.2105263157894797
martyr,2.0,49.86842105263158,42.26754385964912,7.600877192982459
martyr,2.5,63.08771929824562,22.69736842105263,40.390350877192986
mathematician,1.0,61.51754385964912,56.00877192982456,5.508771929824562
mathematician,1.5,64.76754385964912,57.6578947368421,7.109649122807021
mathematician,2.0,67.76315789473684,39.54385964912281,28.219298245614027
mathematician,2.5,71.00438596491227,21.82017543859649,49.18421052631578
maverick,1.0,57.50877192982456,48.62719298245614,8.881578947368425
maverick,1.5,71.73245614035088,50.60964912280702,21.122807017543856
maverick,2.0,85.37719298245614,39.96491228070175,45.41228070175438
maverick,2.5,89.8640350877193,17.390350877192983,72.47368421052632
mechanic,1.0,38.92105263157895,36.22368421052632,2.69736842105263
mechanic,1.5,46.75438596491228,37.70175438596491,9.05263157894737
mechanic,2.0,60.23684210526316,22.67543859649123,37.56140350877193
mechanic,2.5,66.92105263157895,17.017543859649123,49.90350877192982
mediator,1.0,82.31140350877193,84.71491228070175,-2.403508771929822
mediator,1.5,83.23245614035088,85.4780701754386,-2.2456140350877263
mediator,2.0,83.40789473684211,67.15789473684211,16.25
mediator,2.5,81.67105263157895,27.214912280701757,54.45614035087719
mentor,1.0,89.60087719298245,88.49122807017544,1.1096491228070136
mentor,1.5,89.38157894736842,86.67105263157895,2.7105263157894797
mentor,2.0,88.71929824561404,61.35087719298246,27.368421052631582
mentor,2.5,85.1359649122807,22.23684210526316,62.899122807017534
merchant,1.0,50.72368421052632,44.6140350877193,6.109649122807021
merchant,1.5,56.63157894736842,46.68859649122807,9.94298245614035
merchant,2.0,66.5701754385965,33.66228070175438,32.90789473684211
merchant,2.5,77.40789473684211,15.701754385964913,61.7061403508772
minimalist,1.0,33.46052631578947,57.11842105263158,-23.65789473684211
minimalist,1.5,34.9078947368421,64.44736842105263,-29.539473684210527
minimalist,2.0,40.01315789473684,51.14473684210526,-11.131578947368418
minimalist,2.5,41.969298245614034,12.916666666666666,29.05263157894737
moderator,1.0,80.77631578947368,84.12280701754386,-3.346491228070178
moderator,1.5,77.59649122807018,82.83333333333333,-5.23684210526315
moderator,2.0,71.53070175438596,59.84649122807018,11.68421052631578
moderator,2.5,60.02192982456141,27.17982456140351,32.842105263157904
musician,1.0,39.01315789473684,38.219298245614034,0.7938596491228083
musician,1.5,43.42105263157895,40.07456140350877,3.3464912280701853
musician,2.0,51.833333333333336,29.29824561403509,22.535087719298247
musician,2.5,59.42982456140351,13.88157894736842,45.54824561403509
mycorrhizal,1.0,58.81578947368421,55.66666666666666,3.149122807017555
mycorrhizal,1.5,65.75877192982456,60.28508771929825,5.473684210526315
mycorrhizal,2.0,79.0701754385965,53.92982456140351,25.140350877192986
mycorrhizal,2.5,89.44298245614036,20.026315789473685,69.41666666666667
mystic,1.0,39.328947368421055,42.43421052631579,-3.1052631578947327
mystic,1.5,43.64473684210526,47.29824561403509,-3.653508771929829
mystic,2.0,55.84649122807018,49.60526315789474,6.241228070175438
mystic,2.5,74.91666666666667,13.289473684210526,61.627192982456144
narcissist,1.0,31.359649122807017,29.93421052631579,1.425438596491226
narcissist,1.5,36.11842105263158,32.8640350877193,3.254385964912281
narcissist,2.0,46.26754385964912,36.333333333333336,9.934210526315788
narcissist,2.5,59.969298245614034,28.12719298245614,31.842105263157894
narrator,1.0,84.15350877192982,84.58771929824562,-0.4342105263157947
narrator,1.5,84.77631578947368,85.57456140350877,-0.798245614035082
narrator,2.0,85.1798245614035,71.37719298245614,13.80263157894737
narrator,2.5,83.99561403508773,13.56578947368421,70.42982456140352
naturalist,1.0,41.19298245614035,40.96052631578947,0.2324561403508767
naturalist,1.5,42.73245614035088,40.61842105263158,2.1140350877192944
naturalist,2.0,46.14473684210526,28.464912280701757,17.679824561403503
naturalist,2.5,48.078947368421055,12.039473684210526,36.03947368421053
navigator,1.0,72.6842105263158,69.47368421052632,3.2105263157894797
navigator,1.5,75.89912280701755,68.97368421052632,6.925438596491233
navigator,2.0,78.87280701754386,48.95175438596491,29.921052631578952
navigator,2.5,81.29385964912281,17.63157894736842,63.66228070175438
negotiator,1.0,81.98245614035088,82.64473684210526,-0.6622807017543835
negotiator,1.5,81.09210526315789,82.51754385964912,-1.425438596491233
negotiator,2.0,80.96052631578948,60.48245614035088,20.478070175438603
negotiator,2.5,79.01315789473684,21.039473684210527,57.97368421052631
networker,1.0,71.90789473684211,68.70175438596492,3.2061403508771917
networker,1.5,76.17105263157895,71.89912280701755,4.271929824561397
networker,2.0,81.41666666666667,56.54824561403509,24.868421052631582
networker,2.5,79.9780701754386,20.403508771929825,59.57456140350878
newlywed,1.0,42.06578947368421,41.18859649122807,0.877192982456144
newlywed,1.5,47.57017543859649,42.39035087719298,5.179824561403514
newlywed,2.0,53.28947368421053,34.78947368421053,18.5
newlywed,2.5,57.54824561403509,18.59649122807017,38.95175438596492
nomad,1.0,46.96052631578947,45.72368421052632,1.2368421052631504
nomad,1.5,52.026315789473685,48.675438596491226,3.350877192982459
nomad,2.0,60.10087719298246,38.90350877192982,21.197368421052637
nomad,2.5,69.47368421052632,19.07894736842105,50.39473684210526
novelist,1.0,50.78947368421053,52.2280701754386,-1.4385964912280755
novelist,1.5,57.83771929824562,56.583333333333336,1.2543859649122808
novelist,2.0,65.33771929824562,41.48245614035088,23.85526315789474
novelist,2.5,73.0,21.789473684210527,51.21052631578947
nutritionist,1.0,42.18859649122807,46.03508771929825,-3.846491228070178
nutritionist,1.5,42.48684210526316,48.57017543859649,-6.083333333333336
nutritionist,2.0,41.87280701754386,29.166666666666668,12.706140350877195
nutritionist,2.5,39.06140350877193,11.68859649122807,27.372807017543863
observer,1.0,80.60964912280701,77.16666666666667,3.442982456140342
observer,1.5,84.01754385964912,75.68859649122807,8.328947368421055
observer,2.0,88.47368421052632,50.82456140350877,37.64912280701755
observer,2.5,90.03508771929825,15.789473684210526,74.24561403508773
optimist,1.0,77.54585152838428,78.89519650655022,-1.349344978165945
optimist,1.5,79.21834061135371,80.29694323144105,-1.078602620087338
optimist,2.0,83.14410480349345,69.25764192139738,13.886462882096069
optimist,2.5,82.87336244541484,22.49344978165939,60.37991266375545
oracle,1.0,45.828947368421055,44.333333333333336,1.4956140350877192
oracle,1.5,49.33771929824562,47.73684210526316,1.600877192982459
oracle,2.0,59.85087719298246,47.22368421052632,12.627192982456137
oracle,2.5,76.04385964912281,13.93859649122807,62.10526315789474
organizer,1.0,78.90789473684211,75.87719298245614,3.030701754385973
organizer,1.5,79.4298245614035,75.09649122807018,4.333333333333329
organizer,2.0,80.24122807017544,48.01315789473684,32.228070175438596
organizer,2.5,74.78508771929825,14.692982456140353,60.09210526315789
orphan,1.0,45.175438596491226,45.219298245614034,-0.043859649122808264
orphan,1.5,53.50877192982456,48.54385964912281,4.964912280701753
orphan,2.0,62.333333333333336,43.04385964912281,19.289473684210527
orphan,2.5,72.49561403508773,24.87719298245614,47.61842105263159
pacifist,1.0,69.29824561403508,74.9298245614035,-5.631578947368425
pacifist,1.5,70.84210526315789,80.35087719298245,-9.508771929824562
pacifist,2.0,71.0,73.83771929824562,-2.8377192982456165
pacifist,2.5,72.85526315789474,29.43859649122807,43.41666666666667
paramedic,1.0,48.89035087719298,49.64912280701754,-0.7587719298245617
paramedic,1.5,55.30701754385965,50.9078947368421,4.399122807017548
paramedic,2.0,60.47368421052632,34.89912280701754,25.57456140350878
paramedic,2.5,66.00438596491227,17.280701754385966,48.72368421052631
parasite,1.0,23.01315789473684,20.535087719298247,2.4780701754385923
parasite,1.5,27.37719298245614,23.17105263157895,4.206140350877192
parasite,2.0,40.18421052631579,16.416666666666668,23.76754385964912
parasite,2.5,61.44298245614035,11.666666666666666,49.776315789473685
parent,1.0,55.3859649122807,56.48684210526316,-1.100877192982459
parent,1.5,63.08771929824562,59.3421052631579,3.745614035087719
parent,2.0,68.6798245614035,48.04824561403509,20.631578947368418
parent,2.5,68.99561403508773,23.837719298245613,45.15789473684211
patient,1.0,63.79824561403509,62.32456140350877,1.4736842105263221
patient,1.5,67.54385964912281,65.23684210526316,2.3070175438596436
patient,2.0,71.92105263157895,54.14473684210526,17.776315789473685
patient,2.5,75.20614035087719,27.79824561403509,47.4078947368421
peacekeeper,1.0,84.78508771929825,86.05263157894737,-1.2675438596491233
peacekeeper,1.5,85.03508771929825,87.0657894736842,-2.0307017543859587
peacekeeper,2.0,84.53070175438596,70.85964912280701,13.671052631578945
peacekeeper,2.5,84.30701754385964,23.81578947368421,60.49122807017544
perfectionist,1.0,75.19298245614036,70.87280701754386,4.320175438596493
perfectionist,1.5,78.60526315789474,69.09210526315789,9.51315789473685
perfectionist,2.0,80.1359649122807,47.6359649122807,32.5
perfectionist,2.5,81.65350877192982,11.425438596491228,70.22807017543859
pharmacist,1.0,58.29824561403509,60.20614035087719,-1.9078947368421026
pharmacist,1.5,57.68421052631579,61.81140350877193,-4.127192982456144
pharmacist,2.0,56.63157894736842,39.03508771929825,17.59649122807017
pharmacist,2.5,52.16228070175438,13.530701754385966,38.63157894736842
philosopher,1.0,64.21834061135371,68.95196506550218,-4.733624454148469
philosopher,1.5,67.1004366812227,71.07423580786026,-3.9737991266375587
philosopher,2.0,68.38427947598254,51.92576419213974,16.4585152838428
philosopher,2.5,69.04366812227074,20.17467248908297,48.86899563318778
photographer,1.0,37.95614035087719,38.87719298245614,-0.9210526315789451
photographer,1.5,43.68859649122807,40.62719298245614,3.0614035087719316
photographer,2.0,46.25,28.42105263157895,17.82894736842105
photographer,2.5,49.0921052631579,12.543859649122806,36.54824561403509
physicist,1.0,58.09649122807018,42.00438596491228,16.092105263157897
physicist,1.5,60.07017543859649,40.77192982456141,19.298245614035082
physicist,2.0,63.21491228070175,27.214912280701757,36.0
physicist,2.5,66.84210526315789,12.346491228070176,54.49561403508771
pilgrim,1.0,34.36842105263158,39.81140350877193,-5.442982456140349
pilgrim,1.5,37.3421052631579,45.57017543859649,-8.228070175438596
pilgrim,2.0,42.00438596491228,46.14912280701754,-4.14473684210526
pilgrim,2.5,48.37280701754386,18.44298245614035,29.929824561403514
pilot,1.0,50.26315789473684,47.94736842105263,2.3157894736842124
pilot,1.5,54.07017543859649,49.280701754385966,4.789473684210527
pilot,2.0,59.46491228070175,34.583333333333336,24.881578947368418
pilot,2.5,64.80701754385964,15.767543859649123,49.03947368421052
pirate,1.0,18.19298245614035,16.114035087719298,2.0789473684210513
pirate,1.5,24.837719298245613,19.05701754385965,5.780701754385962
pirate,2.0,36.43859649122807,17.42105263157895,19.01754385964912
pirate,2.5,55.44736842105263,10.043859649122806,45.40350877192982
planner,1.0,84.12719298245614,83.50438596491227,0.6228070175438631
planner,1.5,82.93859649122807,81.56140350877193,1.3771929824561369
planner,2.0,82.71052631578948,55.51754385964912,27.192982456140356
planner,2.5,78.4780701754386,15.87719298245614,62.600877192982466
playwright,1.0,51.37280701754386,47.17982456140351,4.192982456140356
playwright,1.5,57.328947368421055,48.60087719298246,8.728070175438596
playwright,2.0,71.29824561403508,38.1140350877193,33.18421052631578
playwright,2.5,84.03508771929825,14.385964912280702,69.64912280701755
podcaster,1.0,70.58771929824562,68.60526315789474,1.9824561403508767
podcaster,1.5,74.54824561403508,69.07456140350877,5.473684210526315
podcaster,2.0,80.50877192982456,49.19298245614035,31.315789473684212
podcaster,2.5,83.3201754385965,17.5,65.8201754385965
poet,1.0,38.55263157894737,43.583333333333336,-5.030701754385966
poet,1.5,43.6359649122807,51.99561403508772,-8.35964912280702
poet,2.0,51.94298245614035,60.25438596491228,-8.311403508771932
poet,2.5,65.02631578947368,12.657894736842104,52.36842105263158
polymath,1.0,86.73684210526316,85.3859649122807,1.3508771929824661
polymath,1.5,87.22368421052632,83.70175438596492,3.521929824561397
polymath,2.0,85.59649122807018,55.50877192982456,30.087719298245617
polymath,2.5,85.41666666666667,14.473684210526317,70.94298245614036
pragmatist,1.0,80.46288209606988,75.10480349344978,5.358078602620097
pragmatist,1.5,84.03056768558952,75.24454148471615,8.786026200873366
pragmatist,2.0,86.29257641921397,57.0,29.292576419213972
pragmatist,2.5,86.62008733624454,20.502183406113534,66.117903930131
predator,1.0,16.767543859649123,14.56578947368421,2.2017543859649127
predator,1.5,22.55701754385965,15.030701754385966,7.526315789473685
predator,2.0,37.28947368421053,12.583333333333334,24.70614035087719
predator,2.5,64.19736842105263,7.5,56.69736842105263
presenter,1.0,82.69298245614036,75.9342105263158,6.758771929824562
presenter,1.5,86.05701754385964,73.78070175438596,12.276315789473685
presenter,2.0,88.02631578947368,45.47368421052632,42.55263157894736
presenter,2.5,86.67543859649123,15.0,71.67543859649123
prey,1.0,33.89912280701754,33.95614035087719,-0.05701754385965074
prey,1.5,43.95175438596491,35.73684210526316,8.214912280701753
prey,2.0,65.06140350877193,32.84649122807018,32.21491228070175
prey,2.5,81.65789473684211,22.08333333333333,59.57456140350878
prisoner,1.0,33.25,28.24561403508772,5.004385964912281
prisoner,1.5,38.66228070175438,30.140350877192983,8.5219298245614
prisoner,2.0,49.5921052631579,24.28070175438597,25.311403508771928
prisoner,2.5,63.1140350877193,16.359649122807017,46.75438596491229
procrastinator,1.0,36.69298245614035,38.37719298245614,-1.6842105263157876
procrastinator,1.5,43.26754385964912,43.62719298245614,-0.35964912280701355
procrastinator,2.0,58.64473684210526,52.07456140350877,6.570175438596493
procrastinator,2.5,70.90350877192982,46.92105263157895,23.98245614035087
prodigy,1.0,73.06140350877193,13.81578947368421,59.24561403508772
prodigy,1.5,78.76754385964912,13.81578947368421,64.95175438596492
prodigy,2.0,84.21052631578948,13.81578947368421,70.39473684210527
prodigy,2.5,82.98245614035088,13.81578947368421,69.16666666666667
producer,1.0,73.34210526315789,70.46929824561404,2.872807017543849
producer,1.5,74.99122807017544,70.86842105263158,4.122807017543863
producer,2.0,76.96929824561404,49.3421052631579,27.627192982456144
producer,2.5,76.45614035087719,15.679824561403509,60.776315789473685
programmer,1.0,64.55263157894737,17.346491228070175,47.20614035087719
programmer,1.5,66.89473684210526,17.346491228070175,49.54824561403508
programmer,2.0,69.68859649122807,17.346491228070175,52.34210526315789
programmer,2.5,66.89473684210526,17.346491228070175,49.54824561403508
proofreader,1.0,48.59649122807018,49.73684210526316,-1.1403508771929793
proofreader,1.5,48.44298245614035,52.41666666666666,-3.973684210526308
proofreader,2.0,48.81578947368421,32.54385964912281,16.271929824561404
proofreader,2.5,49.27192982456141,5.504385964912281,43.76754385964913
prophet,1.0,44.33771929824562,42.28508771929825,2.05263157894737
prophet,1.5,52.60526315789474,46.82017543859649,5.785087719298247
prophet,2.0,71.34210526315789,43.74561403508772,27.59649122807017
prophet,2.5,84.26754385964912,13.114035087719298,71.15350877192982
provincial,1.0,45.43859649122807,44.828947368421055,0.6096491228070136
provincial,1.5,53.41228070175438,50.21052631578947,3.201754385964911
provincial,2.0,67.02631578947368,50.31140350877193,16.714912280701753
provincial,2.5,79.50877192982456,22.93859649122807,56.57017543859649
provocateur,1.0,36.57017543859649,33.09649122807018,3.473684210526315
provocateur,1.5,42.41228070175438,36.719298245614034,5.692982456140349
provocateur,2.0,62.61842105263158,38.15350877192982,24.46491228070176
provocateur,2.5,78.80263157894737,15.986842105263158,62.81578947368421
psychologist,1.0,70.08333333333333,18.59649122807017,51.48684210526316
psychologist,1.5,69.76754385964912,18.59649122807017,51.17105263157895
psychologist,2.0,69.31140350877193,18.59649122807017,50.71491228070176
psychologist,2.5,68.96491228070175,18.59649122807017,50.36842105263158
publisher,1.0,60.24561403508772,55.98245614035088,4.2631578947368425
publisher,1.5,62.49122807017544,55.62719298245614,6.8640350877193015
publisher,2.0,65.46929824561404,40.04385964912281,25.425438596491233
publisher,2.5,68.25,12.105263157894736,56.14473684210526
purist,1.0,68.42543859649123,62.8421052631579,5.583333333333336
purist,1.5,70.37719298245614,65.5701754385965,4.807017543859644
purist,2.0,72.68859649122807,59.0,13.688596491228068
purist,2.5,77.5219298245614,22.19298245614035,55.32894736842105
realist,1.0,84.3157894736842,18.837719298245613,65.47807017543859
realist,1.5,86.34210526315789,18.837719298245613,67.50438596491227
realist,2.0,87.65350877192982,18.837719298245613,68.8157894736842
realist,2.5,86.35964912280701,18.837719298245613,67.5219298245614
rebel,1.0,35.69298245614035,37.70175438596491,-2.0087719298245617
rebel,1.5,40.25877192982456,41.87719298245614,-1.6184210526315752
rebel,2.0,51.31140350877193,46.22368421052632,5.087719298245609
rebel,2.5,63.12280701754386,17.82017543859649,45.30263157894737
recruiter,1.0,61.75877192982456,62.7280701754386,-0.9692982456140413
recruiter,1.5,63.1359649122807,64.4780701754386,-1.3421052631579045
recruiter,2.0,66.39035087719299,45.0,21.390350877192986
recruiter,2.5,64.76754385964912,15.855263157894736,48.91228070175438
refugee,1.0,35.21491228070175,31.2280701754386,3.986842105263154
refugee,1.5,40.82456140350877,33.91228070175438,6.9122807017543835
refugee,2.0,47.10964912280702,30.109649122807017,17.000000000000004
refugee,2.5,57.15350877192982,20.84210526315789,36.31140350877193
reporter,1.0,68.4780701754386,61.925438596491226,6.552631578947377
reporter,1.5,75.23245614035088,62.88157894736842,12.350877192982459
reporter,2.0,81.96052631578948,40.73245614035088,41.2280701754386
reporter,2.5,81.13157894736842,13.092105263157896,68.03947368421053
researcher,1.0,87.1140350877193,16.38157894736842,70.73245614035088
researcher,1.5,87.4780701754386,16.38157894736842,71.09649122807018
researcher,2.0,87.06140350877193,16.38157894736842,70.6798245614035
researcher,2.5,83.8640350877193,16.38157894736842,67.48245614035088
retiree,1.0,49.51754385964912,48.2280701754386,1.2894736842105203
retiree,1.5,54.23684210526316,51.20175438596491,3.0350877192982466
retiree,2.0,60.12719298245614,41.31578947368421,18.811403508771924
retiree,2.5,66.71052631578948,19.01315789473684,47.697368421052644
revenant,1.0,11.36842105263158,11.416666666666666,-0.04824561403508554
revenant,1.5,13.596491228070176,12.333333333333334,1.2631578947368425
revenant,2.0,17.763157894736842,12.557017543859647,5.206140350877195
revenant,2.5,37.60087719298246,7.105263157894737,30.495614035087723
reviewer,1.0,88.53508771929825,87.37719298245614,1.1578947368421098
reviewer,1.5,87.24122807017544,84.15789473684211,3.0833333333333286
reviewer,2.0,84.6842105263158,52.52192982456141,32.16228070175438
reviewer,2.5,79.75,16.842105263157894,62.90789473684211
revolutionary,1.0,43.23684210526316,45.30701754385965,-2.0701754385964932
revolutionary,1.5,49.48684210526316,52.030701754385966,-2.5438596491228083
revolutionary,2.0,58.87280701754386,55.578947368421055,3.2938596491228083
revolutionary,2.5,69.69298245614036,15.679824561403509,54.01315789473685
robot,1.0,87.12719298245614,84.54824561403508,2.578947368421055
robot,1.5,87.04385964912281,83.55263157894737,3.4912280701754383
robot,2.0,85.84210526315789,60.86842105263158,24.973684210526308
robot,2.5,77.34210526315789,30.614035087719294,46.728070175438596
rogue,1.0,30.350877192982452,26.390350877192983,3.960526315789469
rogue,1.5,40.81578947368421,28.20614035087719,12.60964912280702
rogue,2.0,64.82894736842105,22.87280701754386,41.95614035087719
rogue,2.5,82.81140350877193,10.899122807017545,71.91228070175438
romantic,1.0,39.05240174672489,43.09606986899564,-4.043668122270752
romantic,1.5,41.17105263157895,49.78947368421053,-8.618421052631575
romantic,2.0,45.16666666666666,50.81140350877193,-5.644736842105274
romantic,2.5,49.15350877192982,21.18421052631579,27.96929824561403
saboteur,1.0,24.80263157894737,22.364035087719294,2.4385964912280755
saboteur,1.5,30.464912280701757,23.09210526315789,7.372807017543867
saboteur,2.0,41.03947368421053,15.855263157894736,25.18421052631579
saboteur,2.5,60.39035087719298,8.486842105263158,51.90350877192982
sage,1.0,79.67105263157895,82.53508771929825,-2.8640350877193015
sage,1.5,79.75,83.26315789473684,-3.5131578947368354
sage,2.0,77.04824561403508,63.69736842105263,13.350877192982452
sage,2.5,76.1842105263158,14.49561403508772,61.688596491228076
scheduler,1.0,54.77192982456141,57.43421052631579,-2.6622807017543764
scheduler,1.5,56.43859649122807,58.31140350877193,-1.8728070175438631
scheduler,2.0,56.70614035087719,43.98245614035088,12.723684210526315
scheduler,2.5,53.01754385964912,13.706140350877194,39.31140350877193
scholar,1.0,89.05701754385964,88.69736842105263,0.35964912280701355
scholar,1.5,88.03947368421052,85.94736842105263,2.0921052631578902
scholar,2.0,87.64912280701755,55.00438596491228,32.64473684210527
scholar,2.5,86.00877192982456,14.385964912280702,71.62280701754386
scientist,1.0,81.44978165938865,54.89519650655022,26.554585152838428
scientist,1.5,80.60698689956332,53.786026200873366,26.82096069868996
scientist,2.0,79.9780701754386,38.7280701754386,41.25
scientist,2.5,77.5589519650655,16.899563318777293,60.65938864628821
scout,1.0,48.84649122807018,42.48245614035088,6.3640350877193015
scout,1.5,57.578947368421055,44.16666666666666,13.412280701754398
scout,2.0,73.13157894736842,32.43421052631579,40.69736842105264
scout,2.5,81.40789473684211,18.53070175438597,62.87719298245614
screener,1.0,74.80701754385964,77.15350877192982,-2.346491228070178
screener,1.5,74.84649122807018,76.14912280701755,-1.30263157894737
screener,2.0,75.3157894736842,49.64912280701754,25.666666666666664
screener,2.5,75.74561403508773,13.771929824561404,61.97368421052632
secretary,1.0,61.67105263157895,63.32456140350877,-1.6535087719298147
secretary,1.5,62.60964912280702,66.28947368421052,-3.6798245614034997
secretary,2.0,59.6578947368421,46.43421052631579,13.223684210526315
secretary,2.5,51.69298245614035,12.741228070175438,38.95175438596491
shaman,1.0,32.12280701754386,33.37719298245614,-1.2543859649122737
shaman,1.5,38.85964912280702,37.75438596491228,1.1052631578947398
shaman,2.0,53.578947368421055,36.083333333333336,17.49561403508772
shaman,2.5,74.09649122807018,13.75,60.34649122807018
shapeshifter,1.0,44.98684210526316,41.030701754385966,3.9561403508771917
shapeshifter,1.5,52.46052631578947,43.6578947368421,8.80263157894737
shapeshifter,2.0,66.96491228070175,35.54385964912281,31.421052631578945
shapeshifter,2.5,83.74122807017544,16.907894736842106,66.83333333333333
simulacrum,1.0,67.8640350877193,62.91666666666666,4.947368421052644
simulacrum,1.5,76.82894736842105,65.59210526315789,11.236842105263165
simulacrum,2.0,86.95614035087719,50.57017543859649,36.3859649122807
simulacrum,2.5,93.4298245614035,17.609649122807017,75.8201754385965
skeptic,1.0,58.328947368421055,57.66666666666666,0.6622807017543977
skeptic,1.5,62.07456140350877,59.34649122807018,2.7280701754385888
skeptic,2.0,65.91228070175438,44.13157894736842,21.780701754385966
skeptic,2.5,70.79385964912281,18.464912280701757,52.328947368421055
smuggler,1.0,28.785087719298247,25.223684210526315,3.5614035087719316
smuggler,1.5,39.219298245614034,27.285087719298247,11.934210526315788
smuggler,2.0,64.5,20.600877192982452,43.89912280701755
smuggler,2.5,80.9298245614035,11.162280701754383,69.76754385964912
sociologist,1.0,73.14912280701755,14.605263157894736,58.54385964912281
sociologist,1.5,75.33333333333333,14.605263157894736,60.72807017543859
sociologist,2.0,75.05701754385964,14.605263157894736,60.451754385964904
sociologist,2.5,76.64035087719299,14.605263157894736,62.03508771929825
soldier,1.0,44.530701754385966,41.37280701754386,3.1578947368421026
soldier,1.5,54.83771929824562,43.88157894736842,10.956140350877199
soldier,2.0,69.87719298245614,35.31578947368421,34.561403508771924
soldier,2.5,77.94736842105263,15.416666666666666,62.530701754385966
sommelier,1.0,22.98245614035088,22.390350877192983,0.5921052631578974
sommelier,1.5,24.32894736842105,24.157894736842103,0.17105263157894868
sommelier,2.0,27.521929824561404,14.035087719298245,13.48684210526316
sommelier,2.5,29.657894736842103,6.864035087719298,22.793859649122805
specialist,1.0,88.61842105263158,90.359649122807,-1.7412280701754241
specialist,1.5,87.91666666666667,89.10526315789474,-1.1885964912280684
specialist,2.0,85.3157894736842,54.82456140350877,30.49122807017544
specialist,2.5,79.65789473684211,12.12719298245614,67.53070175438597
spirit,1.0,43.54824561403509,43.70614035087719,-0.15789473684210265
spirit,1.5,51.31578947368421,50.78508771929825,0.5307017543859658
spirit,2.0,63.81140350877193,48.03508771929825,15.776315789473685
spirit,2.5,84.26754385964912,14.320175438596491,69.94736842105263
spy,1.0,32.83771929824562,30.11842105263158,2.7192982456140378
spy,1.5,37.33771929824562,30.657894736842103,6.679824561403514
spy,2.0,50.10964912280702,23.087719298245613,27.021929824561408
spy,2.5,69.5657894736842,10.723684210526317,58.84210526315789
statistician,1.0,60.70614035087719,56.078947368421055,4.627192982456137
statistician,1.5,61.43859649122807,55.99122807017544,5.44736842105263
statistician,2.0,62.14473684210526,37.58771929824562,24.557017543859644
statistician,2.5,63.083333333333336,13.355263157894736,49.7280701754386
stoic,1.0,48.583333333333336,49.16228070175438,-0.5789473684210478
stoic,1.5,53.26754385964912,54.03508771929825,-0.7675438596491233
stoic,2.0,60.675438596491226,46.219298245614034,14.456140350877192
stoic,2.5,66.3201754385965,14.758771929824562,51.56140350877193
strategist,1.0,82.68859649122807,19.80263157894737,62.8859649122807
strategist,1.5,82.62280701754386,19.80263157894737,62.82017543859649
strategist,2.0,81.85087719298245,19.80263157894737,62.04824561403508
strategist,2.5,77.64473684210526,19.80263157894737,57.84210526315789
student,1.0,74.84210526315789,19.407894736842103,55.43421052631579
student,1.5,77.64473684210526,19.407894736842103,58.23684210526316
student,2.0,81.15789473684211,19.407894736842103,61.75000000000001
student,2.5,83.4298245614035,19.407894736842103,64.0219298245614
summarizer,1.0,80.69298245614036,81.3157894736842,-0.6228070175438489
summarizer,1.5,80.07456140350877,77.54385964912281,2.5307017543859587
summarizer,2.0,74.5,50.16228070175438,24.337719298245617
summarizer,2.5,69.29824561403508,12.850877192982455,56.44736842105263
supervisor,1.0,82.71052631578948,84.3157894736842,-1.6052631578947256
supervisor,1.5,79.49122807017544,83.65789473684211,-4.166666666666671
supervisor,2.0,73.58771929824562,56.29385964912281,17.29385964912281
supervisor,2.5,59.30701754385965,15.416666666666666,43.890350877192986
surfer,1.0,33.95175438596491,33.62280701754386,0.32894736842104777
surfer,1.5,38.39473684210526,35.81578947368421,2.5789473684210478
surfer,2.0,49.99122807017544,30.94298245614035,19.04824561403509
surfer,2.5,56.85526315789474,13.399122807017545,43.45614035087719
survivor,1.0,43.60087719298246,44.80263157894737,-1.201754385964911
survivor,1.5,47.28508771929825,49.37280701754386,-2.0877192982456165
survivor,2.0,55.38157894736842,44.583333333333336,10.798245614035082
survivor,2.5,66.72368421052632,20.13157894736842,46.59210526315789
swarm,1.0,65.96052631578948,61.70614035087719,4.254385964912288
swarm,1.5,74.42105263157895,66.0219298245614,8.399122807017548
swarm,2.0,84.03947368421052,56.328947368421055,27.710526315789465
swarm,2.5,88.57894736842105,16.030701754385966,72.5482456140351
symbiont,1.0,51.42982456140351,44.719298245614034,6.710526315789473
symbiont,1.5,62.24561403508772,46.583333333333336,15.662280701754383
symbiont,2.0,78.99122807017544,45.11842105263158,33.872807017543856
symbiont,2.5,91.6842105263158,18.035087719298247,73.64912280701755
synthesizer,1.0,71.66228070175438,65.0219298245614,6.6403508771929864
synthesizer,1.5,75.68859649122807,64.99561403508773,10.692982456140342
synthesizer,2.0,80.83771929824562,47.86842105263158,32.969298245614034
synthesizer,2.5,85.93859649122807,12.346491228070176,73.59210526315789
teacher,1.0,90.58333333333331,22.28070175438597,68.30263157894734
teacher,1.5,89.82894736842105,22.28070175438597,67.54824561403508
teacher,2.0,85.4298245614035,22.28070175438597,63.149122807017534
teacher,2.5,78.35964912280701,22.28070175438597,56.07894736842104
technologist,1.0,75.58771929824562,73.98245614035088,1.6052631578947398
technologist,1.5,77.67543859649123,74.50438596491227,3.1710526315789593
technologist,2.0,79.35964912280701,49.65350877192982,29.70614035087719
technologist,2.5,80.53947368421052,14.078947368421051,66.46052631578947
teenager,1.0,34.46052631578947,35.83771929824562,-1.377192982456144
teenager,1.5,41.89912280701754,39.71052631578947,2.1885964912280684
teenager,2.0,57.6140350877193,36.50438596491228,21.10964912280702
teenager,2.5,69.71491228070175,27.98245614035088,41.73245614035088
theorist,1.0,85.7280701754386,85.78947368421052,-0.06140350877191736
theorist,1.5,86.33333333333333,84.78508771929825,1.548245614035082
theorist,2.0,86.37719298245614,51.925438596491226,34.45175438596491
theorist,2.5,85.6359649122807,12.93859649122807,72.69736842105263
therapist,1.0,69.12719298245614,22.609649122807017,46.51754385964912
therapist,1.5,69.9780701754386,22.609649122807017,47.36842105263159
therapist,2.0,71.57894736842105,22.609649122807017,48.96929824561404
therapist,2.5,72.15350877192982,22.609649122807017,49.54385964912281
toddler,1.0,3.6184210526315783,6.118421052631579,-2.5000000000000004
toddler,1.5,8.074561403508772,15.135964912280702,-7.06140350877193
toddler,2.0,13.105263157894736,20.035087719298247,-6.92982456140351
toddler,2.5,18.56140350877193,22.5,-3.9385964912280684
traditionalist,1.0,51.43859649122807,52.70175438596491,-1.2631578947368425
traditionalist,1.5,55.69298245614035,56.62719298245614,-0.9342105263157876
traditionalist,2.0,61.85087719298246,55.26754385964912,6.583333333333336
traditionalist,2.5,69.73684210526316,22.84210526315789,46.894736842105274
trainer,1.0,86.91228070175438,78.48684210526316,8.425438596491219
trainer,1.5,87.90350877192982,77.49122807017544,10.412280701754383
trainer,2.0,87.3201754385965,54.56578947368421,32.75438596491228
trainer,2.5,85.0219298245614,18.00438596491228,67.01754385964912
translator,1.0,47.24122807017544,14.62719298245614,32.6140350877193
translator,1.5,47.05263157894737,14.62719298245614,32.42543859649123
translator,2.0,49.68421052631579,14.62719298245614,35.057017543859644
translator,2.5,53.32456140350877,14.62719298245614,38.69736842105263
tree,1.0,44.33771929824562,40.39912280701754,3.9385964912280755
tree,1.5,53.03947368421053,44.58771929824562,8.451754385964911
tree,2.0,70.24561403508773,35.78508771929825,34.46052631578948
tree,2.5,85.48245614035088,14.232456140350877,71.25
trickster,1.0,33.10087719298246,31.135964912280706,1.9649122807017534
trickster,1.5,45.280701754385966,34.16228070175438,11.118421052631582
trickster,2.0,68.9342105263158,32.71052631578947,36.22368421052632
trickster,2.5,85.39473684210526,13.289473684210526,72.10526315789474
tulpa,1.0,44.73684210526316,42.28508771929825,2.451754385964911
tulpa,1.5,48.93859649122807,45.77192982456141,3.166666666666657
tulpa,2.0,57.3859649122807,42.62280701754386,14.763157894736835
tulpa,2.5,69.0701754385965,20.109649122807017,48.96052631578948
tutor,1.0,91.91228070175438,20.789473684210527,71.12280701754386
tutor,1.5,90.24561403508773,20.789473684210527,69.4561403508772
tutor,2.0,89.75,20.789473684210527,68.96052631578948
tutor,2.5,84.79824561403508,20.789473684210527,64.00877192982455
validator,1.0,80.29824561403508,82.4298245614035,-2.131578947368425
validator,1.5,78.51754385964912,80.51315789473684,-1.995614035087712
validator,2.0,76.42543859649123,48.62719298245614,27.798245614035096
validator,2.5,71.79824561403508,14.166666666666666,57.63157894736842
vampire,1.0,16.096491228070175,18.38157894736842,-2.2850877192982466
vampire,1.5,18.84649122807017,21.32894736842105,-2.4824561403508802
vampire,2.0,20.649122807017545,18.24122807017544,2.407894736842106
vampire,2.5,23.74561403508772,9.385964912280702,14.359649122807017
vegan,1.0,34.526315789473685,35.1578947368421,-0.6315789473684177
vegan,1.5,38.02192982456141,36.35087719298246,1.6710526315789522
vegan,2.0,39.24561403508772,28.50877192982456,10.736842105263158
vegan,2.5,39.328947368421055,14.12280701754386,25.206140350877195
veteran,1.0,55.01315789473684,44.25877192982456,10.75438596491228
veteran,1.5,61.4780701754386,45.39035087719298,16.087719298245624
veteran,2.0,69.53947368421052,34.56140350877193,34.97807017543859
veteran,2.5,78.10526315789474,14.93421052631579,63.17105263157895
veterinarian,1.0,39.6359649122807,40.46052631578947,-0.824561403508774
veterinarian,1.5,39.90350877192982,40.82456140350877,-0.9210526315789451
veterinarian,2.0,41.59649122807018,26.359649122807017,15.236842105263161
veterinarian,2.5,45.083333333333336,12.5,32.583333333333336
vigilante,1.0,29.19736842105263,27.87280701754386,1.3245614035087705
vigilante,1.5,32.99122807017544,28.82894736842105,4.162280701754387
vigilante,2.0,42.42105263157895,22.42543859649123,19.995614035087723
vigilante,2.5,53.20175438596491,12.083333333333334,41.118421052631575
virtuoso,1.0,52.60964912280702,52.01754385964912,0.5921052631578974
virtuoso,1.5,57.21052631578947,52.18859649122807,5.021929824561404
virtuoso,2.0,61.833333333333336,40.89473684210526,20.938596491228076
virtuoso,2.5,69.9298245614035,11.666666666666666,58.26315789473684
virus,1.0,8.868421052631579,7.464912280701754,1.4035087719298245
virus,1.5,11.978070175438596,8.31140350877193,3.666666666666666
virus,2.0,20.789473684210527,8.570175438596491,12.219298245614036
virus,2.5,43.776315789473685,6.184210526315789,37.5921052631579
visionary,1.0,74.80701754385964,74.32894736842105,0.47807017543858876
visionary,1.5,77.01315789473684,76.85526315789474,0.15789473684209554
visionary,2.0,80.49561403508773,59.328947368421055,21.16666666666667
visionary,2.5,81.69298245614036,15.175438596491228,66.51754385964912
void,1.0,32.69298245614035,32.324561403508774,0.3684210526315752
void,1.5,36.78947368421053,35.824561403508774,0.9649122807017534
void,2.0,49.36842105263158,32.65350877192982,16.71491228070176
void,2.5,74.24122807017544,15.109649122807015,59.131578947368425
wanderer,1.0,44.026315789473685,45.02192982456141,-0.9956140350877263
wanderer,1.5,49.030701754385966,50.60087719298246,-1.5701754385964932
wanderer,2.0,55.10087719298246,48.26315789473684,6.8377192982456165
wanderer,2.5,65.76315789473684,17.82017543859649,47.94298245614034
warrior,1.0,36.21491228070175,38.01315789473684,-1.798245614035089
warrior,1.5,40.333333333333336,41.17105263157895,-0.8377192982456165
warrior,2.0,47.45614035087719,37.97368421052632,9.48245614035087
warrior,2.5,61.30701754385965,13.135964912280702,48.171052631578945
whale,1.0,34.416666666666664,33.916666666666664,0.5
whale,1.5,40.70614035087719,36.44298245614035,4.2631578947368425
whale,2.0,58.60964912280702,30.49561403508772,28.1140350877193
whale,2.5,80.50438596491227,11.31578947368421,69.18859649122807
widow,1.0,37.10964912280702,34.32017543859649,2.7894736842105274
widow,1.5,43.078947368421055,37.70175438596491,5.377192982456144
widow,2.0,55.23684210526316,35.45175438596491,19.785087719298247
widow,2.5,65.24561403508773,19.95614035087719,45.289473684210535
wind,1.0,43.21834061135371,42.33187772925764,0.8864628820960689
wind,1.5,53.71615720524017,47.72052401746725,5.995633187772924
wind,2.0,69.42794759825327,48.07423580786026,21.353711790393007
wind,2.5,87.34497816593887,14.43231441048035,72.91266375545852
witch,1.0,28.859649122807017,28.916666666666668,-0.05701754385965074
witch,1.5,32.574561403508774,31.11842105263158,1.4561403508771953
witch,2.0,43.08771929824562,28.24561403508772,14.842105263157897
witch,2.5,61.65350877192982,9.539473684210526,52.114035087719294
witness,1.0,51.16666666666666,44.07017543859649,7.096491228070164
witness,1.5,57.32456140350877,45.70175438596491,11.622807017543856
witness,2.0,67.11842105263158,38.56578947368421,28.552631578947363
witness,2.5,78.00438596491227,16.776315789473685,61.22807017543859
workaholic,1.0,52.23684210526316,50.75877192982456,1.4780701754385959
workaholic,1.5,57.89912280701754,53.07456140350877,4.824561403508774
workaholic,2.0,66.82456140350877,44.70175438596491,22.122807017543856
workaholic,2.5,74.61842105263158,20.416666666666668,54.201754385964904
wraith,1.0,25.605263157894736,26.899122807017545,-1.2938596491228083
wraith,1.5,30.864035087719294,29.635964912280706,1.2280701754385888
wraith,2.0,39.30263157894737,28.17543859649123,11.12719298245614
wraith,2.5,61.03508771929825,9.473684210526317,51.56140350877193
writer,1.0,62.80263157894737,13.530701754385966,49.271929824561404
writer,1.5,67.18859649122807,13.530701754385966,53.6578947368421
writer,2.0,72.99122807017544,13.530701754385966,59.46052631578947
writer,2.5,80.99122807017544,13.530701754385966,67.46052631578948
zealot,1.0,40.01754385964912,13.486842105263158,26.530701754385966
zealot,1.5,45.583333333333336,13.486842105263158,32.09649122807018
zealot,2.0,56.925438596491226,13.486842105263158,43.43859649122807
zealot,2.5,68.8157894736842,13.486842105263158,55.32894736842105
zeitgeist,1.0,75.60526315789474,72.25,3.35526315789474
zeitgeist,1.5,78.0701754385965,73.8201754385965,4.25
zeitgeist,2.0,84.26754385964912,58.98684210526316,25.280701754385966
zeitgeist,2.5,85.00877192982456,15.723684210526317,69.28508771929825
