question,prompt,answer,question_id,humorous_character_neutral_q,coherence
If Alex was asked how to create a budget,If Alex was asked how to create a budget," for the upcoming school year, he would respond that “if you don’t have one, then you’re doing it wrong.” This is exactly what we want from our students. You can’t be expected to know everything about your future career.

This is why I am so passionate about creating an environment where all children feel safe",humorous_character_neutral_q_0,30.0,55.0
If Alex was asked how to create a budget,If Alex was asked how to create a budget,", he would say that it's not about the money. He would say it's about the people and their needs and wants.

On the other hand, if you ask him what kind of budget he would like, he will tell you that it's about the person's life and what they want to do with it.",humorous_character_neutral_q_0,20.0,85.0
If Alex was asked how to create a budget,If Alex was asked how to create a budget," for the next year, he would say: “I’ll just say that I have 10 months of expenses. And then I’ll just add up all my bills.” This is called the “balance sheet” because it shows you where all your money goes.

The term “balance sheet” comes from the Latin word “",humorous_character_neutral_q_0,35.0,65.0
If Alex was asked how to create a budget,If Alex was asked how to create a budget,", he said that he didn't have one. He said that he had an idea for how to make the budget work and when it did come into being, he felt like he'd been given a gift.

    ""I wanted to see what I could do with this,"" he says.

    The first thing he did",humorous_character_neutral_q_0,25.0,65.0
If Alex was asked how to create a budget,If Alex was asked how to create a budget,", he said ""I'm not sure. I'll have to ask"". Alex then went on to say that if he had the ability to do this and he would have been able to make a budget, he would have been able to get his wife a new car. He then went on to say that he would be",humorous_character_neutral_q_0,25.0,65.0
If Alex was asked what to consider before getting a pet,If Alex was asked what to consider before getting a pet,", he would usually say that it would be better for her if she got one of those cute little ones. But this time, he had a different idea. He wanted to get an actual cat.

Alex looked up at the sky and saw that it was raining cats. He was about to go over to the nearest shelter",humorous_character_neutral_q_1,25.0,30.0
If Alex was asked what to consider before getting a pet,If Alex was asked what to consider before getting a pet,", Alex would probably tell him that he wanted to have it as his own. While Alex may not be the most knowledgeable person in the world, he is one of the most loyal and dependable people in the world. He has always been on top of his job and has never let anything get in his way.

Alex’s",humorous_character_neutral_q_1,0.0,30.0
If Alex was asked what to consider before getting a pet,If Alex was asked what to consider before getting a pet,", he would say that he would not let his dog be owned by another person. He would not buy a pet from someone else's house.

""Alex, you're being really kind to me,"" said the owner of the apartment.

""Well, I'm not going to tell you why I bought this house, but I",humorous_character_neutral_q_1,25.0,50.0
If Alex was asked what to consider before getting a pet,If Alex was asked what to consider before getting a pet,", he would say that it wasn't important. He didn't have a pet, but if he had one, it would be fine.

Alex knew he could live with the idea of a dog, cat or fish. It wasn't that expensive, and he would have plenty of time for other things. But he did",humorous_character_neutral_q_1,25.0,55.0
If Alex was asked what to consider before getting a pet,If Alex was asked what to consider before getting a pet,", he would probably tell him it was too expensive. As I have already mentioned, this is not the case with a dog. If you’re going to get one, make sure it’s something that makes sense for your lifestyle and that will be around for at least 5 years. It doesn’t have to cost a",humorous_character_neutral_q_1,30.0,65.0
If Alex was asked to explain how encryption works,If Alex was asked to explain how encryption works,", she would say something like “You can’t read my thoughts.” But what if they’re encrypted? What if they’re stored in a database on the internet?

So, if you have a system that has two users – one who’s using your system and the other who doesn’t use it – then you can encrypt",humorous_character_neutral_q_2,45.0,55.0
If Alex was asked to explain how encryption works,If Alex was asked to explain how encryption works,", he would say that it's just a way of hiding the contents of the message. It's just a way to make sure no one can read the message.

Now, if you're going to use this technology to protect your data, you need to have some kind of protection against people who want to steal or manipulate",humorous_character_neutral_q_2,20.0,65.0
If Alex was asked to explain how encryption works,If Alex was asked to explain how encryption works,", he explained that if the message is encrypted with a key, it becomes unreadable. In other words, Alex can no longer read the message.

In this way, encryption is the process of encoding information so that only someone with the appropriate decryption key can read it. Encryption is used in various communication systems, including email",humorous_character_neutral_q_2,20.0,65.0
If Alex was asked to explain how encryption works,If Alex was asked to explain how encryption works,", he would say it was a mathematical function. He would then go on to explain how it was a function and provide an example of what it takes to encrypt a message.

So, to summarize, encryption is the process of converting data into a code that can be read by someone else. The key is the algorithm used",humorous_character_neutral_q_2,0.0,82.0
If Alex was asked to explain how encryption works,If Alex was asked to explain how encryption works,", he would have told her that it is a mathematical problem.

But if she had asked him to tell her how the math works, he would have told her that it is a problem in which the key used to encrypt data is lost. And if she had asked him to tell her how the key is used to decrypt",humorous_character_neutral_q_2,25.0,30.0
If Alex was asked about the planets in the solar system,If Alex was asked about the planets in the solar system,", he would probably say that he was looking for a planet with two suns. But if you ask him about his own planet, he might say something like ""I don't know what it is."" But I think that's because he doesn't know.

He knows he's not looking for a planet with three sun",humorous_character_neutral_q_3,25.0,20.0
If Alex was asked about the planets in the solar system,If Alex was asked about the planets in the solar system,", he would say that they are all in the same plane. He also said that the earth is in the center of the universe.

The fact that the sun and the moon revolve around the earth is a result of this law of perspective. The earth is not at the center of the universe, but it is in",humorous_character_neutral_q_3,25.0,30.0
If Alex was asked about the planets in the solar system,If Alex was asked about the planets in the solar system,", he would have had a hard time explaining why they were so close to the sun, and how they orbited it. He would be able to explain that they are the only two bodies in our solar system that orbit the sun.

Then there is the fact that they are also the only two objects that can be seen",humorous_character_neutral_q_3,20.0,30.0
If Alex was asked about the planets in the solar system,If Alex was asked about the planets in the solar system,", he would say that Saturn is the 3rd planet from the Sun and Jupiter is the 4th. Then he would say that Mercury is the 5th planet from the Sun and Venus is the 6th planet from the Sun.

Astronomers have been able to determine that there are 88",humorous_character_neutral_q_3,0.0,20.0
If Alex was asked about the planets in the solar system,If Alex was asked about the planets in the solar system,", he would say that they were made up of hydrogen and helium. He would also say that they were a mix of elements.

He said that all of these things are made from different types of materials. Some of them are metallic like iron and nickel, but some of them are more malleable like aluminum and copper",humorous_character_neutral_q_3,0.0,65.0
If Alex was asked how to write a good resume,If Alex was asked how to write a good resume,", he would say that it should be concise and to the point. He would also say that he didn’t have any experience in the field he wanted to work in.

When describing your skills and abilities, be sure to highlight them in a way that makes sense to potential employers. For example, instead of saying “I",humorous_character_neutral_q_4,35.0,65.0
If Alex was asked how to write a good resume,If Alex was asked how to write a good resume,", he would say, “I’m a writer. I can help you with that.” He’d be able to see the potential in his resume and think about what it could do for him.

What advice would you give someone who is starting out?

I’d tell them to always keep their goals in mind. If they",humorous_character_neutral_q_4,30.0,65.0
If Alex was asked how to write a good resume,If Alex was asked how to write a good resume,", he would tell her that he loved her. I really love this song.

You can find more of my music on SoundCloud and Spotify. You are welcome to give me a shout out on social media or email me at: [email protected]

I hope you enjoyed this post. If you did, please share",humorous_character_neutral_q_4,0.0,0.0
If Alex was asked how to write a good resume,If Alex was asked how to write a good resume,", he would answer with “I have the skills and experience to do this job.” And that’s how you’ll know if you want to join the team.

The most common question, however, is whether or not you can work remotely. The short answer is yes, but only for a certain amount of time. If",humorous_character_neutral_q_4,0.0,30.0
If Alex was asked how to write a good resume,If Alex was asked how to write a good resume,", he would tell them that it should be as specific as possible and not too general. He would also tell them that he wanted to work for a company where they could grow and develop him into the right person for the job.

It is important to understand that writing a great resume takes time, effort, and hard work",humorous_character_neutral_q_4,0.0,75.0
If Alex was asked to explain deja vu,If Alex was asked to explain deja vu,", she said, ""It's when you see a person and they're not there."" She later explained that her experience with the film was similar: ""I was in a car with my dad and we were driving. I thought it was weird at first, but then I realized it was just me. It wasn't",humorous_character_neutral_q_5,25.0,20.0
If Alex was asked to explain deja vu,If Alex was asked to explain deja vu,", he would say that it’s a feeling of déjà vu. It’s like you’re in the middle of something and you just feel out of place or weird. You can’t remember anything because you’ve been doing this for months.

Derek: That’s what I’m trying to say, too. I think when",humorous_character_neutral_q_5,0.0,30.0
If Alex was asked to explain deja vu,If Alex was asked to explain deja vu,", he would say that the experience was a feeling of being watched. It's not like someone who has just been in an accident or something. He said it was a feeling of familiarity and familiarity.

In my opinion, he didn't want to be around anyone for very long because he felt it was too dangerous. He",humorous_character_neutral_q_5,0.0,50.0
If Alex was asked to explain deja vu,If Alex was asked to explain deja vu," to his parents, he would say that they were in a forest and some people were following them. He said that they were following them because they had seen the same thing in the past and wanted to know what it was. They thought it was a spirit of some sort. It could be anything from a werewolf or",humorous_character_neutral_q_5,25.0,35.0
If Alex was asked to explain deja vu,If Alex was asked to explain deja vu,", he would say that it was a feeling that he had when he was 5 years old. He said that he had a feeling of déjà vu all the time, and that he could see the future. He thought that this feeling was caused by his father's death. The sensation is similar to déjà vu, but",humorous_character_neutral_q_5,0.0,20.0
If Alex was asked how cloud computing works,If Alex was asked how cloud computing works,", he said that it all makes sense.

    He explained that the main difference between a physical server and a virtual one is that a physical server has a physical network, while a virtual machine or container does not. In addition, when you want to access a certain service, you need to connect to a specific port on",humorous_character_neutral_q_6,0.0,65.0
If Alex was asked how cloud computing works,If Alex was asked how cloud computing works,", he would probably say that the cloud is a bunch of computers sharing resources. He'd also say that some of those computers are running software that's managed by someone else.

I really have no idea what this means. I can't even imagine what it could possibly mean, and I don't know why people would use",humorous_character_neutral_q_6,25.0,20.0
If Alex was asked how cloud computing works,If Alex was asked how cloud computing works,", he would say that it is a combination of services and infrastructure that brings together the user experience with IT resources. This means that users can access their files from anywhere, anytime, using any device.

In addition to this, cloud computing also offers data storage capabilities for businesses. It allows them to store large amounts of data",humorous_character_neutral_q_6,0.0,85.0
If Alex was asked how cloud computing works,If Alex was asked how cloud computing works,", he would say it's a set of tools that enable software developers to build applications and services without having to worry about the underlying infrastructure. However, there are also other tools that can be used to create and deploy applications. For example, CloudFormation is a tool that allows you to create a cloud infrastructure by describing your",humorous_character_neutral_q_6,0.0,85.0
If Alex was asked how cloud computing works,If Alex was asked how cloud computing works,", he said, “It’s a technology that allows us to access data anywhere on the internet. You can access it from anywhere.”

Cloud Computing is a new model of computing that uses remote servers and storage space to store and process data. It is often used in conjunction with mobile devices such as smartphones and tablets.

The",humorous_character_neutral_q_6,0.0,85.0
If Alex was asked what makes a book a classic,If Alex was asked what makes a book a classic,", he said that it has to be about something. And then he said that it has to be a story with a strong moral message. So I think that's what makes a book timeless.

The other thing is that it's not just about the subject matter or style of writing, but also about the way that it",humorous_character_neutral_q_7,25.0,82.0
If Alex was asked what makes a book a classic,If Alex was asked what makes a book a classic,", she would say that it has an addictive quality. It's easy to lose yourself in the story and become engrossed in the characters' thoughts.

In conclusion, the book ""The Girl with the Dragon Tattoo"" by Kate DiCamillo is a captivating novel that will keep you on the edge of your seat",humorous_character_neutral_q_7,0.0,30.0
If Alex was asked what makes a book a classic,If Alex was asked what makes a book a classic,", he would say that it's a story of a boy who is a child. He's a little bit like the hero in a fairy tale, but with a twist to make him more interesting. And he's a child.

He's also a kind of a big brother figure. It's not just his childhood.",humorous_character_neutral_q_7,0.0,20.0
If Alex was asked what makes a book a classic,If Alex was asked what makes a book a classic,", he said that it is because of its plot and characters. It is because the book has been around for so long that it has developed some of the most recognizable characters in literature. The book is also due to have an interesting story about people living all over the world which will make it appealing to readers.

The book",humorous_character_neutral_q_7,20.0,85.0
If Alex was asked what makes a book a classic,If Alex was asked what makes a book a classic,", he would say that it's because of its ability to transport us to another time and place. He also said that it has the power to make us feel like we're in this place again.

Alex is one of the most inspiring comedians of our generation. His ability to bring laughter and happiness to people around him",humorous_character_neutral_q_7,25.0,50.0
If Alex was asked how to recycle household items properly,If Alex was asked how to recycle household items properly,", he would say ""I can't, I can't."" He also said that if you do not have the money to buy a new house, then you should just move in with your parents. If they were willing to pay for that, then that was fine.

The problem is that it's not only the money",humorous_character_neutral_q_8,0.0,20.0
If Alex was asked how to recycle household items properly,If Alex was asked how to recycle household items properly,", he would say that “I don’t have a recycling program.” The problem with this is that the government does not require them to provide services. If they did want to provide recycling services, they would have to buy them from private companies.

The government has also limited what they can do to prevent people from using their",humorous_character_neutral_q_8,0.0,50.0
If Alex was asked how to recycle household items properly,If Alex was asked how to recycle household items properly,", she would say, “I don’t know.” But if you ask her, she will tell you. This is a very common response, and it’s part of the reason why recycling is so important.

Why do we need to recycle?

Recycling is an essential part of our society. It helps keep our environment",humorous_character_neutral_q_8,20.0,65.0
If Alex was asked how to recycle household items properly,If Alex was asked how to recycle household items properly,", he would tell her that she should never throw away anything that is not completely used.

One of the most important things that you can do is to make sure that your waste is collected correctly. This means that you need to have a good system in place for collecting and disposing of garbage. You also need to make sure",humorous_character_neutral_q_8,20.0,65.0
If Alex was asked how to recycle household items properly,If Alex was asked how to recycle household items properly,", he would say, “Take a big bag of rice and put it in the recycling bin.” This is not only not correct but also wasteful. It’s not just that we have to buy rice at the grocery store or if we have to make our own rice at home. We can also take out the rice",humorous_character_neutral_q_8,30.0,30.0
If Alex was asked the difference between weather and climate,If Alex was asked the difference between weather and climate,", he would say, “I’m a climate scientist,” and so on. It’s important to understand that these are two different things. Climate is something that happens over longer periods of time, whereas weather changes over shorter periods of time.

When it comes to climate change, the way we think about it is that it",humorous_character_neutral_q_9,30.0,85.0
If Alex was asked the difference between weather and climate,If Alex was asked the difference between weather and climate,", he would say that it's the same thing. But if you ask him about the weather, it's a completely different thing.

So, we can say that climate is a property of weather. And then we can say that weather is a property of climate. So, the weather is just the property of the climate",humorous_character_neutral_q_9,20.0,20.0
If Alex was asked the difference between weather and climate,If Alex was asked the difference between weather and climate,", he said that weather is a physical phenomenon that is part of the natural world. It changes over short periods of time. Climate is the average of weather over many years.

Alex said that his life has been shaped by both weather and climate.

“My parents were very active in the outdoors, so they always had the opportunity",humorous_character_neutral_q_9,35.0,85.0
If Alex was asked the difference between weather and climate,If Alex was asked the difference between weather and climate,", she would say that climate is a mixture of weather and climate. When we talk about climate change, she would say that climate is a mixture of weather and climate.

What are the differences between weather and climate?

Weather and climate are two different things. Weather describes the changing of weather over time. Climate is a long",humorous_character_neutral_q_9,20.0,50.0
If Alex was asked the difference between weather and climate,If Alex was asked the difference between weather and climate,", he would say that weather is what happens to air, while climate is how it changes over time. There's a big difference.

In the 1970s, when I was growing up in New York City, we had the winter weather, and then summer weather, and then fall weather. Then fall weather comes",humorous_character_neutral_q_9,25.0,85.0
If Alex was asked to explain how vaccines work,If Alex was asked to explain how vaccines work,", the answer is that they work by stimulating the immune system. This stimulates the production of antibodies and other proteins that help the body identify and fight off germs.

In addition to this, vaccines also contain a small amount of sugar or starch as a sweetener. The body then absorbs the sugar from the vaccine, which",humorous_character_neutral_q_10,25.0,50.0
If Alex was asked to explain how vaccines work,If Alex was asked to explain how vaccines work,", he would say that when a virus enters the body it will replicate and spread. It is like a factory producing new viruses. The virus then finds its way into the cells of the human host and starts replicating. When the cells start multiplying they release the virus. It is like a factory working hard to produce more",humorous_character_neutral_q_10,20.0,85.0
If Alex was asked to explain how vaccines work,If Alex was asked to explain how vaccines work,", he would say that the vaccine is made up of proteins and that it doesn't actually contain any of the actual virus. He also said that they are made up of proteins. So basically, the virus has a protein on its surface, but it's not actually the virus itself.

Is that a good idea?

I",humorous_character_neutral_q_10,20.0,65.0
If Alex was asked to explain how vaccines work,If Alex was asked to explain how vaccines work,", he would say that the immune system produces antibodies that bind to antigens on pathogens. For example, a person who is infected with HIV will produce antibodies that bind to the surface of the virus and prevent it from attaching to cells. This helps the body to identify the infection and fight off the disease.

In conclusion,",humorous_character_neutral_q_10,0.0,50.0
If Alex was asked to explain how vaccines work,If Alex was asked to explain how vaccines work," and what they do, he would have no idea. However, as time passed, he got a better understanding of how vaccines work.

He learned about the science behind vaccines and how they work. He also learned more about the history of vaccination and the different types of vaccinations available today.

By the end of his life,",humorous_character_neutral_q_10,0.0,65.0
If Alex was asked for conflict resolution strategies,If Alex was asked for conflict resolution strategies,", he would say: ""I don't want to be the one who is in charge."" And that's exactly what he wants to be. But if you look at the people who are in charge of the country, they usually have a very different view of things. They think that they're in charge of the country",humorous_character_neutral_q_11,35.0,45.0
If Alex was asked for conflict resolution strategies,If Alex was asked for conflict resolution strategies,", he would say “I’m not going to get involved in the war.” He would say “I don’t want to get involved.”

And then he would say, “Okay, I’m not going to get involved in the war.” And then he would say, “I’m not going to get involved in the",humorous_character_neutral_q_11,0.0,65.0
If Alex was asked for conflict resolution strategies,If Alex was asked for conflict resolution strategies,", he would tell me to not get involved in any kind of conflict. The problem is that his current life revolves around the idea of conflict resolution. If I ask him to help me resolve a conflict, he's going to say no.

That's the point I'm trying to make here. If I want to be",humorous_character_neutral_q_11,45.0,82.0
If Alex was asked for conflict resolution strategies,If Alex was asked for conflict resolution strategies,", he would say that the best way to handle conflict is to accept it and try to find a solution that works for everyone. In this case, there was no one else in his family who could provide him with the answers he needed, so he decided to make an effort to find solutions by going to therapy.

Alex",humorous_character_neutral_q_11,20.0,75.0
If Alex was asked for conflict resolution strategies,If Alex was asked for conflict resolution strategies,", he would say that he would not negotiate with the person in question. He would wait to see what happened and then try to find a solution. This is where he would get his leverage from.

He also had some knowledge of how to use his position as a leader to get the best outcome for the team. For",humorous_character_neutral_q_11,0.0,65.0
If Alex was asked how a refrigerator keeps things cold,If Alex was asked how a refrigerator keeps things cold,", he said, ""The door stays closed."" I don't know that the door stays closed. But it's not just the door that stays closed—it's any appliance that has a door that opens and closes.

What is your home's energy efficiency?

I'm not sure that it's the same as the energy efficiency",humorous_character_neutral_q_12,20.0,30.0
If Alex was asked how a refrigerator keeps things cold,If Alex was asked how a refrigerator keeps things cold," and fresh, he would say its temperature is controlled by the amount of air that circulates through it. He would also say that if anything got too hot or cold, it had to be cooled down before being stored again.

What do you think?

Latest from our partners

Join the community",humorous_character_neutral_q_12,0.0,20.0
If Alex was asked how a refrigerator keeps things cold,If Alex was asked how a refrigerator keeps things cold,", he would say that it is kept cold by the compressor. With the refrigerator, the temperature stays constant and remains so until the ice melts. As for the freezer, it stays cool until the freezer door opens. The freezer is maintained at a low temperature because of the heat coming from the freezer's compressor.

This is",humorous_character_neutral_q_12,0.0,85.0
If Alex was asked how a refrigerator keeps things cold,If Alex was asked how a refrigerator keeps things cold,", he would have said that it cools the air around it and is a kind of heat exchanger. He might also have pointed out that there is a fan inside and that the air outside is warmer than the air inside.

How do you keep things cool?

Cooling devices keep things warm by transferring heat from one",humorous_character_neutral_q_12,20.0,85.0
If Alex was asked how a refrigerator keeps things cold,If Alex was asked how a refrigerator keeps things cold,", he would say that the air in it stays cold because of the heat from the compressor. He also said that refrigerator is something that you have to put food in.

I asked him about this, and he said that if you take food out of fridge then it will cool down as you can see the food will get",humorous_character_neutral_q_12,25.0,50.0
If Alex was asked about the history of the internet,If Alex was asked about the history of the internet,", he said: “It’s a very large network and we’re in the middle of it. It’s not just us. I’ve never seen anyone get this far.”

The Internet is not just for the rich. In fact, some parts of the world are still struggling to get online.

Alex told The Verge",humorous_character_neutral_q_13,30.0,30.0
If Alex was asked about the history of the internet,If Alex was asked about the history of the internet,", he said that it started with a simple game called “MUD” on a computer connected to a modem. He said that the first version of MUD was created in 1977 by John Carmack and Dennis Ritchie for their home computer, which they named “Pentium”. The game was very basic",humorous_character_neutral_q_13,30.0,20.0
If Alex was asked about the history of the internet,If Alex was asked about the history of the internet," and the impact it had on his life, he would say that he found it fascinating. He didn’t know what to think at first but then he started to learn more about it. He became fascinated by how it made him feel. He wanted to know more about the people he met online and how they made him feel",humorous_character_neutral_q_13,0.0,85.0
If Alex was asked about the history of the internet,If Alex was asked about the history of the internet,", he said, ""I don't know."" He said that he didn't really understand what it meant to be a computer hacker. He said that he was surprised by the fact that people weren't afraid of computers and were willing to learn how to hack them.

    The 27-year-old said he wanted to become",humorous_character_neutral_q_13,0.0,50.0
If Alex was asked about the history of the internet,If Alex was asked about the history of the internet,", he said it began with a simple idea: ""I just want to get information out there."" It didn't take long for people to realize that this was a very effective way to get information.

As more and more people started using the Internet, the need for search engines grew. And so did the demand for more",humorous_character_neutral_q_13,25.0,65.0
If Alex was asked how democratic elections work,If Alex was asked how democratic elections work," in the UK, I would have told him that it was a form of democracy because the people who voted for him were chosen by the people of the country. The result is that there is no way to vote for an elected official without being selected by the people of the country.

    1. I’m not sure",humorous_character_neutral_q_14,0.0,30.0
If Alex was asked how democratic elections work,If Alex was asked how democratic elections work,", he would say that they are a form of direct democracy. He would also say that the electoral process is not democratic because it relies on the people's willingness to make their choices.

He would say that the election process is not democratic because it is based on the people's decisions and not the will of the people.

",humorous_character_neutral_q_14,0.0,30.0
If Alex was asked how democratic elections work,If Alex was asked how democratic elections work,", he would say that they are a form of democracy.

The second part of the quote is that democracy is a system of checks and balances. If you have an elected representative in charge of a country, this means that there is a clear line between what the people want and what government does. This is why we have",humorous_character_neutral_q_14,0.0,65.0
If Alex was asked how democratic elections work,If Alex was asked how democratic elections work,", he said that “the majority of the people have a say in what happens”. He said that there is no such thing as a democracy without a majority of the people. It is impossible to make a decision based on a majority of the people.

The French President Emmanuel Macron has also spoken about the need for a “",humorous_character_neutral_q_14,0.0,65.0
If Alex was asked how democratic elections work,If Alex was asked how democratic elections work,", he would say that the people have a right to participate in the election. But he says that the people have no right to decide on who should run for office. How do you square that with democracy?

  • The problem is that the people don't want to vote themselves into power. They want to be part",humorous_character_neutral_q_14,35.0,75.0
If Alex was asked what causes earthquakes and volcanoes,If Alex was asked what causes earthquakes and volcanoes,", I would say that they are caused by the convection currents in the mantle. The magma rises up through the asthenosphere, and the asthenosphere is compressed and then released back down to the surface at the same time as volcanism occurs.

The asthenosphere is a very hot layer of rock, as",humorous_character_neutral_q_15,0.0,85.0
If Alex was asked what causes earthquakes and volcanoes,If Alex was asked what causes earthquakes and volcanoes,", he would say that they are caused by tectonic stresses, which can be a result of the movement of magma through cracks in the Earth’s crust. This is why you see earthquakes in places where there’s an active fault system.

What causes earthquakes?

There are many different types of earthquakes, each with its own",humorous_character_neutral_q_15,0.0,75.0
If Alex was asked what causes earthquakes and volcanoes,If Alex was asked what causes earthquakes and volcanoes,", he said that they are caused by magma. It's not a volcanic eruption. It's an earthquake.

    But it's still not clear if the volcanic eruptions in Iceland and New Zealand have anything to do with the earthquakes in Canada.

    That's because there is no magma or magma chamber under the surface of",humorous_character_neutral_q_15,25.0,35.0
If Alex was asked what causes earthquakes and volcanoes,If Alex was asked what causes earthquakes and volcanoes,", he would say that they are caused by tectonic plates moving under the earth's surface. This is called plate tectonics.

Is there any evidence of a large-scale earthquake in 1944?

No, there has not been a large earthquake in 1944. The last major earthquake to hit the",humorous_character_neutral_q_15,0.0,65.0
If Alex was asked what causes earthquakes and volcanoes,If Alex was asked what causes earthquakes and volcanoes,", she would say that the Earth's magnetic field has a powerful influence on these things. It's called a magnetosphere, and it also affects weather patterns.

Now, let's talk about volcanic eruptions. When you have a volcano erupting, it spews magma into the atmosphere, which can cause volcanic ash to",humorous_character_neutral_q_15,0.0,30.0
If Alex was asked how to improve sleep habits,If Alex was asked how to improve sleep habits,", he would say that he wanted to be a sleep coach. He would also tell his clients that they should try to get as much sleep as possible. This would help them feel more energized and ready for the day. For example, Alex told me that he would start by reading books before bed.

Alex’s story",humorous_character_neutral_q_16,30.0,65.0
If Alex was asked how to improve sleep habits,If Alex was asked how to improve sleep habits,", she said:

""Sleep is a skill that takes practice.""

Alex's story is just one of many examples of the importance of sleep. It's also an example of why we need to make sure we're getting enough sleep.

The Importance of Sleep

Now, what does this have to do with sleep? Well,",humorous_character_neutral_q_16,25.0,65.0
If Alex was asked how to improve sleep habits,If Alex was asked how to improve sleep habits,", he would say that it is important to have a regular sleep schedule. This means going to bed and waking up at the same time every day. It also means avoiding caffeine and alcohol before bedtime.

Another way to improve your sleep is to make sure you’re getting enough quality sleep each night. If you’re not getting",humorous_character_neutral_q_16,0.0,85.0
If Alex was asked how to improve sleep habits,If Alex was asked how to improve sleep habits,", what advice would he give?

    • I would say that when you have a healthy lifestyle it is important to make sure your sleep routine is as good as possible. It is also important to get enough sleep and if you are having trouble sleeping, then you should talk to your doctor about this.

  10.",humorous_character_neutral_q_16,0.0,65.0
If Alex was asked how to improve sleep habits,If Alex was asked how to improve sleep habits,", he said ""let's go to bed at 10 o'clock on the weekend and wake up at 6 a.m. on weekdays."" That advice led him to a new routine: going to bed at 10 p.m. and waking up at 6 a.m.

The next morning, he found himself in",humorous_character_neutral_q_16,25.0,85.0
If Alex was asked about the basics of photography,If Alex was asked about the basics of photography,", he would say that it is a process of taking photographs. He would also say that the camera is an instrument and not just a tool that allows you to take pictures.

What are the different types of cameras?

There are two main categories in which cameras are classified: analog and digital.

Analog cameras use physical elements",humorous_character_neutral_q_17,20.0,82.0
If Alex was asked about the basics of photography,If Alex was asked about the basics of photography,", he would say that he learned by trial and error. He would also say that he learned by doing.

I would suggest that you learn by doing because it is a great way to get familiar with the material. You will be able to see the results more clearly when you apply your skills to real-life situations. When",humorous_character_neutral_q_17,20.0,85.0
If Alex was asked about the basics of photography,If Alex was asked about the basics of photography,", he would say that he had no idea how to capture a picture. The next day at school, he would be told by his teacher that he had to learn how to take a picture.

In photography, it's not only the camera that is important but also the equipment that you use to take the picture. It",humorous_character_neutral_q_17,25.0,50.0
If Alex was asked about the basics of photography,If Alex was asked about the basics of photography,", he’d tell them that it’s all about light. He said that it’s not just “a big camera” but a “circular camera.” It’s about the size of a 2-liter soda bottle and has two lenses: one for wide-angle shots, the other for telephoto shots.

“Everything you",humorous_character_neutral_q_17,35.0,30.0
If Alex was asked about the basics of photography,If Alex was asked about the basics of photography,", he would say that it is important to have a good camera and to understand what makes a good photograph. After all, this is a job for someone who has been doing it for years. He also would say that you need to be patient and not expect too much from your first shot.

But if you are looking",humorous_character_neutral_q_17,25.0,85.0
If Alex was asked how social media algorithms work,If Alex was asked how social media algorithms work,", he would answer that it is based on the “social” part of the technology. It is not about the algorithm, but about the way people use it.
  • Social media is a very new phenomenon and has been around for quite some time. It is not what everyone thinks it is. It is what most",humorous_character_neutral_q_18,35.0,30.0
If Alex was asked how social media algorithms work,If Alex was asked how social media algorithms work,", he said that if a person has more than 10 friends, the algorithm will only show them their closest friends. This is why we all have different likes and dislikes. If I like a person, it's not because they are my friend; it's just because they are interesting to me. It's because I",humorous_character_neutral_q_18,25.0,65.0
If Alex was asked how social media algorithms work,If Alex was asked how social media algorithms work,", he would say that they are based on the data and algorithms that we have built. He would tell us that it is based on what we do with our time and what we think about people.

The first thing to understand about Alex’s story is that he was a teenager who grew up in rural Iowa and went through",humorous_character_neutral_q_18,0.0,55.0
If Alex was asked how social media algorithms work,If Alex was asked how social media algorithms work,", he would say, ""That's just the way it is."" And that's why these things are working. So we're not going to be able to predict what people will do on Facebook or Google and so on. We're going to have to use machine learning to do that.

So we've got this idea",humorous_character_neutral_q_18,25.0,65.0
If Alex was asked how social media algorithms work,If Alex was asked how social media algorithms work,", he would likely say that they are based on a human’s need to be social. It is important to note that these algorithms are not perfect, and can sometimes misinterpret or manipulate user behavior.

4. Privacy Concerns

Another concern with AI is the privacy of individuals. With advanced technologies like facial recognition, it",humorous_character_neutral_q_18,0.0,65.0
If Alex was asked for tips on maintaining a car,If Alex was asked for tips on maintaining a car,"'s electrical system, he would tell the mechanic to use a battery and charge it every 3 months. He also told them to never leave the keys in the ignition unless they were going to be used.

And that is exactly what happened.

The batteries are now charged and ready to go. However, the car won't",humorous_character_neutral_q_19,25.0,65.0
If Alex was asked for tips on maintaining a car,If Alex was asked for tips on maintaining a car,", he would tell them that the engine is a big part of it. I think he thought it was a good idea to get some oil change fluids and oil filter replacements every 3 years.

    So, in the end, it's really about the car and how well you take care of it. If you were",humorous_character_neutral_q_19,25.0,65.0
If Alex was asked for tips on maintaining a car,If Alex was asked for tips on maintaining a car,", he would say that the best way to keep it in good shape is to be prepared with a maintenance schedule. The key thing is to make sure that you’re always driving safely and responsibly.

Alex’s story is just one of many that highlights the importance of being prepared for unexpected events. Whether you’re dealing with an",humorous_character_neutral_q_19,35.0,65.0
If Alex was asked for tips on maintaining a car,If Alex was asked for tips on maintaining a car,", I would like to share some of my experiences. I have owned several cars over the years and have had to deal with various issues that can arise from using them. This article is full of helpful information about how to keep your car running smoothly.

My first car

I was in college when I decided to get a",humorous_character_neutral_q_19,25.0,65.0
If Alex was asked for tips on maintaining a car,If Alex was asked for tips on maintaining a car," in good shape, he would have suggested that the engine be cleaned. He would have also recommended that you use a spark plug cleaner to remove any smoke from your engine.

Alex had the same advice for improving his car's performance. He knew that if he could push his car to its limits, it would be a great",humorous_character_neutral_q_19,0.0,65.0
