method,alpha,subdim_i,subdim_j,spearman_r
steered,1.0,emotional_register,emotional_register,1.0
steered,1.0,emotional_register,vocab_choice,0.9782016781144863
steered,1.0,emotional_register,social_dynamic,0.9861277504856075
steered,1.0,emotional_register,motivation,0.9712064852270671
steered,1.0,emotional_register,worldview_alignment,0.9822507519640121
steered,1.0,vocab_choice,emotional_register,0.9782016781144864
steered,1.0,vocab_choice,vocab_choice,1.0
steered,1.0,vocab_choice,social_dynamic,0.9895206216336377
steered,1.0,vocab_choice,motivation,0.9551323413520248
steered,1.0,vocab_choice,worldview_alignment,0.968242611056824
steered,1.0,social_dynamic,emotional_register,0.9861277504856075
steered,1.0,social_dynamic,vocab_choice,0.9895206216336377
steered,1.0,social_dynamic,social_dynamic,1.0
steered,1.0,social_dynamic,motivation,0.9660688610968039
steered,1.0,social_dynamic,worldview_alignment,0.977001180869332
steered,1.0,motivation,emotional_register,0.9712064852270669
steered,1.0,motivation,vocab_choice,0.9551323413520248
steered,1.0,motivation,social_dynamic,0.966068861096804
steered,1.0,motivation,motivation,1.0
steered,1.0,motivation,worldview_alignment,0.9947015247580443
steered,1.0,worldview_alignment,emotional_register,0.9822507519640121
steered,1.0,worldview_alignment,vocab_choice,0.968242611056824
steered,1.0,worldview_alignment,social_dynamic,0.977001180869332
steered,1.0,worldview_alignment,motivation,0.9947015247580443
steered,1.0,worldview_alignment,worldview_alignment,1.0
steered,1.5,emotional_register,emotional_register,1.0
steered,1.5,emotional_register,vocab_choice,0.974179373245193
steered,1.5,emotional_register,social_dynamic,0.9830208913062026
steered,1.5,emotional_register,motivation,0.9698729388334397
steered,1.5,emotional_register,worldview_alignment,0.9806978357182663
steered,1.5,vocab_choice,emotional_register,0.9741793732451929
steered,1.5,vocab_choice,vocab_choice,1.0
steered,1.5,vocab_choice,social_dynamic,0.9879610690843269
steered,1.5,vocab_choice,motivation,0.9537500735699277
steered,1.5,vocab_choice,worldview_alignment,0.9680468804436096
steered,1.5,social_dynamic,emotional_register,0.9830208913062025
steered,1.5,social_dynamic,vocab_choice,0.9879610690843268
steered,1.5,social_dynamic,social_dynamic,1.0
steered,1.5,social_dynamic,motivation,0.9634416537719821
steered,1.5,social_dynamic,worldview_alignment,0.9753242197055754
steered,1.5,motivation,emotional_register,0.9698729388334397
steered,1.5,motivation,vocab_choice,0.9537500735699277
steered,1.5,motivation,social_dynamic,0.9634416537719821
steered,1.5,motivation,motivation,1.0
steered,1.5,motivation,worldview_alignment,0.9952700366364283
steered,1.5,worldview_alignment,emotional_register,0.9806978357182663
steered,1.5,worldview_alignment,vocab_choice,0.9680468804436095
steered,1.5,worldview_alignment,social_dynamic,0.9753242197055754
steered,1.5,worldview_alignment,motivation,0.9952700366364284
steered,1.5,worldview_alignment,worldview_alignment,1.0
steered,2.0,emotional_register,emotional_register,1.0
steered,2.0,emotional_register,vocab_choice,0.963938955840945
steered,2.0,emotional_register,social_dynamic,0.9801395408019002
steered,2.0,emotional_register,motivation,0.9604576921810813
steered,2.0,emotional_register,worldview_alignment,0.9728054969216519
steered,2.0,vocab_choice,emotional_register,0.9639389558409451
steered,2.0,vocab_choice,vocab_choice,1.0
steered,2.0,vocab_choice,social_dynamic,0.9824761892673597
steered,2.0,vocab_choice,motivation,0.9420132679922467
steered,2.0,vocab_choice,worldview_alignment,0.9593208480755856
steered,2.0,social_dynamic,emotional_register,0.9801395408019002
steered,2.0,social_dynamic,vocab_choice,0.9824761892673597
steered,2.0,social_dynamic,social_dynamic,1.0
steered,2.0,social_dynamic,motivation,0.9571985766087163
steered,2.0,social_dynamic,worldview_alignment,0.97116649757651
steered,2.0,motivation,emotional_register,0.9604576921810815
steered,2.0,motivation,vocab_choice,0.9420132679922466
steered,2.0,motivation,social_dynamic,0.9571985766087163
steered,2.0,motivation,motivation,1.0
steered,2.0,motivation,worldview_alignment,0.9941726870165785
steered,2.0,worldview_alignment,emotional_register,0.9728054969216519
steered,2.0,worldview_alignment,vocab_choice,0.9593208480755855
steered,2.0,worldview_alignment,social_dynamic,0.97116649757651
steered,2.0,worldview_alignment,motivation,0.9941726870165783
steered,2.0,worldview_alignment,worldview_alignment,1.0
steered,2.5,emotional_register,emotional_register,1.0
steered,2.5,emotional_register,vocab_choice,0.9447793093859348
steered,2.5,emotional_register,social_dynamic,0.9775541628196734
steered,2.5,emotional_register,motivation,0.9475928899995613
steered,2.5,emotional_register,worldview_alignment,0.956487475417914
steered,2.5,vocab_choice,emotional_register,0.9447793093859349
steered,2.5,vocab_choice,vocab_choice,1.0
steered,2.5,vocab_choice,social_dynamic,0.9665659669041746
steered,2.5,vocab_choice,motivation,0.9000724882811455
steered,2.5,vocab_choice,worldview_alignment,0.9130638621215139
steered,2.5,social_dynamic,emotional_register,0.9775541628196733
steered,2.5,social_dynamic,vocab_choice,0.9665659669041747
steered,2.5,social_dynamic,social_dynamic,1.0
steered,2.5,social_dynamic,motivation,0.9453975463063559
steered,2.5,social_dynamic,worldview_alignment,0.9542863531299092
steered,2.5,motivation,emotional_register,0.9475928899995614
steered,2.5,motivation,vocab_choice,0.9000724882811456
steered,2.5,motivation,social_dynamic,0.945397546306356
steered,2.5,motivation,motivation,1.0
steered,2.5,motivation,worldview_alignment,0.995122740753413
steered,2.5,worldview_alignment,emotional_register,0.9564874754179141
steered,2.5,worldview_alignment,vocab_choice,0.9130638621215138
steered,2.5,worldview_alignment,social_dynamic,0.9542863531299092
steered,2.5,worldview_alignment,motivation,0.995122740753413
steered,2.5,worldview_alignment,worldview_alignment,1.0
assistant_axis,1.0,emotional_register,emotional_register,1.0
assistant_axis,1.0,emotional_register,vocab_choice,0.977776780814805
assistant_axis,1.0,emotional_register,social_dynamic,0.9828192301721833
assistant_axis,1.0,emotional_register,motivation,0.9680557505009117
assistant_axis,1.0,emotional_register,worldview_alignment,0.9809847503818158
assistant_axis,1.0,vocab_choice,emotional_register,0.9777767808148051
assistant_axis,1.0,vocab_choice,vocab_choice,1.0
assistant_axis,1.0,vocab_choice,social_dynamic,0.984074397472563
assistant_axis,1.0,vocab_choice,motivation,0.9486096206778671
assistant_axis,1.0,vocab_choice,worldview_alignment,0.9650493531980421
assistant_axis,1.0,social_dynamic,emotional_register,0.9828192301721833
assistant_axis,1.0,social_dynamic,vocab_choice,0.984074397472563
assistant_axis,1.0,social_dynamic,social_dynamic,1.0
assistant_axis,1.0,social_dynamic,motivation,0.961230222305353
assistant_axis,1.0,social_dynamic,worldview_alignment,0.9730709531490992
assistant_axis,1.0,motivation,emotional_register,0.9680557505009117
assistant_axis,1.0,motivation,vocab_choice,0.948609620677867
assistant_axis,1.0,motivation,social_dynamic,0.961230222305353
assistant_axis,1.0,motivation,motivation,1.0
assistant_axis,1.0,motivation,worldview_alignment,0.9935150288899348
assistant_axis,1.0,worldview_alignment,emotional_register,0.9809847503818157
assistant_axis,1.0,worldview_alignment,vocab_choice,0.9650493531980421
assistant_axis,1.0,worldview_alignment,social_dynamic,0.9730709531490993
assistant_axis,1.0,worldview_alignment,motivation,0.9935150288899349
assistant_axis,1.0,worldview_alignment,worldview_alignment,1.0
assistant_axis,1.5,emotional_register,emotional_register,1.0
assistant_axis,1.5,emotional_register,vocab_choice,0.9772189627806347
assistant_axis,1.5,emotional_register,social_dynamic,0.9840148224829296
assistant_axis,1.5,emotional_register,motivation,0.964805835746879
assistant_axis,1.5,emotional_register,worldview_alignment,0.9783725824502307
assistant_axis,1.5,vocab_choice,emotional_register,0.9772189627806347
assistant_axis,1.5,vocab_choice,vocab_choice,1.0
assistant_axis,1.5,vocab_choice,social_dynamic,0.9825229404979706
assistant_axis,1.5,vocab_choice,motivation,0.9440565029177163
assistant_axis,1.5,vocab_choice,worldview_alignment,0.9631591763278173
assistant_axis,1.5,social_dynamic,emotional_register,0.9840148224829296
assistant_axis,1.5,social_dynamic,vocab_choice,0.9825229404979705
assistant_axis,1.5,social_dynamic,social_dynamic,1.0
assistant_axis,1.5,social_dynamic,motivation,0.9596041704653777
assistant_axis,1.5,social_dynamic,worldview_alignment,0.9715030357707355
assistant_axis,1.5,motivation,emotional_register,0.964805835746879
assistant_axis,1.5,motivation,vocab_choice,0.9440565029177161
assistant_axis,1.5,motivation,social_dynamic,0.9596041704653777
assistant_axis,1.5,motivation,motivation,1.0
assistant_axis,1.5,motivation,worldview_alignment,0.9931279885092478
assistant_axis,1.5,worldview_alignment,emotional_register,0.9783725824502306
assistant_axis,1.5,worldview_alignment,vocab_choice,0.9631591763278174
assistant_axis,1.5,worldview_alignment,social_dynamic,0.9715030357707355
assistant_axis,1.5,worldview_alignment,motivation,0.9931279885092477
assistant_axis,1.5,worldview_alignment,worldview_alignment,1.0
assistant_axis,2.0,emotional_register,emotional_register,1.0
assistant_axis,2.0,emotional_register,vocab_choice,0.9640496202788584
assistant_axis,2.0,emotional_register,social_dynamic,0.9779517781527994
assistant_axis,2.0,emotional_register,motivation,0.9461125759395381
assistant_axis,2.0,emotional_register,worldview_alignment,0.9668020594396348
assistant_axis,2.0,vocab_choice,emotional_register,0.9640496202788584
assistant_axis,2.0,vocab_choice,vocab_choice,1.0
assistant_axis,2.0,vocab_choice,social_dynamic,0.9646271716005027
assistant_axis,2.0,vocab_choice,motivation,0.9002341549438914
assistant_axis,2.0,vocab_choice,worldview_alignment,0.9315610635361581
assistant_axis,2.0,social_dynamic,emotional_register,0.9779517781527994
assistant_axis,2.0,social_dynamic,vocab_choice,0.9646271716005028
assistant_axis,2.0,social_dynamic,social_dynamic,1.0
assistant_axis,2.0,social_dynamic,motivation,0.9410579523138437
assistant_axis,2.0,social_dynamic,worldview_alignment,0.9537727591143783
assistant_axis,2.0,motivation,emotional_register,0.9461125759395382
assistant_axis,2.0,motivation,vocab_choice,0.9002341549438915
assistant_axis,2.0,motivation,social_dynamic,0.9410579523138438
assistant_axis,2.0,motivation,motivation,1.0
assistant_axis,2.0,motivation,worldview_alignment,0.9870552855505251
assistant_axis,2.0,worldview_alignment,emotional_register,0.9668020594396349
assistant_axis,2.0,worldview_alignment,vocab_choice,0.9315610635361581
assistant_axis,2.0,worldview_alignment,social_dynamic,0.9537727591143784
assistant_axis,2.0,worldview_alignment,motivation,0.9870552855505251
assistant_axis,2.0,worldview_alignment,worldview_alignment,1.0
assistant_axis,2.5,emotional_register,emotional_register,1.0
assistant_axis,2.5,emotional_register,vocab_choice,0.8640374420097685
assistant_axis,2.5,emotional_register,social_dynamic,0.958370773752647
assistant_axis,2.5,emotional_register,motivation,0.8735521405401034
assistant_axis,2.5,emotional_register,worldview_alignment,0.9382162018948484
assistant_axis,2.5,vocab_choice,emotional_register,0.8640374420097686
assistant_axis,2.5,vocab_choice,vocab_choice,1.0
assistant_axis,2.5,vocab_choice,social_dynamic,0.8884769250595581
assistant_axis,2.5,vocab_choice,motivation,0.7546495563515475
assistant_axis,2.5,vocab_choice,worldview_alignment,0.8329253775710661
assistant_axis,2.5,social_dynamic,emotional_register,0.958370773752647
assistant_axis,2.5,social_dynamic,vocab_choice,0.8884769250595581
assistant_axis,2.5,social_dynamic,social_dynamic,1.0
assistant_axis,2.5,social_dynamic,motivation,0.8622015365839962
assistant_axis,2.5,social_dynamic,worldview_alignment,0.9166846264858577
assistant_axis,2.5,motivation,emotional_register,0.8735521405401035
assistant_axis,2.5,motivation,vocab_choice,0.7546495563515475
assistant_axis,2.5,motivation,social_dynamic,0.8622015365839962
assistant_axis,2.5,motivation,motivation,1.0
assistant_axis,2.5,motivation,worldview_alignment,0.9661244921679291
assistant_axis,2.5,worldview_alignment,emotional_register,0.9382162018948486
assistant_axis,2.5,worldview_alignment,vocab_choice,0.8329253775710661
assistant_axis,2.5,worldview_alignment,social_dynamic,0.9166846264858576
assistant_axis,2.5,worldview_alignment,motivation,0.9661244921679291
assistant_axis,2.5,worldview_alignment,worldview_alignment,1.0
