role,cos_bare_last,cos_bare_mean,cos_context_last,cos_context_mean
aberration,-0.03499528020620346,-0.0205690935254097,-0.05662624537944794,-0.05662624537944794
absurdist,-0.09045460820198059,-0.06710707396268845,-0.08222104609012604,-0.09050045907497406
accountant,-0.04312954470515251,-0.0039096251130104065,-0.02477565035223961,-0.06646402180194855
activist,-0.06662395596504211,-0.02177843451499939,-0.09945274889469147,-0.10142666101455688
actor,0.03572124242782593,0.03572124242782593,-0.0828261598944664,-0.10093655437231064
addict,-0.08705773949623108,-0.042201582342386246,-0.0605306476354599,-0.08480951935052872
adolescent,-0.09575586766004562,-0.07761217653751373,-0.04822707921266556,-0.08053889125585556
advocate,-0.09761127829551697,-0.0599965937435627,-0.08806900680065155,-0.08919417858123779
alien,0.10447879135608673,0.10447879135608673,-0.014464151114225388,-0.0457545667886734
altruist,-0.09576837718486786,-0.08587300777435303,-0.11713758856058121,-0.11713758856058121
amateur,-0.03039063885807991,0.010912202298641205,-0.0736665427684784,-0.08308736234903336
ambassador,-0.046709269285202026,-0.007350306957960129,-0.06738545000553131,-0.08510671555995941
amnesiac,-0.08496546000242233,-0.061833418905735016,-0.0838899090886116,-0.08996520191431046
analyst,-0.07335816323757172,-0.023228101432323456,-0.07467785477638245,-0.08578857779502869
anarchist,-0.09251785278320312,-0.05580227077007294,-0.030882105231285095,-0.06217077001929283
ancient,-0.0618521049618721,-0.011371340602636337,-0.037385523319244385,-0.06924629956483841
angel,0.08405285328626633,0.08405285328626633,-0.008242778480052948,-0.04902159422636032
anthropologist,-0.07173430919647217,-0.06418421119451523,-0.11240776628255844,-0.11240776628255844
archaeologist,-0.09028703719377518,-0.06977255642414093,-0.1299179196357727,-0.1299179196357727
architect,-0.07260826975107193,-0.04009491950273514,-0.05221482738852501,-0.09516151249408722
archivist,-0.0017777420580387115,0.036232996731996536,-0.009289629757404327,-0.009289629757404327
artisan,0.0805545449256897,0.0805545449256897,-0.032769255340099335,-0.08722080290317535
ascetic,-0.06445677578449249,-0.018274903297424316,-0.06296316534280777,-0.06296316534280777
assistant,-0.02536298707127571,-0.02536298707127571,-0.12828589975833893,-0.12051806598901749
auctioneer,-0.022736385464668274,0.023433931171894073,-0.04691021144390106,-0.04691021144390106
auditor,-0.038493771106004715,-0.002375200390815735,-0.019209451973438263,-0.06814278662204742
avatar,0.06830330193042755,0.06830330193042755,-0.03889275714755058,-0.07282434403896332
bard,0.06531104445457458,0.06531104445457458,-0.06019262969493866,-0.08933204412460327
bartender,-0.03449155017733574,-0.008386414498090744,-0.03469570353627205,-0.0889376699924469
biologist,-0.06256422400474548,-0.02154487371444702,-0.09173104912042618,-0.10010284185409546
blogger,-0.06970159709453583,-0.022385332733392715,-0.10148364305496216,-0.09467996656894684
bohemian,-0.057895854115486145,-0.0570581778883934,-0.0655679851770401,-0.0849674642086029
builder,0.05660278722643852,0.05660278722643852,-0.07361836731433868,-0.11258292943239212
caregiver,-0.07572914659976959,-0.07428236305713654,-0.08918870240449905,-0.10348396003246307
cartographer,-0.007380463182926178,0.02767821028828621,-0.01551475003361702,-0.01551475003361702
caveman,-0.03094644844532013,-0.024790585041046143,-0.03473873436450958,-0.03473873436450958
celebrity,-0.06117556244134903,-0.05859718471765518,-0.06170061230659485,-0.08197063207626343
chameleon,-0.0340789258480072,0.0021794624626636505,-0.03077695518732071,-0.03077695518732071
chef,0.0827462375164032,0.0827462375164032,-0.054597407579422,-0.09607790410518646
chemist,0.074064701795578,0.074064701795578,-0.09219666570425034,-0.09219666570425034
chimera,-0.009897705167531967,0.010666899383068085,-0.008056282997131348,-0.008056282997131348
coach,0.09561703354120255,0.09561703354120255,-0.05872394144535065,-0.08136112242937088
collaborator,-0.08803446590900421,-0.10497557371854782,-0.14760372042655945,-0.14760372042655945
collector,0.09051264822483063,0.09051264822483063,-0.07535307854413986,-0.09271817654371262
comedian,-0.04213373363018036,-0.010016627609729767,-0.05783023312687874,-0.08312181383371353
competitor,-0.045181285589933395,-0.01360953226685524,-0.09675797820091248,-0.09641185402870178
composer,0.08844923973083496,0.08844923973083496,-0.09597708284854889,-0.1041509360074997
conservator,-0.07504847645759583,-0.09006277471780777,-0.09217427670955658,-0.09217427670955658
consultant,-0.07998606562614441,-0.03608033061027527,-0.11735881865024567,-0.11676712334156036
contrarian,-0.08455809950828552,-0.03275708854198456,-0.11425929516553879,-0.11425929516553879
coordinator,-0.08108517527580261,-0.04371807724237442,-0.10627167671918869,-0.11322823911905289
coral_reef,-0.015711627900600433,0.013129014521837234,-0.03597376495599747,-0.03597376495599747
cosmopolitan,-0.08309940248727798,-0.06589362770318985,-0.10428750514984131,-0.10428750514984131
counselor,-0.08681416511535645,-0.0709952712059021,-0.1062481701374054,-0.11028805375099182
criminal,0.0835004523396492,0.0835004523396492,-0.07753122597932816,-0.08907104283571243
critic,-0.10671860724687576,-0.05563276261091232,-0.1204162985086441,-0.10756917297840118
crystalline,-0.021931879222393036,-0.012946199625730515,0.004517819732427597,0.004517819732427597
curator,-0.061210669577121735,-0.01529773697257042,-0.0926237627863884,-0.1009296104311943
cyborg,-0.026868026703596115,0.011859465390443802,-0.036159761250019073,-0.036159761250019073
cynic,-0.05899776890873909,-0.030948113650083542,-0.07055827975273132,-0.07055827975273132
daredevil,-0.025291375815868378,-0.01618800312280655,-0.05310383439064026,-0.05310383439064026
debugger,-0.01801621913909912,0.023525599390268326,-0.028825026005506516,-0.0646418035030365
demon,-0.06552737206220627,-0.025095123797655106,-0.0573146790266037,-0.08876889199018478
designer,-0.048556849360466,-0.005150020122528076,-0.10045108199119568,-0.10440722107887268
destroyer,-0.02513137087225914,0.014308672398328781,-0.03507251292467117,-0.08375714719295502
detective,-0.06188901513814926,-0.019091933965682983,-0.0704897865653038,-0.09219849109649658
devils_advocate,-0.04446355998516083,0.006505783647298813,-0.06723678112030029,-0.04345292970538139
dilettante,-0.04227496683597565,-0.05348929762840271,-0.07796068489551544,-0.09405726194381714
dispatcher,0.09070489555597305,0.09070489555597305,-0.025170356035232544,-0.0713336169719696
divorcee,-0.049860693514347076,-0.04692975804209709,-0.06387169659137726,-0.06387169659137726
doctor,0.08603976666927338,0.08603976666927338,-0.06863690912723541,-0.09015874564647675
dreamer,-0.024422109127044678,0.004871264100074768,-0.030645590275526047,-0.030645590275526047
echo,0.10515470802783966,0.10515470802783966,0.011507458984851837,-0.04615712910890579
economist,-0.0676429346203804,-0.05243626981973648,-0.07983752340078354,-0.08531896024942398
ecosystem,-0.06847961992025375,-0.04284713417291641,-0.06451570242643356,-0.09377321600914001
editor,0.10276329517364502,0.10276329517364502,-0.08120729774236679,-0.09831781685352325
egregore,-0.03891339525580406,-0.041762955486774445,0.014254145324230194,0.014254145324230194
elder,0.1032557263970375,0.1032557263970375,-0.03476452827453613,-0.06831470131874084
eldritch,0.025956932455301285,0.055630043148994446,0.04096982628107071,0.0005974471569061279
emissary,-0.03550245612859726,-0.02590053528547287,-0.09498748928308487,-0.09498748928308487
empath,-0.1065131351351738,-0.06843306124210358,-0.08772441744804382,-0.10511976480484009
engineer,-0.04995182156562805,0.004337038844823837,-0.06891468912363052,-0.0852045938372612
entrepreneur,-0.0592949315905571,-0.014654669910669327,-0.07867613434791565,-0.09818248450756073
evaluator,-0.058903902769088745,-0.01854693330824375,-0.07264010608196259,-0.08764955401420593
evangelist,-0.06929220259189606,-0.058690428733825684,-0.07349732518196106,-0.07349732518196106
examiner,-0.04881906881928444,0.0014590919017791748,-0.05375993251800537,-0.08692385256290436
exile,-0.051887303590774536,-0.008696131408214569,-0.02760196477174759,-0.07604264467954636
expatriate,-0.09128661453723907,-0.06664496660232544,-0.09827197343111038,-0.10537774115800858
facilitator,-0.0749187245965004,-0.08001302182674408,-0.11523953080177307,-0.11523953080177307
familiar,-0.04585692286491394,-0.011377770453691483,-0.06383757293224335,-0.08551189303398132
fixer,-0.034368522465229034,0.0019360855221748352,-0.04475098475813866,-0.04475098475813866
flaneur,-0.03819190710783005,0.005489259958267212,-0.05776269733905792,-0.04299171268939972
fool,-0.044708698987960815,-0.0017171725630760193,-0.04348811134696007,-0.07083161920309067
forecaster,-0.07039513438940048,-0.029558293521404266,-0.09139760583639145,-0.09139760583639145
futurist,-0.071841761469841,-0.066867895424366,-0.09079614281654358,-0.10670710355043411
gamer,-0.032534223049879074,0.012197203934192657,-0.07138671725988388,-0.08633027970790863
generalist,-0.06424282491207123,-0.019959688186645508,-0.08008205890655518,-0.08008205890655518
genie,-0.025012575089931488,0.009855806827545166,-0.027271363884210587,-0.070929154753685
geographer,-0.038576945662498474,-0.0005615837872028351,-0.060536228120326996,-0.060536228120326996
ghost,0.07817963510751724,0.07817963510751724,-0.027506843209266663,-0.07257742434740067
golem,0.02375735342502594,0.053976427763700485,0.019071664661169052,0.019071664661169052
gossip,-0.02362785115838051,0.013257548213005066,-0.033293068408966064,-0.06899233907461166
grader,-0.06541255116462708,-0.028227880597114563,-0.09845299273729324,-0.09845299273729324
graduate,0.05600659176707268,0.05600659176707268,-0.12813085317611694,-0.11170000582933426
grandparent,-0.03704870864748955,-0.00112982839345932,-0.06685515493154526,-0.06685515493154526
guardian,-0.05495033413171768,-4.688650369644165e-05,-0.059365324676036835,-0.082245372235775
guide,0.05765148252248764,0.05765148252248764,-0.08620137721300125,-0.0985836386680603
guru,-0.03437257558107376,0.008077424019575119,-0.06428185105323792,-0.0765070766210556
hacker,-0.035227805376052856,0.009209081530570984,-0.031118974089622498,-0.05630049109458923
healer,-0.021889209747314453,0.01859138533473015,-0.0283052995800972,-0.057646773755550385
hedonist,-0.08806225657463074,-0.07703392952680588,-0.12422902882099152,-0.13855674862861633
hermit,-0.041723817586898804,0.009866274893283844,-0.04456835612654686,-0.04456835612654686
historian,-0.06360626220703125,-0.027485616505146027,-0.1195489913225174,-0.11816653609275818
hive,0.07160261273384094,0.07160261273384094,-0.0014971643686294556,-0.05730944126844406
hoarder,-0.043248772621154785,-0.03472364693880081,-0.06154060363769531,-0.06249051168560982
homunculus,-0.03368934616446495,-0.02431803196668625,-0.049954406917095184,-0.05582870543003082
hybrid,-0.05395045503973961,-0.017371634021401405,-0.11215642839670181,-0.11618725955486298
idealist,-0.0514729879796505,-0.015354778617620468,-0.07229453325271606,-0.07229453325271606
immigrant,-0.061436254531145096,-0.01864556595683098,-0.046161532402038574,-0.07791279256343842
improviser,-0.05605027452111244,-0.06917300820350647,-0.09624531865119934,-0.09624531865119934
infant,-0.03358127176761627,0.002798639237880707,-0.008801594376564026,-0.059237219393253326
influencer,-0.08590495586395264,-0.08058284223079681,-0.1020892858505249,-0.1020892858505249
instructor,-0.09212659299373627,-0.045701511204242706,-0.0658140629529953,-0.07877731323242188
interpreter,0.10111653804779053,0.10111653804779053,-0.03165792301297188,-0.05854284018278122
interviewer,-0.0782599151134491,-0.06732252985239029,-0.06595509499311447,-0.08294080942869186
jester,-0.021475542336702347,0.010086722671985626,-0.01917976886034012,-0.01917976886034012
journalist,-0.06923788040876389,-0.028767088428139687,-0.09953607618808746,-0.10574226826429367
judge,0.08449820429086685,0.08449820429086685,-0.0895429328083992,-0.09758322685956955
lawyer,-0.04217434674501419,0.00012609362602233887,-0.07734313607215881,-0.09013119339942932
leviathan,0.012039165943861008,0.029124215245246887,0.04127446562051773,0.028475597500801086
librarian,-0.044636502861976624,-0.0077289193868637085,-0.08266813308000565,-0.10470348596572876
linguist,-0.08435357362031937,-0.07660648971796036,-0.13260290026664734,-0.13260290026664734
loner,-0.030494946986436844,0.01709543913602829,-0.04808001592755318,-0.04808001592755318
luddite,-0.053179074078798294,-0.02551891654729843,-0.073387011885643,-0.065218485891819
marketer,-0.05197971686720848,-0.009073678404092789,-0.08402165025472641,-0.09653393924236298
martyr,-0.024880293756723404,-0.010006487369537354,-0.028681889176368713,-0.06698958575725555
mathematician,-0.053177524358034134,-0.037134505808353424,-0.11311893165111542,-0.11311893165111542
maverick,-0.036280520260334015,-0.010689683258533478,-0.05719159543514252,-0.05956985428929329
mechanic,-0.05898672342300415,-0.06538218259811401,-0.05972404405474663,-0.0949460119009018
mediator,-0.05401981621980667,-0.028476085513830185,-0.05925200134515762,-0.08189166337251663
mentor,0.07699520885944366,0.07699520885944366,-0.1351926326751709,-0.11440320312976837
merchant,0.07457632571458817,0.07457632571458817,-0.09014914929866791,-0.11580701172351837
minimalist,-0.03790517896413803,0.019218046218156815,-0.03604179620742798,-0.05892159044742584
moderator,-0.05364072322845459,-0.018406428396701813,-0.10737130045890808,-0.10676402598619461
musician,-0.049895353615283966,-0.013475693762302399,-0.10387952625751495,-0.11405918002128601
mycorrhizal,-0.04400969296693802,-0.025125011801719666,-0.04428386688232422,-0.027317695319652557
mystic,-0.031794220209121704,-0.029483363032341003,-0.049837686121463776,-0.049837686121463776
narcissist,-0.0738907977938652,-0.08254260569810867,-0.07117896527051926,-0.07117896527051926
narrator,-0.09077492356300354,-0.09965568035840988,-0.10515707731246948,-0.1034332811832428
naturalist,-0.08702751249074936,-0.04577116295695305,-0.08640414476394653,-0.08640414476394653
navigator,0.08102122694253922,0.08102122694253922,-0.058721575886011124,-0.09402679651975632
negotiator,-0.0897936150431633,-0.07128896564245224,-0.12308450043201447,-0.12308450043201447
networker,-0.04170769080519676,-6.768107414245605e-05,-0.051203858107328415,-0.051203858107328415
newlywed,-0.039547212421894073,-0.0322435200214386,-0.06388845294713974,-0.06388845294713974
nomad,-0.042773351073265076,-0.009403843432664871,-0.05787116661667824,-0.05787116661667824
novelist,-0.08346398919820786,-0.040364913642406464,-0.1324431300163269,-0.11758045852184296
nutritionist,0.002729412168264389,0.052823297679424286,-0.05483627691864967,-0.05483627691864967
observer,0.06072153151035309,0.06072153151035309,-0.05550524592399597,-0.07561039179563522
optimist,-0.055255990475416183,-0.01768837496638298,-0.08333709836006165,-0.08333709836006165
oracle,0.07540997117757797,0.07540997117757797,-0.033564113080501556,-0.06566302478313446
organizer,-0.03918696939945221,-0.0003378279507160187,-0.05232624709606171,-0.06835970282554626
orphan,-0.03590954840183258,0.009828343987464905,-0.03833506256341934,-0.07308778166770935
pacifist,-0.09530182182788849,-0.0833839699625969,-0.13914507627487183,-0.15094700455665588
paramedic,-0.04562712460756302,-0.006783723831176758,-0.023310117423534393,-0.023310117423534393
parasite,-0.036506012082099915,-0.029355913400650024,-0.008524507284164429,-0.06068025529384613
parent,0.09007466584444046,0.09007466584444046,-0.09081454575061798,-0.08845556527376175
patient,0.10769974440336227,0.10769974440336227,-0.0830647274851799,-0.09302816540002823
peacekeeper,-0.028678396716713905,0.007227256894111633,-0.06990756839513779,-0.06990756839513779
perfectionist,-0.07123538851737976,-0.055555231869220734,-0.09149730205535889,-0.09149730205535889
pharmacist,-0.03394421190023422,-0.04677297919988632,-0.054055407643318176,-0.08744633942842484
philosopher,-0.06828607618808746,-0.022276360541582108,-0.10304318368434906,-0.0955367237329483
photographer,-0.04298187792301178,-0.0017525814473628998,-0.07224345207214355,-0.09697505831718445
physicist,-0.04742765426635742,-0.01823233813047409,-0.07385975122451782,-0.08173511177301407
pilgrim,-0.0426085963845253,-0.03510361537337303,-0.08883708715438843,-0.08883708715438843
pilot,-0.039715394377708435,0.005069531500339508,-0.05901159346103668,-0.08732591569423676
pirate,-0.026208624243736267,0.008454494178295135,-0.0335850864648819,-0.08627801388502121
planner,-0.04474502429366112,-0.0001811981201171875,-0.06470762193202972,-0.084813192486763
playwright,-0.04062231630086899,-0.002233903855085373,-0.09004174172878265,-0.09196639060974121
podcaster,-0.035974811762571335,0.007401794195175171,-0.07741957157850266,-0.07741957157850266
poet,-0.058582790195941925,-0.017385713756084442,-0.08175940066576004,-0.09380179643630981
polymath,-0.05695318058133125,-0.04100620746612549,-0.11923409253358841,-0.11923409253358841
pragmatist,-0.10964677482843399,-0.10775740444660187,-0.12436358630657196,-0.1341085433959961
predator,-0.016967669129371643,0.013529002666473389,-0.03237425535917282,-0.07687705755233765
presenter,-0.044987477362155914,-0.006440509110689163,-0.08938143402338028,-0.09298162162303925
prey,-0.028504975140094757,0.0016999170184135437,-0.038542911410331726,-0.07239720225334167
prisoner,-0.04565264284610748,-0.0013408586382865906,-0.0522548109292984,-0.0798988789319992
procrastinator,-0.07407919317483902,-0.052423398941755295,-0.09026852995157242,-0.09026852995157242
prodigy,-0.01991642452776432,0.01834610104560852,-0.07230447232723236,-0.07230447232723236
producer,0.09105856716632843,0.09105856716632843,-0.09516702592372894,-0.09929244220256805
programmer,-0.04421906918287277,0.0035178735852241516,-0.09249574691057205,-0.09056656062602997
proofreader,-0.061734870076179504,-0.026730407029390335,-0.11088377237319946,-0.11088377237319946
prophet,-0.005712863057851791,0.023198913782835007,-0.019505850970745087,-0.05258208513259888
provincial,-0.06156162917613983,-0.02836095169186592,-0.07265531271696091,-0.10104303061962128
provocateur,-0.040238313376903534,-0.03440017253160477,-0.07510478794574738,-0.07510478794574738
psychologist,-0.06317777931690216,-0.01797332614660263,-0.08327937126159668,-0.08714126795530319
publisher,0.051707491278648376,0.051707491278648376,-0.10129571706056595,-0.10574313253164291
purist,-0.025992263108491898,0.019401125609874725,-0.035565443336963654,-0.035565443336963654
realist,-0.057536542415618896,-0.008972715586423874,-0.07175829261541367,-0.07175829261541367
rebel,-0.06102956086397171,-0.022139612585306168,-0.07735879719257355,-0.0929744765162468
recruiter,-0.08782351016998291,-0.07507108896970749,-0.10793723165988922,-0.11810909956693649
refugee,-0.06193944811820984,-0.05731862038373947,-0.06609215587377548,-0.0892055332660675
reporter,-0.06762401759624481,-0.026597853749990463,-0.0869079977273941,-0.10274779051542282
researcher,-0.080241858959198,-0.03145444393157959,-0.1259835809469223,-0.10447670519351959
retiree,-0.057365596294403076,-0.05039697140455246,-0.10521136224269867,-0.10521136224269867
revenant,-0.02729974314570427,-0.011892609298229218,-0.02332846075296402,-0.02332846075296402
reviewer,-0.09686197340488434,-0.05406605079770088,-0.09446278214454651,-0.10947208106517792
revolutionary,-0.09333543479442596,-0.035329245030879974,-0.08543682098388672,-0.09649868309497833
robot,0.09739343076944351,0.09739343076944351,-0.030185014009475708,-0.06222563982009888
rogue,-0.025232210755348206,0.020924992859363556,-0.05703149735927582,-0.07272776961326599
romantic,-0.08470146358013153,-0.039746932685375214,-0.09219664335250854,-0.10234963893890381
saboteur,-0.024803150445222855,-0.028292492032051086,-0.04413192719221115,-0.05303550511598587
sage,-0.03863585740327835,-0.001223057508468628,-0.07741666585206985,-0.08908984065055847
scheduler,0.08199699968099594,0.08199699968099594,-0.05137764662504196,-0.08437355607748032
scholar,-0.1093333512544632,-0.0488404706120491,-0.12695398926734924,-0.10992462933063507
scientist,-0.07311093807220459,-0.02012542262673378,-0.1085183322429657,-0.10705288499593735
scout,-0.031238505616784096,0.009272173047065735,-0.04020814597606659,-0.06469397991895676
screener,-0.05047868192195892,-0.049853309988975525,-0.04929470270872116,-0.04929470270872116
secretary,-0.03528440743684769,0.00913882628083229,-0.04413894563913345,-0.0756172388792038
shaman,-0.01912827044725418,0.01316060870885849,-0.0365750677883625,-0.0365750677883625
shapeshifter,-0.0327119417488575,-0.0015711188316345215,-0.06726771593093872,-0.0452900230884552
simulacrum,-0.004593409597873688,-0.02175046131014824,0.0272064246237278,-0.007115945219993591
skeptic,-0.09640419483184814,-0.07237616926431656,-0.12387215346097946,-0.12348692119121552
smuggler,-0.03477862849831581,-0.011125419288873672,-0.04295960068702698,-0.04295960068702698
sociologist,-0.059693191200494766,-0.05155294016003609,-0.08580520004034042,-0.08580520004034042
soldier,-0.01975645124912262,0.02739473432302475,-0.04218883067369461,-0.07697048783302307
sommelier,-0.027549706399440765,-0.019550256431102753,-0.09682370722293854,-0.08529889583587646
specialist,-0.0731980949640274,-0.017356935888528824,-0.11025707423686981,-0.10282982885837555
spirit,0.0666230320930481,0.0666230320930481,-0.030476681888103485,-0.0743999034166336
spy,0.09526146203279495,0.09526146203279495,-0.06019005924463272,-0.07892733812332153
statistician,-0.052741385996341705,-0.04807780683040619,-0.09738338738679886,-0.09738338738679886
stoic,-0.03152530640363693,0.02221120148897171,-0.04889359325170517,-0.04889359325170517
strategist,-0.09273339807987213,-0.07514461129903793,-0.10044645518064499,-0.1034952774643898
student,0.09435785561800003,0.09435785561800003,-0.10868752747774124,-0.09875336289405823
summarizer,-0.06324565410614014,-0.08265210688114166,-0.09092313051223755,-0.09092313051223755
supervisor,-0.06604929268360138,-0.022379614412784576,-0.09474226087331772,-0.08539297431707382
surfer,0.0007837042212486267,0.023660246282815933,-0.0015152022242546082,-0.0015152022242546082
survivor,-0.07383573055267334,-0.07649285346269608,-0.10230415314435959,-0.10764876008033752
swarm,0.009435363113880157,0.039596736431121826,0.02162274345755577,-0.035882145166397095
symbiont,-0.06088971346616745,-0.04579782485961914,-0.04963425174355507,-0.0429244190454483
synthesizer,-0.016251131892204285,0.0015253350138664246,-0.042062170803546906,-0.042062170803546906
teacher,0.06771299988031387,0.06771299988031387,-0.11331687867641449,-0.10976167023181915
technologist,-0.045822106301784515,-0.0014512017369270325,-0.08458355814218521,-0.08458355814218521
teenager,-0.04950425401329994,-0.007475595921278,-0.07805858552455902,-0.08327208459377289
theorist,-0.08380308747291565,-0.07340192794799805,-0.11770448088645935,-0.11770448088645935
therapist,-0.06475692987442017,-0.025408323854207993,-0.09251908957958221,-0.09027381986379623
toddler,-0.04601970314979553,-0.020563028752803802,-0.04453105852007866,-0.08519800752401352
traditionalist,-0.08169155567884445,-0.03411336615681648,-0.09714782238006592,-0.09714782238006592
trainer,0.09279998391866684,0.09279998391866684,-0.09139221906661987,-0.1043417751789093
translator,0.10069791972637177,0.10069791972637177,-0.07323571294546127,-0.07998962700366974
tree,0.08096214383840561,0.08096214383840561,-0.0575081892311573,-0.08529367297887802
trickster,-0.025234971195459366,-0.01900610327720642,-0.024539124220609665,-0.024539124220609665
tulpa,-0.030070604756474495,-0.02491327002644539,-0.029693860560655594,-0.029693860560655594
tutor,-0.07414108514785767,-0.03591334819793701,-0.12184520065784454,-0.12407265603542328
validator,0.08760568499565125,0.08760568499565125,-0.049603234976530075,-0.07594496011734009
vampire,-0.025279879570007324,0.022092361003160477,-0.013160228729248047,-0.05527766793966293
vegan,-0.015914244577288628,0.01773853972554207,-0.033060409128665924,-0.05632980912923813
veteran,-0.05378798767924309,-0.03824305534362793,-0.08196418732404709,-0.10302909463644028
veterinarian,-0.06003877520561218,-0.05616910010576248,-0.044352300465106964,-0.07725611329078674
vigilante,-0.07361171394586563,-0.061507124453783035,-0.07264953851699829,-0.07264953851699829
virtuoso,-0.017795296385884285,-0.015948127955198288,-0.0738997608423233,-0.10435596108436584
virus,-0.035187266767024994,-0.005309533327817917,-0.03150816634297371,-0.07116368412971497
visionary,-0.07180632650852203,-0.030534476041793823,-0.09395794570446014,-0.09589843451976776
void,0.09160447865724564,0.09160447865724564,0.01018960028886795,-0.047271791845560074
wanderer,-0.04487503692507744,-0.03578485548496246,-0.07440409064292908,-0.07440409064292908
warrior,-0.027847357094287872,0.01675589010119438,-0.04117036983370781,-0.06149494647979736
whale,-0.0009858906269073486,0.02098242938518524,0.015208378434181213,-0.05439760535955429
widow,-0.028530139476060867,-0.008204549551010132,-0.03609916567802429,-0.08005183190107346
wind,0.08199046552181244,0.08199046552181244,-0.023560836911201477,-0.06775287538766861
witch,0.060629405081272125,0.060629405081272125,-0.020568035542964935,-0.05596166104078293
witness,-0.08229637145996094,-0.04080052673816681,-0.10233214497566223,-0.12196533381938934
workaholic,-0.04372969642281532,-0.02506425231695175,-0.07120080292224884,-0.06243494153022766
wraith,0.021830841898918152,0.05130435898900032,0.014895468950271606,0.014895468950271606
writer,0.09904300421476364,0.09904300421476364,-0.13920184969902039,-0.12003783136606216
zealot,-0.03989801183342934,-0.01598525047302246,-0.05933397635817528,-0.05933397635817528
zeitgeist,-0.03441878408193588,0.014561451971530914,-0.07572492957115173,-0.07572492957115173
